Order_ID,Customer,Product,Plant,Region,Order_Date,Requested_Delivery_Date,Scheduled_Ship_Date,Actual_Ship_Date,Actual_Delivery_Date,Quantity,Shipping_Mode,Delay_Reason
ORD-00001,Customer 22,Contactor,Plant C,Export,2026-06-13,2026-06-21,2026-06-20,2026-06-18,2026-06-19,75,Road,No Delay
ORD-00002,Customer 15,Sensor,Plant A,Central,2026-01-24,2026-02-04,2026-02-02,2026-01-31,2026-02-03,1439,Air,No Delay
ORD-00003,Customer 12,Drive,Plant C,South,2026-03-29,2026-04-11,2026-04-09,2026-04-08,2026-04-09,98,Sea,No Delay
ORD-00004,Customer 20,Drive,Plant C,Central,2026-04-28,2026-05-20,2026-05-19,2026-05-26,2026-05-28,1452,Road,Customer Change
ORD-00005,Customer 27,Drive,Plant A,South,2026-01-12,2026-01-24,2026-01-21,2026-01-25,2026-01-28,737,Road,Customer Change
ORD-00006,Customer 09,PLC,Plant C,South,2026-06-21,2026-07-04,2026-07-03,2026-07-01,2026-07-02,124,Road,No Delay
ORD-00007,Customer 13,Switchgear,Plant A,South,2026-01-09,2026-01-24,2026-01-20,2026-01-18,2026-01-22,295,Road,No Delay
ORD-00008,Customer 05,Switchgear,Plant A,North,2026-05-24,2026-06-15,2026-06-12,2026-06-11,2026-06-14,234,Road,No Delay
ORD-00009,Customer 17,Sensor,Plant C,North,2026-06-10,2026-06-20,2026-06-16,2026-06-15,2026-06-20,1403,Sea,No Delay
ORD-00010,Customer 15,Breaker,Plant C,South,2026-01-30,2026-02-21,2026-02-18,2026-02-17,2026-02-20,1035,Road,No Delay
ORD-00011,Customer 06,Breaker,Plant C,South,2026-05-10,2026-05-18,2026-05-15,2026-05-15,2026-05-18,1010,Road,No Delay
ORD-00012,Customer 27,Contactor,Plant C,Central,2026-01-29,2026-02-14,2026-02-11,2026-02-09,2026-02-11,272,Sea,No Delay
ORD-00013,Customer 25,PLC,Plant C,South,2026-05-02,2026-05-24,2026-05-22,2026-05-22,2026-05-24,827,Sea,No Delay
ORD-00014,Customer 11,Breaker,Plant C,Central,2026-06-16,2026-07-02,2026-06-28,2026-06-27,2026-07-01,1215,Road,No Delay
ORD-00015,Customer 09,Switchgear,Plant A,Central,2026-01-02,2026-01-09,2026-01-08,2026-01-06,2026-01-07,1491,Sea,No Delay
ORD-00016,Customer 14,Drive,Plant B,Export,2026-05-28,2026-06-17,2026-06-15,2026-06-14,2026-06-15,966,Sea,No Delay
ORD-00017,Customer 07,Switchgear,Plant A,Export,2026-01-14,2026-02-08,2026-02-07,2026-02-07,2026-02-08,385,Air,No Delay
ORD-00018,Customer 18,Breaker,Plant A,Central,2026-04-29,2026-05-11,2026-05-10,2026-05-10,2026-05-11,350,Air,No Delay
ORD-00019,Customer 30,Switchgear,Plant B,Export,2026-05-05,2026-05-25,2026-05-23,2026-05-21,2026-05-29,1436,Sea,Carrier Delay
ORD-00020,Customer 02,Drive,Plant A,North,2026-05-23,2026-06-12,2026-06-10,2026-06-08,2026-06-11,1206,Air,No Delay
ORD-00021,Customer 03,PLC,Plant B,North,2026-05-09,2026-05-30,2026-05-28,2026-05-28,2026-05-30,1176,Road,No Delay
ORD-00022,Customer 23,Drive,Plant A,South,2026-05-29,2026-06-22,2026-06-21,2026-06-20,2026-06-21,820,Road,No Delay
ORD-00023,Customer 19,Contactor,Plant A,Central,2026-06-21,2026-07-16,2026-07-13,2026-07-11,2026-07-14,1046,Air,No Delay
ORD-00024,Customer 18,Sensor,Plant C,North,2026-02-03,2026-02-19,2026-02-18,2026-02-17,2026-02-18,1377,Sea,No Delay
ORD-00025,Customer 07,Drive,Plant A,South,2026-03-18,2026-03-26,2026-03-24,2026-03-22,2026-03-24,1045,Air,No Delay
ORD-00026,Customer 05,Sensor,Plant A,Export,2026-03-06,2026-03-12,2026-03-11,2026-03-10,2026-03-11,1139,Sea,No Delay
ORD-00027,Customer 19,Relay,Plant B,Central,2026-04-20,2026-05-12,2026-05-11,2026-05-11,2026-05-13,95,Air,Carrier Delay
ORD-00028,Customer 29,Power Supply,Plant C,Central,2026-04-04,2026-04-10,2026-04-07,2026-04-05,2026-04-08,494,Road,No Delay
ORD-00029,Customer 26,Contactor,Plant B,North,2026-02-15,2026-03-05,2026-03-04,2026-03-03,2026-03-04,973,Road,No Delay
ORD-00030,Customer 13,Drive,Plant B,North,2026-02-21,2026-03-12,2026-03-09,2026-03-07,2026-03-09,581,Air,No Delay
ORD-00031,Customer 09,Relay,Plant C,South,2026-06-14,2026-07-05,2026-07-01,2026-07-01,2026-07-04,88,Road,No Delay
ORD-00032,Customer 04,Power Supply,Plant C,Central,2026-06-02,2026-06-20,2026-06-17,2026-06-16,2026-06-20,531,Road,No Delay
ORD-00033,Customer 22,Drive,Plant C,South,2026-04-22,2026-04-27,2026-04-22,2026-04-22,2026-04-27,1368,Road,No Delay
ORD-00034,Customer 07,Power Supply,Plant C,Export,2026-03-18,2026-04-08,2026-04-05,2026-04-04,2026-04-07,1397,Sea,No Delay
ORD-00035,Customer 14,Drive,Plant B,Export,2026-02-14,2026-03-10,2026-03-05,2026-03-05,2026-03-10,915,Sea,No Delay
ORD-00036,Customer 22,Drive,Plant A,Central,2026-02-24,2026-03-17,2026-03-13,2026-03-13,2026-03-16,1387,Air,No Delay
ORD-00037,Customer 03,Switchgear,Plant B,Central,2026-02-27,2026-03-10,2026-03-08,2026-03-06,2026-03-09,1481,Sea,No Delay
ORD-00038,Customer 08,Relay,Plant C,Export,2026-04-09,2026-04-29,2026-04-25,2026-04-25,2026-04-28,112,Sea,No Delay
ORD-00039,Customer 24,Power Supply,Plant C,Export,2026-03-05,2026-03-13,2026-03-09,2026-03-08,2026-03-12,335,Sea,No Delay
ORD-00040,Customer 09,Switchgear,Plant A,South,2026-05-02,2026-05-21,2026-05-18,2026-05-18,2026-05-22,490,Air,Production Delay
ORD-00041,Customer 23,PLC,Plant A,Export,2026-03-27,2026-04-11,2026-04-06,2026-04-04,2026-04-09,844,Air,No Delay
ORD-00042,Customer 01,Power Supply,Plant B,North,2026-05-19,2026-06-07,2026-06-03,2026-06-02,2026-06-07,730,Air,No Delay
ORD-00043,Customer 14,Switchgear,Plant A,Export,2026-04-10,2026-04-28,2026-04-23,2026-04-23,2026-04-28,698,Sea,No Delay
ORD-00044,Customer 22,Breaker,Plant A,Export,2026-06-23,2026-07-10,2026-07-08,2026-07-06,2026-07-08,287,Air,No Delay
ORD-00045,Customer 29,Power Supply,Plant B,Export,2026-02-16,2026-02-22,2026-02-19,2026-02-17,2026-02-20,526,Road,No Delay
ORD-00046,Customer 21,Breaker,Plant A,Central,2026-05-01,2026-05-06,2026-05-01,2026-04-30,2026-05-04,418,Road,No Delay
ORD-00047,Customer 23,Sensor,Plant B,Central,2026-06-09,2026-06-18,2026-06-16,2026-06-16,2026-06-19,1250,Sea,Documentation Issue
ORD-00048,Customer 13,Power Supply,Plant C,Central,2026-01-30,2026-02-09,2026-02-06,2026-02-04,2026-02-08,165,Sea,No Delay
ORD-00049,Customer 12,Power Supply,Plant C,South,2026-06-26,2026-07-21,2026-07-19,2026-07-18,2026-07-21,151,Sea,No Delay
ORD-00050,Customer 21,Switchgear,Plant C,Central,2026-06-15,2026-06-30,2026-06-29,2026-06-28,2026-06-29,901,Road,No Delay
ORD-00051,Customer 24,Sensor,Plant B,Central,2026-05-14,2026-06-08,2026-06-05,2026-06-05,2026-06-08,187,Air,No Delay
ORD-00052,Customer 28,Drive,Plant A,Export,2026-04-26,2026-05-08,2026-05-04,2026-05-04,2026-05-08,444,Air,No Delay
ORD-00053,Customer 08,Power Supply,Plant B,Central,2026-03-08,2026-03-23,2026-03-20,2026-03-20,2026-03-25,1424,Air,Material Shortage
ORD-00054,Customer 08,Sensor,Plant C,South,2026-06-15,2026-07-05,2026-07-01,2026-06-29,2026-07-03,979,Sea,No Delay
ORD-00055,Customer 08,Contactor,Plant C,Central,2026-05-16,2026-06-01,2026-05-28,2026-06-03,2026-06-07,656,Road,Carrier Delay
ORD-00056,Customer 17,Sensor,Plant A,Central,2026-05-18,2026-05-28,2026-05-26,2026-05-25,2026-05-28,616,Road,No Delay
ORD-00057,Customer 02,Sensor,Plant C,Central,2026-04-03,2026-04-13,2026-04-10,2026-04-10,2026-04-13,1316,Air,No Delay
ORD-00058,Customer 02,Sensor,Plant B,North,2026-01-27,2026-02-01,2026-01-27,2026-01-26,2026-01-31,143,Air,No Delay
ORD-00059,Customer 10,Contactor,Plant A,North,2026-05-06,2026-05-13,2026-05-08,2026-05-06,2026-05-11,1152,Air,No Delay
ORD-00060,Customer 10,Power Supply,Plant B,North,2026-06-05,2026-06-29,2026-06-24,2026-06-24,2026-06-29,1258,Sea,No Delay
ORD-00061,Customer 03,Relay,Plant A,Export,2026-01-26,2026-02-06,2026-02-04,2026-02-02,2026-02-04,932,Sea,No Delay
ORD-00062,Customer 08,Sensor,Plant C,Central,2026-06-02,2026-06-22,2026-06-19,2026-06-18,2026-06-21,880,Road,No Delay
ORD-00063,Customer 10,Sensor,Plant B,North,2026-05-20,2026-06-01,2026-05-30,2026-05-28,2026-05-29,969,Sea,No Delay
ORD-00064,Customer 29,Power Supply,Plant C,South,2026-03-19,2026-04-05,2026-04-02,2026-04-01,2026-04-03,1246,Air,No Delay
ORD-00065,Customer 25,Relay,Plant B,Export,2026-01-07,2026-01-14,2026-01-12,2026-01-12,2026-01-14,579,Road,No Delay
ORD-00066,Customer 04,Relay,Plant B,Export,2026-05-30,2026-06-17,2026-06-13,2026-06-21,2026-06-25,1430,Air,Customer Change
ORD-00067,Customer 25,Power Supply,Plant C,North,2026-03-15,2026-04-01,2026-03-27,2026-03-25,2026-03-30,1356,Sea,No Delay
ORD-00068,Customer 07,Sensor,Plant C,Central,2026-04-29,2026-05-17,2026-05-16,2026-05-15,2026-05-16,599,Air,No Delay
ORD-00069,Customer 01,Power Supply,Plant A,Central,2026-06-28,2026-07-18,2026-07-17,2026-07-17,2026-07-18,242,Air,No Delay
ORD-00070,Customer 27,Switchgear,Plant B,Central,2026-01-31,2026-02-25,2026-02-23,2026-02-23,2026-02-26,945,Sea,Documentation Issue
ORD-00071,Customer 26,Power Supply,Plant B,South,2026-02-07,2026-02-24,2026-02-22,2026-02-22,2026-02-23,15,Air,No Delay
ORD-00072,Customer 11,Power Supply,Plant B,South,2026-03-18,2026-04-10,2026-04-05,2026-04-13,2026-04-18,396,Sea,Carrier Delay
ORD-00073,Customer 23,Power Supply,Plant B,Central,2026-03-03,2026-03-26,2026-03-22,2026-03-21,2026-03-25,1024,Road,No Delay
ORD-00074,Customer 15,Breaker,Plant C,Central,2026-02-02,2026-02-23,2026-02-18,2026-02-16,2026-02-20,849,Sea,No Delay
ORD-00075,Customer 21,Contactor,Plant B,Export,2026-02-09,2026-02-16,2026-02-12,2026-02-11,2026-02-16,658,Sea,No Delay
ORD-00076,Customer 14,Contactor,Plant C,North,2026-05-05,2026-05-27,2026-05-26,2026-05-24,2026-05-25,918,Road,No Delay
ORD-00077,Customer 05,PLC,Plant C,Export,2026-06-27,2026-07-11,2026-07-10,2026-07-08,2026-07-09,1169,Sea,No Delay
ORD-00078,Customer 05,PLC,Plant B,South,2026-02-16,2026-02-26,2026-02-24,2026-02-23,2026-02-25,951,Air,No Delay
ORD-00079,Customer 12,Sensor,Plant C,Export,2026-06-20,2026-06-25,2026-06-21,2026-06-21,2026-06-24,1423,Air,No Delay
ORD-00080,Customer 19,Sensor,Plant C,South,2026-04-27,2026-05-11,2026-05-09,2026-05-17,2026-05-19,54,Sea,Carrier Delay
ORD-00081,Customer 25,PLC,Plant C,South,2026-04-12,2026-04-25,2026-04-24,2026-04-24,2026-04-26,458,Sea,Carrier Delay
ORD-00082,Customer 21,Breaker,Plant B,Export,2026-02-18,2026-03-14,2026-03-11,2026-03-11,2026-03-13,78,Sea,No Delay
ORD-00083,Customer 26,Drive,Plant C,South,2026-04-04,2026-04-13,2026-04-12,2026-04-11,2026-04-12,346,Air,No Delay
ORD-00084,Customer 08,Power Supply,Plant C,South,2026-05-04,2026-05-18,2026-05-15,2026-05-14,2026-05-17,194,Air,No Delay
ORD-00085,Customer 21,Drive,Plant A,Central,2026-01-04,2026-01-17,2026-01-12,2026-01-11,2026-01-17,975,Road,No Delay
ORD-00086,Customer 10,Power Supply,Plant A,Central,2026-06-08,2026-06-30,2026-06-27,2026-06-25,2026-06-28,102,Road,No Delay
ORD-00087,Customer 22,Power Supply,Plant C,Central,2026-03-19,2026-04-08,2026-04-07,2026-04-07,2026-04-08,859,Sea,No Delay
ORD-00088,Customer 15,PLC,Plant B,North,2026-01-26,2026-02-15,2026-02-10,2026-02-09,2026-02-14,1414,Air,No Delay
ORD-00089,Customer 27,Switchgear,Plant A,Central,2026-05-20,2026-06-14,2026-06-11,2026-06-10,2026-06-12,1324,Sea,No Delay
ORD-00090,Customer 27,PLC,Plant C,Central,2026-06-02,2026-06-07,2026-06-06,2026-06-04,2026-06-06,487,Air,No Delay
ORD-00091,Customer 06,Contactor,Plant C,North,2026-02-07,2026-03-03,2026-03-02,2026-02-28,2026-03-02,279,Road,No Delay
ORD-00092,Customer 14,Contactor,Plant C,North,2026-04-02,2026-04-14,2026-04-09,2026-04-07,2026-04-11,985,Air,No Delay
ORD-00093,Customer 17,Sensor,Plant B,North,2026-04-03,2026-04-24,2026-04-19,2026-04-19,2026-04-25,134,Air,Customer Change
ORD-00094,Customer 05,Contactor,Plant A,South,2026-04-13,2026-05-01,2026-04-30,2026-04-29,2026-04-30,1288,Sea,No Delay
ORD-00095,Customer 14,Contactor,Plant C,North,2026-05-30,2026-06-21,2026-06-18,2026-06-18,2026-06-21,1350,Sea,No Delay
ORD-00096,Customer 13,Power Supply,Plant C,North,2026-05-22,2026-06-02,2026-05-29,2026-05-27,2026-05-31,650,Air,No Delay
ORD-00097,Customer 03,Contactor,Plant B,North,2026-03-22,2026-04-04,2026-04-01,2026-04-01,2026-04-03,773,Road,No Delay
ORD-00098,Customer 28,Power Supply,Plant C,North,2026-05-23,2026-05-29,2026-05-24,2026-05-24,2026-05-28,599,Sea,No Delay
ORD-00099,Customer 04,Drive,Plant C,South,2026-03-21,2026-04-06,2026-04-05,2026-04-03,2026-04-04,245,Air,No Delay
ORD-00100,Customer 09,Breaker,Plant A,South,2026-05-27,2026-06-08,2026-06-04,2026-06-04,2026-06-09,1449,Air,Customer Change
ORD-00101,Customer 21,Breaker,Plant A,Central,2026-03-28,2026-04-13,2026-04-12,2026-04-10,2026-04-11,780,Air,No Delay
ORD-00102,Customer 05,Relay,Plant C,North,2026-04-27,2026-05-12,2026-05-10,2026-05-10,2026-05-13,1390,Road,Material Shortage
ORD-00103,Customer 17,Contactor,Plant B,Export,2026-03-11,2026-03-30,2026-03-26,2026-03-25,2026-03-29,237,Air,No Delay
ORD-00104,Customer 20,Breaker,Plant A,Central,2026-06-23,2026-07-16,2026-07-12,2026-07-11,2026-07-15,627,Road,No Delay
ORD-00105,Customer 13,PLC,Plant C,South,2026-02-05,2026-02-18,2026-02-15,2026-02-13,2026-02-16,157,Air,No Delay
ORD-00106,Customer 13,Power Supply,Plant B,North,2026-01-11,2026-01-29,2026-01-28,2026-01-26,2026-01-28,839,Road,No Delay
ORD-00107,Customer 04,PLC,Plant B,Export,2026-03-25,2026-04-04,2026-03-30,2026-03-30,2026-04-03,1083,Road,No Delay
ORD-00108,Customer 17,PLC,Plant B,South,2026-04-12,2026-04-26,2026-04-23,2026-04-21,2026-04-25,1499,Sea,No Delay
ORD-00109,Customer 25,Contactor,Plant A,Export,2026-02-07,2026-02-19,2026-02-18,2026-02-16,2026-02-18,960,Sea,No Delay
ORD-00110,Customer 03,Switchgear,Plant B,South,2026-05-29,2026-06-17,2026-06-12,2026-06-12,2026-06-17,572,Sea,No Delay
ORD-00111,Customer 27,Sensor,Plant A,North,2026-01-15,2026-01-31,2026-01-26,2026-01-25,2026-01-29,1269,Sea,No Delay
ORD-00112,Customer 19,PLC,Plant B,Export,2026-05-10,2026-05-27,2026-05-23,2026-05-23,2026-05-27,1036,Road,No Delay
ORD-00113,Customer 02,PLC,Plant C,Export,2026-01-16,2026-02-04,2026-02-03,2026-02-02,2026-02-04,909,Sea,No Delay
ORD-00114,Customer 22,Breaker,Plant C,South,2026-05-14,2026-06-07,2026-06-05,2026-06-04,2026-06-06,144,Air,No Delay
ORD-00115,Customer 22,Relay,Plant B,South,2026-01-25,2026-02-16,2026-02-12,2026-02-12,2026-02-16,1353,Sea,No Delay
ORD-00116,Customer 26,Drive,Plant A,North,2026-06-19,2026-07-06,2026-07-04,2026-07-02,2026-07-05,1333,Sea,No Delay
ORD-00117,Customer 25,Switchgear,Plant A,Central,2026-04-19,2026-05-10,2026-05-07,2026-05-06,2026-05-09,291,Road,No Delay
ORD-00118,Customer 20,Relay,Plant C,Export,2026-01-20,2026-02-03,2026-02-02,2026-02-02,2026-02-03,325,Road,No Delay
ORD-00119,Customer 08,Switchgear,Plant C,South,2026-02-16,2026-03-12,2026-03-10,2026-03-08,2026-03-10,929,Road,No Delay
ORD-00120,Customer 15,Switchgear,Plant B,Export,2026-05-17,2026-05-29,2026-05-26,2026-06-03,2026-06-06,1039,Sea,Capacity Constraint
ORD-00121,Customer 28,Drive,Plant C,North,2026-04-18,2026-04-28,2026-04-26,2026-04-24,2026-04-25,1466,Sea,No Delay
ORD-00122,Customer 14,Contactor,Plant A,Export,2026-02-01,2026-02-15,2026-02-14,2026-02-13,2026-02-15,725,Road,No Delay
ORD-00123,Customer 01,Drive,Plant A,South,2026-04-17,2026-04-23,2026-04-19,2026-04-17,2026-04-20,309,Road,No Delay
ORD-00124,Customer 29,Contactor,Plant A,South,2026-01-10,2026-01-24,2026-01-20,2026-01-18,2026-01-22,451,Road,No Delay
ORD-00125,Customer 08,Power Supply,Plant C,Export,2026-05-21,2026-06-14,2026-06-09,2026-06-08,2026-06-13,138,Road,No Delay
ORD-00126,Customer 01,Drive,Plant A,Export,2026-05-08,2026-06-01,2026-05-27,2026-05-27,2026-06-01,393,Sea,No Delay
ORD-00127,Customer 21,Power Supply,Plant B,South,2026-06-21,2026-06-28,2026-06-23,2026-06-25,2026-06-30,43,Air,Material Shortage
ORD-00128,Customer 05,Breaker,Plant B,South,2026-01-18,2026-02-03,2026-02-01,2026-02-01,2026-02-04,1326,Road,Carrier Delay
ORD-00129,Customer 07,Breaker,Plant A,North,2026-06-25,2026-07-14,2026-07-10,2026-07-08,2026-07-12,656,Air,No Delay
ORD-00130,Customer 25,Breaker,Plant C,South,2026-05-12,2026-05-29,2026-05-24,2026-05-22,2026-05-27,569,Road,No Delay
ORD-00131,Customer 16,Drive,Plant C,South,2026-04-05,2026-04-23,2026-04-19,2026-04-18,2026-04-22,179,Sea,No Delay
ORD-00132,Customer 11,Sensor,Plant B,Export,2026-04-19,2026-04-26,2026-04-22,2026-04-20,2026-04-24,1244,Sea,No Delay
ORD-00133,Customer 09,Breaker,Plant A,Export,2026-04-20,2026-04-30,2026-04-26,2026-04-24,2026-04-29,754,Sea,No Delay
ORD-00134,Customer 08,Drive,Plant B,Export,2026-06-23,2026-07-03,2026-07-02,2026-07-02,2026-07-03,1171,Road,No Delay
ORD-00135,Customer 17,Drive,Plant B,South,2026-06-04,2026-06-13,2026-06-09,2026-06-08,2026-06-11,1340,Air,No Delay
ORD-00136,Customer 25,Sensor,Plant C,Export,2026-03-05,2026-03-13,2026-03-12,2026-03-11,2026-03-13,449,Sea,No Delay
ORD-00137,Customer 15,Contactor,Plant C,South,2026-03-15,2026-04-04,2026-04-02,2026-03-31,2026-04-02,1377,Air,No Delay
ORD-00138,Customer 17,PLC,Plant A,Central,2026-01-17,2026-02-08,2026-02-03,2026-02-02,2026-02-07,294,Road,No Delay
ORD-00139,Customer 29,Contactor,Plant A,South,2026-05-07,2026-05-12,2026-05-09,2026-05-08,2026-05-12,825,Sea,No Delay
ORD-00140,Customer 21,Contactor,Plant B,Export,2026-05-03,2026-05-24,2026-05-20,2026-05-20,2026-05-24,1402,Sea,No Delay
ORD-00141,Customer 28,Breaker,Plant A,Central,2026-03-30,2026-04-08,2026-04-03,2026-04-01,2026-04-06,632,Road,No Delay
ORD-00142,Customer 21,Sensor,Plant A,South,2026-02-11,2026-02-26,2026-02-24,2026-02-24,2026-02-25,1268,Sea,No Delay
ORD-00143,Customer 24,Drive,Plant C,North,2026-01-24,2026-02-14,2026-02-12,2026-02-12,2026-02-14,68,Road,No Delay
ORD-00144,Customer 16,Sensor,Plant C,South,2026-01-12,2026-02-06,2026-02-01,2026-01-30,2026-02-05,999,Road,No Delay
ORD-00145,Customer 16,Switchgear,Plant A,South,2026-06-25,2026-07-12,2026-07-09,2026-07-09,2026-07-12,1252,Road,No Delay
ORD-00146,Customer 08,Switchgear,Plant A,South,2026-03-22,2026-04-06,2026-04-03,2026-04-06,2026-04-10,930,Road,Carrier Delay
ORD-00147,Customer 29,Relay,Plant B,South,2026-02-06,2026-02-14,2026-02-13,2026-02-12,2026-02-13,398,Road,No Delay
ORD-00148,Customer 13,Switchgear,Plant A,Central,2026-05-08,2026-05-29,2026-05-25,2026-05-24,2026-05-27,1204,Air,No Delay
ORD-00149,Customer 28,Contactor,Plant B,Central,2026-01-13,2026-01-19,2026-01-16,2026-01-16,2026-01-19,551,Sea,No Delay
ORD-00150,Customer 03,Power Supply,Plant C,Export,2026-04-04,2026-04-21,2026-04-18,2026-04-16,2026-04-19,1136,Air,No Delay
ORD-00151,Customer 11,Drive,Plant A,Central,2026-06-09,2026-07-03,2026-07-02,2026-06-30,2026-07-01,1243,Sea,No Delay
ORD-00152,Customer 05,Relay,Plant B,South,2026-04-13,2026-05-04,2026-05-03,2026-05-01,2026-05-02,342,Air,No Delay
ORD-00153,Customer 12,Drive,Plant C,North,2026-06-07,2026-06-21,2026-06-16,2026-06-16,2026-06-22,863,Sea,Material Shortage
ORD-00154,Customer 06,Power Supply,Plant A,Central,2026-03-20,2026-04-14,2026-04-13,2026-04-12,2026-04-13,74,Sea,No Delay
ORD-00155,Customer 07,Power Supply,Plant C,Export,2026-06-29,2026-07-07,2026-07-05,2026-07-04,2026-07-06,1499,Road,No Delay
ORD-00156,Customer 06,Switchgear,Plant C,South,2026-06-30,2026-07-09,2026-07-04,2026-07-03,2026-07-09,1128,Air,No Delay
ORD-00157,Customer 08,Sensor,Plant B,Central,2026-06-23,2026-07-18,2026-07-15,2026-07-13,2026-07-16,1423,Sea,No Delay
ORD-00158,Customer 22,Power Supply,Plant B,South,2026-05-06,2026-05-21,2026-05-17,2026-05-17,2026-05-21,309,Air,No Delay
ORD-00159,Customer 27,Sensor,Plant C,South,2026-01-11,2026-01-25,2026-01-24,2026-01-23,2026-01-24,291,Road,No Delay
ORD-00160,Customer 14,Drive,Plant C,Export,2026-06-07,2026-06-30,2026-06-28,2026-06-28,2026-06-30,215,Sea,No Delay
ORD-00161,Customer 25,Sensor,Plant B,South,2026-02-05,2026-02-10,2026-02-05,2026-02-08,2026-02-13,1332,Road,Production Delay
ORD-00162,Customer 27,Relay,Plant A,Export,2026-01-23,2026-02-17,2026-02-12,2026-02-12,2026-02-17,1024,Road,No Delay
ORD-00163,Customer 21,Switchgear,Plant A,Export,2026-03-16,2026-03-22,2026-03-21,2026-03-21,2026-03-22,568,Road,No Delay
ORD-00164,Customer 19,PLC,Plant A,Export,2026-01-29,2026-02-13,2026-02-11,2026-02-11,2026-02-16,885,Sea,Carrier Delay
ORD-00165,Customer 08,Breaker,Plant B,Export,2026-03-25,2026-04-01,2026-03-28,2026-03-26,2026-03-30,492,Air,No Delay
ORD-00166,Customer 23,PLC,Plant A,North,2026-03-10,2026-03-25,2026-03-22,2026-03-22,2026-03-25,963,Air,No Delay
ORD-00167,Customer 10,Drive,Plant C,Central,2026-02-10,2026-02-27,2026-02-22,2026-02-22,2026-02-26,458,Road,No Delay
ORD-00168,Customer 30,Switchgear,Plant C,Central,2026-05-03,2026-05-12,2026-05-08,2026-05-08,2026-05-12,516,Sea,No Delay
ORD-00169,Customer 04,Breaker,Plant C,Central,2026-06-02,2026-06-09,2026-06-04,2026-06-04,2026-06-08,1182,Sea,No Delay
ORD-00170,Customer 16,Contactor,Plant C,Export,2026-02-08,2026-02-18,2026-02-15,2026-02-14,2026-02-17,123,Air,No Delay
ORD-00171,Customer 13,Sensor,Plant A,Central,2026-02-03,2026-02-24,2026-02-20,2026-02-18,2026-02-22,1194,Road,No Delay
ORD-00172,Customer 16,Breaker,Plant B,Export,2026-01-12,2026-01-30,2026-01-27,2026-01-27,2026-01-29,378,Road,No Delay
ORD-00173,Customer 22,Relay,Plant C,South,2026-06-14,2026-07-09,2026-07-05,2026-07-04,2026-07-08,252,Road,No Delay
ORD-00174,Customer 15,Power Supply,Plant C,Export,2026-05-18,2026-06-04,2026-05-30,2026-05-28,2026-06-01,480,Road,No Delay
ORD-00175,Customer 14,Breaker,Plant A,Central,2026-04-28,2026-05-14,2026-05-12,2026-05-12,2026-05-13,147,Road,No Delay
ORD-00176,Customer 13,Switchgear,Plant A,Central,2026-06-02,2026-06-08,2026-06-04,2026-06-04,2026-06-08,125,Road,No Delay
ORD-00177,Customer 27,Drive,Plant A,South,2026-05-09,2026-05-23,2026-05-21,2026-05-21,2026-05-24,303,Sea,Customer Change
ORD-00178,Customer 02,Drive,Plant C,Export,2026-05-14,2026-05-26,2026-05-22,2026-05-20,2026-05-24,1084,Air,No Delay
ORD-00179,Customer 28,PLC,Plant B,Central,2026-06-28,2026-07-16,2026-07-12,2026-07-11,2026-07-16,958,Road,No Delay
ORD-00180,Customer 11,Contactor,Plant B,South,2026-05-24,2026-06-11,2026-06-07,2026-06-05,2026-06-09,199,Sea,No Delay
ORD-00181,Customer 25,PLC,Plant B,Central,2026-02-18,2026-02-24,2026-02-21,2026-02-21,2026-02-23,691,Air,No Delay
ORD-00182,Customer 23,PLC,Plant B,Central,2026-01-04,2026-01-15,2026-01-13,2026-01-11,2026-01-13,1140,Air,No Delay
ORD-00183,Customer 29,Switchgear,Plant B,North,2026-03-14,2026-03-31,2026-03-27,2026-03-26,2026-03-30,1489,Air,No Delay
ORD-00184,Customer 19,Power Supply,Plant B,Central,2026-03-23,2026-04-03,2026-03-31,2026-03-29,2026-04-08,411,Air,Capacity Constraint
ORD-00185,Customer 16,Switchgear,Plant B,Central,2026-02-28,2026-03-17,2026-03-12,2026-03-11,2026-03-16,731,Road,No Delay
ORD-00186,Customer 27,Breaker,Plant A,Export,2026-02-05,2026-02-27,2026-02-23,2026-02-23,2026-02-28,291,Sea,Material Shortage
ORD-00187,Customer 21,Switchgear,Plant C,Export,2026-03-01,2026-03-08,2026-03-06,2026-03-06,2026-03-08,42,Road,No Delay
ORD-00188,Customer 17,Power Supply,Plant A,North,2026-05-17,2026-06-08,2026-06-04,2026-06-04,2026-06-09,207,Sea,Material Shortage
ORD-00189,Customer 03,Drive,Plant B,Export,2026-02-08,2026-02-20,2026-02-18,2026-02-17,2026-02-19,1167,Road,No Delay
ORD-00190,Customer 13,Switchgear,Plant A,North,2026-06-28,2026-07-10,2026-07-07,2026-07-05,2026-07-07,1449,Road,No Delay
ORD-00191,Customer 08,PLC,Plant C,Export,2026-01-22,2026-02-11,2026-02-07,2026-02-06,2026-02-11,565,Road,No Delay
ORD-00192,Customer 05,Power Supply,Plant A,South,2026-01-20,2026-02-02,2026-01-28,2026-01-26,2026-02-04,342,Sea,Capacity Constraint
ORD-00193,Customer 05,Contactor,Plant C,South,2026-03-03,2026-03-26,2026-03-22,2026-03-22,2026-03-26,119,Road,No Delay
ORD-00194,Customer 09,Switchgear,Plant B,Central,2026-04-22,2026-05-04,2026-05-03,2026-05-03,2026-05-04,738,Sea,No Delay
ORD-00195,Customer 10,PLC,Plant C,North,2026-04-07,2026-04-25,2026-04-23,2026-04-23,2026-04-24,178,Air,No Delay
ORD-00196,Customer 10,Switchgear,Plant B,South,2026-02-09,2026-02-26,2026-02-24,2026-02-23,2026-02-24,219,Road,No Delay
ORD-00197,Customer 12,Contactor,Plant C,South,2026-01-23,2026-02-02,2026-01-29,2026-01-29,2026-02-01,798,Road,No Delay
ORD-00198,Customer 13,Relay,Plant A,South,2026-03-16,2026-04-03,2026-03-30,2026-03-30,2026-04-04,626,Air,Customer Change
ORD-00199,Customer 03,Drive,Plant B,Central,2026-05-07,2026-05-16,2026-05-15,2026-05-14,2026-05-15,1486,Sea,No Delay
ORD-00200,Customer 27,Power Supply,Plant B,Export,2026-05-07,2026-05-31,2026-05-26,2026-05-24,2026-06-04,695,Air,Carrier Delay
ORD-00201,Customer 13,Drive,Plant B,Export,2026-06-16,2026-07-10,2026-07-08,2026-07-08,2026-07-10,1189,Road,No Delay
ORD-00202,Customer 07,Relay,Plant C,North,2026-03-25,2026-04-11,2026-04-08,2026-04-07,2026-04-09,1499,Air,No Delay
ORD-00203,Customer 10,PLC,Plant B,Central,2026-02-23,2026-03-14,2026-03-11,2026-03-09,2026-03-12,1474,Air,No Delay
ORD-00204,Customer 14,Breaker,Plant B,North,2026-04-07,2026-04-14,2026-04-10,2026-04-18,2026-04-23,233,Road,Customer Change
ORD-00205,Customer 14,Contactor,Plant A,North,2026-06-18,2026-07-04,2026-07-02,2026-06-30,2026-07-02,539,Road,No Delay
ORD-00206,Customer 15,Relay,Plant B,North,2026-05-11,2026-06-01,2026-05-27,2026-05-27,2026-06-01,998,Road,No Delay
ORD-00207,Customer 15,PLC,Plant C,Export,2026-03-17,2026-04-04,2026-04-03,2026-04-03,2026-04-04,723,Air,No Delay
ORD-00208,Customer 11,Contactor,Plant C,Central,2026-01-25,2026-02-13,2026-02-09,2026-02-08,2026-02-11,509,Sea,No Delay
ORD-00209,Customer 21,Relay,Plant A,Export,2026-02-14,2026-03-08,2026-03-06,2026-03-05,2026-03-07,820,Road,No Delay
ORD-00210,Customer 25,Contactor,Plant C,North,2026-06-07,2026-06-18,2026-06-14,2026-06-13,2026-06-17,1109,Road,No Delay
ORD-00211,Customer 11,Power Supply,Plant C,Export,2026-04-04,2026-04-19,2026-04-17,2026-04-16,2026-04-19,1212,Road,No Delay
ORD-00212,Customer 05,Drive,Plant A,Central,2026-03-31,2026-04-16,2026-04-12,2026-04-12,2026-04-17,635,Road,Customer Change
ORD-00213,Customer 06,Switchgear,Plant C,Central,2026-02-16,2026-03-04,2026-03-02,2026-03-01,2026-03-04,1146,Road,No Delay
ORD-00214,Customer 16,Relay,Plant A,Export,2026-05-06,2026-05-20,2026-05-18,2026-05-17,2026-05-19,1160,Sea,No Delay
ORD-00215,Customer 19,Breaker,Plant A,South,2026-06-17,2026-07-07,2026-07-03,2026-07-02,2026-07-06,76,Air,No Delay
ORD-00216,Customer 19,Contactor,Plant B,South,2026-02-27,2026-03-21,2026-03-18,2026-03-17,2026-03-21,1120,Road,No Delay
ORD-00217,Customer 15,Sensor,Plant B,North,2026-04-23,2026-05-15,2026-05-13,2026-05-15,2026-05-17,909,Road,Material Shortage
ORD-00218,Customer 26,PLC,Plant A,North,2026-03-02,2026-03-13,2026-03-08,2026-03-08,2026-03-13,1177,Air,No Delay
ORD-00219,Customer 28,Contactor,Plant A,Export,2026-05-17,2026-05-30,2026-05-25,2026-05-24,2026-05-29,131,Air,No Delay
ORD-00220,Customer 22,Power Supply,Plant B,Central,2026-06-17,2026-06-26,2026-06-24,2026-06-24,2026-06-26,1192,Sea,No Delay
ORD-00221,Customer 09,Drive,Plant B,Export,2026-03-10,2026-04-04,2026-03-31,2026-03-29,2026-04-02,680,Sea,No Delay
ORD-00222,Customer 13,PLC,Plant B,Central,2026-01-01,2026-01-08,2026-01-04,2026-01-04,2026-01-07,1023,Air,No Delay
ORD-00223,Customer 25,Breaker,Plant A,North,2026-03-24,2026-04-07,2026-04-04,2026-04-02,2026-04-05,1292,Air,No Delay
ORD-00224,Customer 30,Relay,Plant C,South,2026-01-05,2026-01-13,2026-01-11,2026-01-09,2026-01-11,335,Air,No Delay
ORD-00225,Customer 10,PLC,Plant B,North,2026-01-24,2026-02-18,2026-02-15,2026-02-14,2026-02-16,1451,Road,No Delay
ORD-00226,Customer 01,Drive,Plant A,Export,2026-01-01,2026-01-12,2026-01-08,2026-01-08,2026-01-13,1431,Road,Material Shortage
ORD-00227,Customer 29,Sensor,Plant A,Export,2026-05-03,2026-05-10,2026-05-08,2026-05-08,2026-05-09,282,Sea,No Delay
ORD-00228,Customer 07,Relay,Plant B,Export,2026-06-23,2026-07-02,2026-07-01,2026-06-29,2026-06-30,454,Road,No Delay
ORD-00229,Customer 05,PLC,Plant B,North,2026-01-26,2026-02-04,2026-02-03,2026-02-02,2026-02-03,518,Sea,No Delay
ORD-00230,Customer 20,PLC,Plant C,Export,2026-06-03,2026-06-27,2026-06-22,2026-06-22,2026-06-27,615,Sea,No Delay
ORD-00231,Customer 29,Breaker,Plant B,South,2026-01-14,2026-01-26,2026-01-22,2026-01-20,2026-01-25,280,Air,No Delay
ORD-00232,Customer 09,PLC,Plant A,North,2026-05-26,2026-06-13,2026-06-10,2026-06-08,2026-06-14,825,Sea,Material Shortage
ORD-00233,Customer 18,Relay,Plant B,North,2026-03-15,2026-04-09,2026-04-04,2026-04-03,2026-04-07,644,Road,No Delay
ORD-00234,Customer 24,PLC,Plant A,Central,2026-05-11,2026-05-22,2026-05-20,2026-05-19,2026-05-21,186,Air,No Delay
ORD-00235,Customer 01,Relay,Plant B,South,2026-01-30,2026-02-18,2026-02-13,2026-02-12,2026-02-20,1081,Sea,Customer Change
ORD-00236,Customer 14,Sensor,Plant C,North,2026-03-08,2026-03-18,2026-03-15,2026-03-14,2026-03-16,548,Sea,No Delay
ORD-00237,Customer 19,Relay,Plant B,Central,2026-05-28,2026-06-22,2026-06-21,2026-06-21,2026-06-22,532,Road,No Delay
ORD-00238,Customer 16,Drive,Plant B,Central,2026-05-27,2026-06-04,2026-06-02,2026-05-31,2026-06-01,376,Road,No Delay
ORD-00239,Customer 03,Drive,Plant A,North,2026-05-22,2026-06-16,2026-06-12,2026-06-10,2026-06-14,377,Road,No Delay
ORD-00240,Customer 18,Switchgear,Plant A,South,2026-05-13,2026-05-19,2026-05-15,2026-05-14,2026-05-18,420,Air,No Delay
ORD-00241,Customer 18,PLC,Plant A,North,2026-05-25,2026-06-08,2026-06-03,2026-06-02,2026-06-07,849,Road,No Delay
ORD-00242,Customer 24,Sensor,Plant A,Central,2026-03-01,2026-03-23,2026-03-20,2026-03-20,2026-03-27,1095,Road,Customer Change
ORD-00243,Customer 29,Power Supply,Plant C,South,2026-04-18,2026-05-08,2026-05-07,2026-05-10,2026-05-11,948,Sea,Production Delay
ORD-00244,Customer 02,Power Supply,Plant C,Central,2026-01-22,2026-02-14,2026-02-13,2026-02-13,2026-02-14,494,Air,No Delay
ORD-00245,Customer 08,Contactor,Plant A,Central,2026-03-08,2026-03-23,2026-03-19,2026-03-19,2026-03-23,1207,Road,No Delay
ORD-00246,Customer 25,PLC,Plant B,South,2026-02-09,2026-02-17,2026-02-15,2026-02-14,2026-02-15,958,Air,No Delay
ORD-00247,Customer 11,Relay,Plant A,Central,2026-01-31,2026-02-07,2026-02-05,2026-02-04,2026-02-06,738,Air,No Delay
ORD-00248,Customer 18,PLC,Plant A,Export,2026-05-12,2026-05-18,2026-05-15,2026-05-13,2026-05-16,218,Road,No Delay
ORD-00249,Customer 12,Contactor,Plant C,South,2026-02-01,2026-02-06,2026-02-05,2026-02-03,2026-02-04,163,Road,No Delay
ORD-00250,Customer 15,Breaker,Plant A,Export,2026-01-17,2026-01-28,2026-01-24,2026-01-22,2026-01-25,1493,Air,No Delay
ORD-00251,Customer 09,Sensor,Plant B,Central,2026-05-08,2026-05-13,2026-05-09,2026-05-07,2026-05-11,80,Sea,No Delay
ORD-00252,Customer 03,Sensor,Plant B,Central,2026-06-08,2026-07-02,2026-06-30,2026-06-29,2026-07-02,868,Road,No Delay
ORD-00253,Customer 12,Switchgear,Plant C,Export,2026-06-14,2026-07-05,2026-07-03,2026-07-03,2026-07-05,714,Sea,No Delay
ORD-00254,Customer 29,Sensor,Plant A,Export,2026-05-09,2026-05-24,2026-05-20,2026-05-18,2026-05-23,1094,Air,No Delay
ORD-00255,Customer 26,Breaker,Plant A,Export,2026-05-30,2026-06-11,2026-06-09,2026-06-09,2026-06-11,736,Road,No Delay
ORD-00256,Customer 12,Relay,Plant C,Central,2026-02-15,2026-02-27,2026-02-22,2026-02-22,2026-02-28,1018,Sea,Customer Change
ORD-00257,Customer 17,Switchgear,Plant A,South,2026-03-21,2026-03-31,2026-03-27,2026-03-25,2026-03-30,1267,Road,No Delay
ORD-00258,Customer 23,Relay,Plant A,South,2026-02-03,2026-02-18,2026-02-16,2026-02-15,2026-02-16,158,Air,No Delay
ORD-00259,Customer 24,Power Supply,Plant C,Export,2026-06-30,2026-07-17,2026-07-12,2026-07-11,2026-07-16,1339,Air,No Delay
ORD-00260,Customer 23,Sensor,Plant A,Central,2026-02-14,2026-03-08,2026-03-03,2026-03-01,2026-03-06,13,Sea,No Delay
ORD-00261,Customer 04,Switchgear,Plant A,South,2026-05-27,2026-06-13,2026-06-08,2026-06-08,2026-06-14,169,Road,Capacity Constraint
ORD-00262,Customer 23,Contactor,Plant B,South,2026-03-30,2026-04-14,2026-04-12,2026-04-10,2026-04-16,231,Sea,Production Delay
ORD-00263,Customer 13,Drive,Plant C,Export,2026-01-01,2026-01-07,2026-01-03,2026-01-02,2026-01-06,217,Air,No Delay
ORD-00264,Customer 09,Contactor,Plant A,South,2026-05-28,2026-06-22,2026-06-20,2026-06-18,2026-06-20,358,Air,No Delay
ORD-00265,Customer 29,Switchgear,Plant C,North,2026-02-11,2026-02-18,2026-02-13,2026-02-11,2026-02-17,893,Sea,No Delay
ORD-00266,Customer 14,Sensor,Plant C,South,2026-02-12,2026-03-08,2026-03-04,2026-03-02,2026-03-06,619,Road,No Delay
ORD-00267,Customer 14,Contactor,Plant B,Export,2026-01-25,2026-01-31,2026-01-27,2026-01-26,2026-01-29,418,Road,No Delay
ORD-00268,Customer 13,Switchgear,Plant B,South,2026-01-07,2026-01-18,2026-01-16,2026-01-14,2026-01-15,196,Sea,No Delay
ORD-00269,Customer 09,Switchgear,Plant B,South,2026-05-20,2026-06-06,2026-06-04,2026-06-03,2026-06-05,473,Air,No Delay
ORD-00270,Customer 26,Power Supply,Plant C,Central,2026-05-25,2026-05-31,2026-05-29,2026-05-29,2026-05-30,1143,Road,No Delay
ORD-00271,Customer 29,Breaker,Plant C,Central,2026-04-10,2026-05-01,2026-04-27,2026-05-05,2026-05-09,256,Air,Documentation Issue
ORD-00272,Customer 22,Power Supply,Plant A,Central,2026-02-14,2026-02-24,2026-02-22,2026-02-20,2026-02-22,1228,Air,No Delay
ORD-00273,Customer 30,Breaker,Plant C,Export,2026-03-23,2026-03-30,2026-03-29,2026-03-28,2026-03-29,240,Air,No Delay
ORD-00274,Customer 26,Sensor,Plant C,South,2026-02-08,2026-02-17,2026-02-12,2026-02-10,2026-02-16,851,Air,No Delay
ORD-00275,Customer 05,Power Supply,Plant A,Export,2026-04-09,2026-05-04,2026-04-30,2026-04-29,2026-05-03,688,Sea,No Delay
ORD-00276,Customer 10,Sensor,Plant B,Export,2026-03-02,2026-03-08,2026-03-04,2026-03-03,2026-03-07,1435,Sea,No Delay
ORD-00277,Customer 14,Contactor,Plant A,Export,2026-01-26,2026-02-07,2026-02-05,2026-02-05,2026-02-07,442,Air,No Delay
ORD-00278,Customer 17,Power Supply,Plant A,North,2026-05-05,2026-05-26,2026-05-23,2026-05-23,2026-05-25,365,Road,No Delay
ORD-00279,Customer 27,Switchgear,Plant C,Export,2026-02-21,2026-02-27,2026-02-25,2026-02-23,2026-02-25,1311,Road,No Delay
ORD-00280,Customer 16,Drive,Plant B,Central,2026-06-24,2026-06-29,2026-06-27,2026-06-27,2026-06-29,539,Sea,No Delay
ORD-00281,Customer 07,PLC,Plant C,Central,2026-06-26,2026-07-03,2026-06-30,2026-06-28,2026-07-02,1397,Road,No Delay
ORD-00282,Customer 21,Relay,Plant C,North,2026-03-10,2026-04-04,2026-03-31,2026-03-31,2026-04-04,468,Air,No Delay
ORD-00283,Customer 15,Sensor,Plant C,Export,2026-06-05,2026-06-19,2026-06-16,2026-06-15,2026-06-18,1207,Road,No Delay
ORD-00284,Customer 16,Contactor,Plant B,South,2026-01-02,2026-01-23,2026-01-20,2026-01-20,2026-01-23,1321,Air,No Delay
ORD-00285,Customer 26,Power Supply,Plant C,South,2026-03-12,2026-03-25,2026-03-22,2026-03-22,2026-03-24,1404,Road,No Delay
ORD-00286,Customer 19,PLC,Plant B,Central,2026-01-07,2026-02-01,2026-01-28,2026-02-02,2026-02-06,1415,Sea,Material Shortage
ORD-00287,Customer 05,Sensor,Plant C,Central,2026-06-13,2026-07-03,2026-06-30,2026-06-28,2026-07-01,1402,Air,No Delay
ORD-00288,Customer 11,Drive,Plant B,South,2026-06-17,2026-06-24,2026-06-22,2026-06-22,2026-06-24,959,Road,No Delay
ORD-00289,Customer 17,Contactor,Plant C,Export,2026-05-01,2026-05-07,2026-05-02,2026-05-02,2026-05-07,1095,Air,No Delay
ORD-00290,Customer 29,Switchgear,Plant A,South,2026-04-16,2026-04-22,2026-04-20,2026-04-18,2026-04-20,1475,Road,No Delay
ORD-00291,Customer 25,Relay,Plant C,Central,2026-01-21,2026-02-10,2026-02-07,2026-02-05,2026-02-13,1012,Road,Production Delay
ORD-00292,Customer 02,PLC,Plant C,South,2026-02-03,2026-02-27,2026-02-23,2026-02-22,2026-02-26,38,Air,No Delay
ORD-00293,Customer 12,Sensor,Plant A,North,2026-05-16,2026-05-27,2026-05-26,2026-05-26,2026-05-27,795,Sea,No Delay
ORD-00294,Customer 17,Drive,Plant B,Central,2026-05-31,2026-06-14,2026-06-12,2026-06-10,2026-06-12,711,Air,No Delay
ORD-00295,Customer 05,PLC,Plant C,North,2026-04-02,2026-04-13,2026-04-11,2026-04-10,2026-04-12,1217,Sea,No Delay
ORD-00296,Customer 20,Breaker,Plant C,North,2026-02-13,2026-02-21,2026-02-18,2026-02-16,2026-02-19,1365,Road,No Delay
ORD-00297,Customer 09,Switchgear,Plant C,Central,2026-06-17,2026-06-22,2026-06-21,2026-06-20,2026-06-21,430,Sea,No Delay
ORD-00298,Customer 23,Relay,Plant B,North,2026-06-25,2026-07-20,2026-07-19,2026-07-19,2026-07-21,1057,Sea,Capacity Constraint
ORD-00299,Customer 25,Sensor,Plant C,Central,2026-06-08,2026-06-16,2026-06-13,2026-06-11,2026-06-14,743,Sea,No Delay
ORD-00300,Customer 01,Breaker,Plant C,North,2026-04-15,2026-04-29,2026-04-27,2026-04-26,2026-04-28,236,Sea,No Delay
ORD-00301,Customer 21,PLC,Plant B,South,2026-06-21,2026-07-11,2026-07-09,2026-07-09,2026-07-10,550,Air,No Delay
ORD-00302,Customer 04,Contactor,Plant A,North,2026-01-13,2026-01-21,2026-01-19,2026-01-18,2026-01-20,293,Sea,No Delay
ORD-00303,Customer 11,Relay,Plant A,Export,2026-06-15,2026-06-25,2026-06-22,2026-06-21,2026-06-23,829,Air,No Delay
ORD-00304,Customer 24,Breaker,Plant A,North,2026-03-11,2026-03-28,2026-03-24,2026-03-24,2026-03-27,862,Sea,No Delay
ORD-00305,Customer 22,Relay,Plant B,Export,2026-05-04,2026-05-27,2026-05-23,2026-05-22,2026-05-27,241,Air,No Delay
ORD-00306,Customer 19,PLC,Plant C,South,2026-04-23,2026-04-29,2026-04-28,2026-04-27,2026-04-29,1073,Sea,No Delay
ORD-00307,Customer 22,Power Supply,Plant A,North,2026-06-26,2026-07-20,2026-07-19,2026-07-19,2026-07-20,33,Sea,No Delay
ORD-00308,Customer 11,Sensor,Plant A,Central,2026-02-10,2026-03-03,2026-02-27,2026-02-25,2026-03-01,1137,Sea,No Delay
ORD-00309,Customer 15,Drive,Plant A,Export,2026-04-07,2026-04-24,2026-04-22,2026-04-21,2026-04-22,1348,Road,No Delay
ORD-00310,Customer 20,Sensor,Plant C,Central,2026-01-27,2026-02-13,2026-02-09,2026-02-09,2026-02-12,1350,Sea,No Delay
ORD-00311,Customer 20,Switchgear,Plant C,South,2026-04-27,2026-05-12,2026-05-09,2026-05-07,2026-05-10,1476,Air,No Delay
ORD-00312,Customer 23,Contactor,Plant A,Central,2026-01-30,2026-02-07,2026-02-05,2026-02-04,2026-02-07,1018,Road,No Delay
ORD-00313,Customer 27,PLC,Plant C,South,2026-04-15,2026-04-23,2026-04-20,2026-04-18,2026-04-21,230,Air,No Delay
ORD-00314,Customer 05,Switchgear,Plant A,North,2026-01-12,2026-02-06,2026-02-01,2026-01-31,2026-02-06,1143,Air,No Delay
ORD-00315,Customer 22,Drive,Plant C,Export,2026-05-30,2026-06-19,2026-06-14,2026-06-12,2026-06-17,867,Sea,No Delay
ORD-00316,Customer 05,Power Supply,Plant C,South,2026-06-27,2026-07-09,2026-07-06,2026-07-05,2026-07-08,1446,Sea,No Delay
ORD-00317,Customer 05,Relay,Plant C,South,2026-03-22,2026-04-13,2026-04-11,2026-04-11,2026-04-13,1464,Road,No Delay
ORD-00318,Customer 26,Breaker,Plant C,North,2026-04-01,2026-04-23,2026-04-19,2026-04-19,2026-04-24,61,Air,Documentation Issue
ORD-00319,Customer 02,Sensor,Plant A,North,2026-02-07,2026-02-13,2026-02-12,2026-02-10,2026-02-11,744,Air,No Delay
ORD-00320,Customer 26,Sensor,Plant C,North,2026-01-27,2026-02-20,2026-02-15,2026-02-15,2026-02-20,791,Air,No Delay
ORD-00321,Customer 25,Switchgear,Plant A,South,2026-04-17,2026-05-02,2026-04-27,2026-04-27,2026-05-02,1215,Sea,No Delay
ORD-00322,Customer 24,Contactor,Plant B,North,2026-06-04,2026-06-15,2026-06-13,2026-06-11,2026-06-13,887,Air,No Delay
ORD-00323,Customer 30,Relay,Plant A,Central,2026-05-23,2026-06-05,2026-06-03,2026-06-02,2026-06-04,670,Sea,No Delay
ORD-00324,Customer 03,Drive,Plant C,Central,2026-01-14,2026-02-08,2026-02-03,2026-02-02,2026-02-08,386,Sea,No Delay
ORD-00325,Customer 29,PLC,Plant C,South,2026-01-18,2026-02-08,2026-02-06,2026-02-06,2026-02-07,688,Air,No Delay
ORD-00326,Customer 15,PLC,Plant C,Central,2026-03-17,2026-03-28,2026-03-23,2026-03-23,2026-03-27,91,Sea,No Delay
ORD-00327,Customer 27,Drive,Plant C,Export,2026-03-24,2026-04-10,2026-04-09,2026-04-09,2026-04-10,1006,Road,No Delay
ORD-00328,Customer 25,Breaker,Plant C,North,2026-03-17,2026-04-11,2026-04-09,2026-04-07,2026-04-09,441,Sea,No Delay
ORD-00329,Customer 05,Breaker,Plant B,South,2026-06-11,2026-06-22,2026-06-18,2026-06-16,2026-06-19,87,Road,No Delay
ORD-00330,Customer 14,Power Supply,Plant B,Export,2026-01-19,2026-01-25,2026-01-23,2026-01-23,2026-01-26,896,Air,Carrier Delay
ORD-00331,Customer 12,Contactor,Plant B,South,2026-01-05,2026-01-22,2026-01-21,2026-01-21,2026-01-23,1252,Road,Material Shortage
ORD-00332,Customer 08,Relay,Plant C,Export,2026-03-14,2026-04-02,2026-03-29,2026-03-29,2026-04-02,1127,Air,No Delay
ORD-00333,Customer 18,Relay,Plant A,North,2026-06-12,2026-06-21,2026-06-18,2026-06-18,2026-06-20,20,Sea,No Delay
ORD-00334,Customer 29,Drive,Plant A,Export,2026-06-02,2026-06-19,2026-06-14,2026-06-12,2026-06-17,1332,Sea,No Delay
ORD-00335,Customer 26,Breaker,Plant C,Export,2026-02-06,2026-02-16,2026-02-14,2026-02-13,2026-02-14,1330,Sea,No Delay
ORD-00336,Customer 22,PLC,Plant A,South,2026-01-19,2026-02-02,2026-02-01,2026-01-30,2026-01-31,1278,Road,No Delay
ORD-00337,Customer 12,Drive,Plant B,Central,2026-02-19,2026-03-06,2026-03-02,2026-03-02,2026-03-07,19,Air,Capacity Constraint
ORD-00338,Customer 15,Switchgear,Plant B,South,2026-03-05,2026-03-17,2026-03-13,2026-03-12,2026-03-16,1007,Sea,No Delay
ORD-00339,Customer 24,Contactor,Plant C,North,2026-01-28,2026-02-07,2026-02-02,2026-02-01,2026-02-07,48,Sea,No Delay
ORD-00340,Customer 18,Switchgear,Plant C,Central,2026-06-11,2026-06-16,2026-06-11,2026-06-11,2026-06-15,759,Air,No Delay
ORD-00341,Customer 01,PLC,Plant C,Central,2026-02-27,2026-03-22,2026-03-19,2026-03-19,2026-03-22,1062,Road,No Delay
ORD-00342,Customer 02,PLC,Plant B,Central,2026-04-25,2026-05-05,2026-05-03,2026-05-03,2026-05-05,138,Air,No Delay
ORD-00343,Customer 15,Breaker,Plant A,South,2026-04-05,2026-04-17,2026-04-16,2026-04-16,2026-04-17,221,Sea,No Delay
ORD-00344,Customer 12,Contactor,Plant C,South,2026-05-14,2026-06-08,2026-06-05,2026-06-04,2026-06-07,780,Road,No Delay
ORD-00345,Customer 01,Relay,Plant B,Central,2026-05-13,2026-05-30,2026-05-27,2026-05-26,2026-05-29,481,Road,No Delay
ORD-00346,Customer 27,Contactor,Plant C,Central,2026-05-12,2026-06-06,2026-06-03,2026-06-01,2026-06-04,859,Air,No Delay
ORD-00347,Customer 02,Relay,Plant C,Central,2026-01-30,2026-02-19,2026-02-15,2026-02-15,2026-02-19,285,Sea,No Delay
ORD-00348,Customer 13,Breaker,Plant C,South,2026-05-12,2026-05-18,2026-05-13,2026-05-11,2026-05-16,185,Road,No Delay
ORD-00349,Customer 26,Relay,Plant C,South,2026-04-25,2026-05-19,2026-05-15,2026-05-13,2026-05-17,353,Sea,No Delay
ORD-00350,Customer 04,Breaker,Plant A,Export,2026-06-25,2026-07-10,2026-07-06,2026-07-04,2026-07-08,316,Sea,No Delay
ORD-00351,Customer 03,Switchgear,Plant C,Central,2026-01-25,2026-02-04,2026-01-31,2026-01-31,2026-02-05,1245,Sea,Material Shortage
ORD-00352,Customer 26,Switchgear,Plant B,South,2026-01-01,2026-01-26,2026-01-22,2026-01-21,2026-01-26,1216,Sea,No Delay
ORD-00353,Customer 03,Sensor,Plant C,Export,2026-06-28,2026-07-21,2026-07-20,2026-07-19,2026-07-20,537,Road,No Delay
ORD-00354,Customer 23,Drive,Plant B,South,2026-01-02,2026-01-07,2026-01-02,2026-01-02,2026-01-07,228,Road,No Delay
ORD-00355,Customer 22,Power Supply,Plant A,Export,2026-04-20,2026-05-15,2026-05-10,2026-05-10,2026-05-16,1140,Sea,Carrier Delay
ORD-00356,Customer 25,Power Supply,Plant C,Central,2026-05-04,2026-05-14,2026-05-11,2026-05-10,2026-05-13,1360,Road,No Delay
ORD-00357,Customer 20,Breaker,Plant A,Export,2026-02-28,2026-03-19,2026-03-17,2026-03-17,2026-03-19,1312,Road,No Delay
ORD-00358,Customer 12,Contactor,Plant C,North,2026-01-24,2026-02-02,2026-01-29,2026-01-28,2026-01-31,1493,Air,No Delay
ORD-00359,Customer 15,Breaker,Plant A,South,2026-04-13,2026-05-07,2026-05-02,2026-05-02,2026-05-07,408,Road,No Delay
ORD-00360,Customer 21,Breaker,Plant A,North,2026-06-03,2026-06-24,2026-06-19,2026-06-19,2026-06-23,575,Air,No Delay
ORD-00361,Customer 18,Sensor,Plant C,South,2026-04-01,2026-04-18,2026-04-14,2026-04-14,2026-04-17,721,Air,No Delay
ORD-00362,Customer 17,Contactor,Plant C,North,2026-02-27,2026-03-23,2026-03-21,2026-03-20,2026-03-22,1040,Air,No Delay
ORD-00363,Customer 19,Switchgear,Plant A,South,2026-03-29,2026-04-06,2026-04-01,2026-04-01,2026-04-06,949,Sea,No Delay
ORD-00364,Customer 08,PLC,Plant B,Export,2026-04-28,2026-05-21,2026-05-20,2026-05-19,2026-05-20,733,Sea,No Delay
ORD-00365,Customer 30,Relay,Plant B,South,2026-05-18,2026-05-23,2026-05-20,2026-05-18,2026-05-21,734,Road,No Delay
ORD-00366,Customer 08,PLC,Plant B,Central,2026-05-27,2026-06-09,2026-06-07,2026-06-07,2026-06-09,479,Road,No Delay
ORD-00367,Customer 22,Switchgear,Plant C,North,2026-03-05,2026-03-29,2026-03-26,2026-03-24,2026-03-26,1118,Road,No Delay
ORD-00368,Customer 25,Sensor,Plant B,Central,2026-05-04,2026-05-20,2026-05-15,2026-05-15,2026-05-20,1191,Road,No Delay
ORD-00369,Customer 25,Relay,Plant B,North,2026-01-14,2026-02-04,2026-01-31,2026-01-31,2026-02-05,1440,Sea,Customer Change
ORD-00370,Customer 12,Sensor,Plant A,South,2026-04-28,2026-05-13,2026-05-12,2026-05-10,2026-05-12,495,Air,No Delay
ORD-00371,Customer 25,Drive,Plant B,Export,2026-05-01,2026-05-25,2026-05-22,2026-05-21,2026-05-24,582,Air,No Delay
ORD-00372,Customer 14,Power Supply,Plant A,Central,2026-02-16,2026-03-11,2026-03-09,2026-03-13,2026-03-15,316,Air,Capacity Constraint
ORD-00373,Customer 18,Breaker,Plant B,North,2026-01-03,2026-01-13,2026-01-09,2026-01-09,2026-01-13,1424,Road,No Delay
ORD-00374,Customer 09,Drive,Plant B,South,2026-01-16,2026-01-27,2026-01-24,2026-01-24,2026-01-27,714,Road,No Delay
ORD-00375,Customer 18,Relay,Plant B,South,2026-04-16,2026-04-24,2026-04-21,2026-04-21,2026-04-25,675,Sea,Customer Change
ORD-00376,Customer 05,Relay,Plant C,South,2026-05-11,2026-05-31,2026-05-27,2026-05-26,2026-05-30,873,Sea,No Delay
ORD-00377,Customer 11,Drive,Plant C,South,2026-06-06,2026-06-29,2026-06-25,2026-06-23,2026-06-27,1464,Air,No Delay
ORD-00378,Customer 15,Power Supply,Plant A,Central,2026-06-04,2026-06-29,2026-06-25,2026-06-24,2026-06-29,57,Road,No Delay
ORD-00379,Customer 29,Switchgear,Plant C,North,2026-03-02,2026-03-15,2026-03-14,2026-03-13,2026-03-14,63,Air,No Delay
ORD-00380,Customer 08,Sensor,Plant B,Central,2026-05-15,2026-05-22,2026-05-21,2026-05-19,2026-05-20,278,Sea,No Delay
ORD-00381,Customer 18,Sensor,Plant C,Export,2026-02-13,2026-02-18,2026-02-17,2026-02-16,2026-02-17,286,Sea,No Delay
ORD-00382,Customer 10,Drive,Plant B,Central,2026-05-19,2026-05-29,2026-05-24,2026-05-24,2026-05-30,193,Air,Capacity Constraint
ORD-00383,Customer 25,Relay,Plant B,South,2026-03-20,2026-04-05,2026-04-01,2026-03-31,2026-04-03,970,Sea,No Delay
ORD-00384,Customer 01,Drive,Plant A,Export,2026-01-03,2026-01-23,2026-01-19,2026-01-18,2026-01-23,1158,Air,No Delay
ORD-00385,Customer 03,Power Supply,Plant C,Central,2026-04-12,2026-04-24,2026-04-22,2026-04-22,2026-04-24,1068,Sea,No Delay
ORD-00386,Customer 03,Relay,Plant A,South,2026-06-27,2026-07-10,2026-07-07,2026-07-07,2026-07-10,236,Sea,No Delay
ORD-00387,Customer 05,Breaker,Plant C,North,2026-04-27,2026-05-21,2026-05-17,2026-05-17,2026-05-21,390,Road,No Delay
ORD-00388,Customer 01,Switchgear,Plant A,South,2026-03-14,2026-03-27,2026-03-25,2026-03-25,2026-03-27,870,Air,No Delay
ORD-00389,Customer 05,Breaker,Plant B,Export,2026-05-08,2026-05-24,2026-05-20,2026-05-18,2026-05-21,156,Sea,No Delay
ORD-00390,Customer 25,PLC,Plant B,Export,2026-05-01,2026-05-11,2026-05-09,2026-05-08,2026-05-09,516,Sea,No Delay
ORD-00391,Customer 10,Drive,Plant A,North,2026-01-09,2026-01-20,2026-01-16,2026-01-14,2026-01-18,1135,Sea,No Delay
ORD-00392,Customer 07,Contactor,Plant A,Export,2026-02-01,2026-02-14,2026-02-10,2026-02-08,2026-02-11,674,Road,No Delay
ORD-00393,Customer 23,Switchgear,Plant C,Central,2026-02-12,2026-02-25,2026-02-20,2026-02-18,2026-02-22,770,Road,No Delay
ORD-00394,Customer 21,Relay,Plant C,North,2026-03-05,2026-03-15,2026-03-11,2026-03-11,2026-03-14,267,Air,No Delay
ORD-00395,Customer 13,Drive,Plant C,Central,2026-03-01,2026-03-16,2026-03-11,2026-03-10,2026-03-15,523,Road,No Delay
ORD-00396,Customer 18,Drive,Plant B,Export,2026-05-05,2026-05-24,2026-05-19,2026-05-19,2026-05-24,573,Sea,No Delay
ORD-00397,Customer 15,Breaker,Plant C,Export,2026-05-22,2026-06-01,2026-05-31,2026-05-30,2026-05-31,389,Road,No Delay
ORD-00398,Customer 17,Switchgear,Plant C,Central,2026-06-08,2026-06-24,2026-06-19,2026-06-19,2026-06-25,1265,Air,Production Delay
ORD-00399,Customer 05,Relay,Plant A,Central,2026-03-24,2026-04-11,2026-04-08,2026-04-08,2026-04-10,229,Air,No Delay
ORD-00400,Customer 19,Sensor,Plant A,South,2026-02-19,2026-02-27,2026-02-26,2026-02-25,2026-02-27,462,Sea,No Delay
ORD-00401,Customer 24,Power Supply,Plant B,North,2026-01-19,2026-01-24,2026-01-22,2026-01-20,2026-01-21,1273,Air,No Delay
ORD-00402,Customer 24,PLC,Plant C,Export,2026-05-16,2026-05-22,2026-05-21,2026-05-19,2026-05-21,398,Road,No Delay
ORD-00403,Customer 19,Drive,Plant C,Export,2026-05-15,2026-05-27,2026-05-22,2026-05-20,2026-05-24,1448,Sea,No Delay
ORD-00404,Customer 18,Switchgear,Plant B,South,2026-04-20,2026-04-28,2026-04-26,2026-04-26,2026-04-29,1136,Air,Production Delay
ORD-00405,Customer 13,Sensor,Plant B,Export,2026-04-06,2026-04-24,2026-04-20,2026-04-19,2026-04-24,926,Air,No Delay
ORD-00406,Customer 28,Drive,Plant A,South,2026-01-01,2026-01-07,2026-01-04,2026-01-04,2026-01-09,1143,Sea,Production Delay
ORD-00407,Customer 09,Drive,Plant C,Central,2026-05-23,2026-06-15,2026-06-10,2026-06-08,2026-06-13,487,Air,No Delay
ORD-00408,Customer 06,Switchgear,Plant C,North,2026-03-18,2026-03-25,2026-03-20,2026-03-18,2026-03-23,1229,Sea,No Delay
ORD-00409,Customer 14,Power Supply,Plant A,Central,2026-03-18,2026-03-24,2026-03-19,2026-03-17,2026-03-22,1346,Sea,No Delay
ORD-00410,Customer 05,Drive,Plant C,Central,2026-01-03,2026-01-28,2026-01-24,2026-01-24,2026-01-28,323,Road,No Delay
ORD-00411,Customer 26,Power Supply,Plant A,Central,2026-06-22,2026-07-09,2026-07-05,2026-07-05,2026-07-09,698,Road,No Delay
ORD-00412,Customer 25,Relay,Plant A,Export,2026-05-02,2026-05-25,2026-05-24,2026-05-23,2026-05-24,1155,Road,No Delay
ORD-00413,Customer 25,Power Supply,Plant B,North,2026-05-05,2026-05-22,2026-05-17,2026-05-17,2026-05-22,240,Sea,No Delay
ORD-00414,Customer 25,Sensor,Plant A,South,2026-04-16,2026-05-04,2026-05-01,2026-04-30,2026-05-04,1272,Air,No Delay
ORD-00415,Customer 24,Contactor,Plant A,North,2026-06-09,2026-06-18,2026-06-14,2026-06-12,2026-06-16,507,Sea,No Delay
ORD-00416,Customer 11,PLC,Plant C,Central,2026-02-07,2026-02-21,2026-02-20,2026-02-18,2026-02-19,427,Sea,No Delay
ORD-00417,Customer 29,Breaker,Plant B,Central,2026-05-14,2026-05-27,2026-05-22,2026-05-22,2026-05-26,133,Air,No Delay
ORD-00418,Customer 09,Drive,Plant A,North,2026-02-21,2026-03-17,2026-03-14,2026-03-14,2026-03-16,609,Sea,No Delay
ORD-00419,Customer 20,Contactor,Plant A,Central,2026-04-09,2026-04-21,2026-04-17,2026-04-17,2026-04-21,1035,Air,No Delay
ORD-00420,Customer 24,Relay,Plant A,South,2026-05-24,2026-05-29,2026-05-28,2026-05-28,2026-05-29,1411,Air,No Delay
ORD-00421,Customer 29,Power Supply,Plant A,South,2026-04-01,2026-04-26,2026-04-23,2026-04-23,2026-04-25,471,Road,No Delay
ORD-00422,Customer 05,Power Supply,Plant B,South,2026-03-29,2026-04-15,2026-04-13,2026-04-12,2026-04-14,929,Sea,No Delay
ORD-00423,Customer 23,Relay,Plant B,Central,2026-02-03,2026-02-14,2026-02-12,2026-02-12,2026-02-14,1353,Sea,No Delay
ORD-00424,Customer 29,Relay,Plant C,North,2026-02-10,2026-02-25,2026-02-24,2026-02-24,2026-02-25,662,Air,No Delay
ORD-00425,Customer 04,Relay,Plant A,North,2026-04-16,2026-04-30,2026-04-26,2026-04-26,2026-04-30,1263,Sea,No Delay
ORD-00426,Customer 12,Contactor,Plant C,Export,2026-03-10,2026-04-03,2026-03-29,2026-03-29,2026-04-03,284,Sea,No Delay
ORD-00427,Customer 07,PLC,Plant A,Export,2026-06-04,2026-06-24,2026-06-21,2026-06-20,2026-06-23,40,Air,No Delay
ORD-00428,Customer 16,Drive,Plant B,Central,2026-04-16,2026-04-28,2026-04-26,2026-04-24,2026-04-26,885,Air,No Delay
ORD-00429,Customer 15,Breaker,Plant A,Export,2026-01-11,2026-02-04,2026-01-31,2026-01-30,2026-02-04,90,Sea,No Delay
ORD-00430,Customer 10,Switchgear,Plant A,Export,2026-04-10,2026-05-01,2026-04-30,2026-04-29,2026-04-30,612,Sea,No Delay
ORD-00431,Customer 04,Relay,Plant C,Central,2026-01-14,2026-02-04,2026-02-02,2026-02-02,2026-02-03,815,Air,No Delay
ORD-00432,Customer 11,Relay,Plant C,North,2026-03-24,2026-04-12,2026-04-11,2026-04-11,2026-04-12,196,Road,No Delay
ORD-00433,Customer 13,Power Supply,Plant A,Central,2026-06-30,2026-07-19,2026-07-16,2026-07-16,2026-07-20,696,Sea,Production Delay
ORD-00434,Customer 24,Switchgear,Plant B,Central,2026-06-18,2026-06-27,2026-06-25,2026-06-23,2026-06-25,250,Road,No Delay
ORD-00435,Customer 18,Breaker,Plant C,Export,2026-02-21,2026-02-26,2026-02-21,2026-02-19,2026-02-24,497,Road,No Delay
ORD-00436,Customer 09,PLC,Plant A,Central,2026-05-31,2026-06-20,2026-06-16,2026-06-14,2026-06-18,313,Road,No Delay
ORD-00437,Customer 02,Contactor,Plant B,Central,2026-06-17,2026-07-03,2026-07-02,2026-06-30,2026-07-01,340,Sea,No Delay
ORD-00438,Customer 12,Breaker,Plant A,South,2026-03-14,2026-04-07,2026-04-02,2026-04-02,2026-04-07,671,Air,No Delay
ORD-00439,Customer 23,Sensor,Plant B,Export,2026-04-08,2026-04-15,2026-04-11,2026-04-09,2026-04-13,1084,Road,No Delay
ORD-00440,Customer 20,Sensor,Plant B,South,2026-06-28,2026-07-09,2026-07-04,2026-07-04,2026-07-09,541,Sea,No Delay
ORD-00441,Customer 16,Relay,Plant C,Central,2026-05-28,2026-06-21,2026-06-18,2026-06-18,2026-06-22,1461,Air,Documentation Issue
ORD-00442,Customer 14,Power Supply,Plant A,South,2026-02-19,2026-02-24,2026-02-23,2026-02-23,2026-02-24,726,Sea,No Delay
ORD-00443,Customer 10,Sensor,Plant C,South,2026-06-13,2026-06-24,2026-06-23,2026-06-23,2026-06-24,22,Road,No Delay
ORD-00444,Customer 27,Drive,Plant C,Export,2026-06-25,2026-07-10,2026-07-07,2026-07-07,2026-07-10,981,Road,No Delay
ORD-00445,Customer 14,Breaker,Plant C,South,2026-06-15,2026-06-24,2026-06-20,2026-06-19,2026-06-23,1167,Sea,No Delay
ORD-00446,Customer 05,Sensor,Plant A,South,2026-06-23,2026-07-08,2026-07-03,2026-07-01,2026-07-06,778,Sea,No Delay
ORD-00447,Customer 11,Breaker,Plant B,Export,2026-05-17,2026-05-27,2026-05-22,2026-05-20,2026-05-25,187,Air,No Delay
ORD-00448,Customer 04,Drive,Plant A,Central,2026-03-02,2026-03-18,2026-03-14,2026-03-13,2026-03-18,199,Air,No Delay
ORD-00449,Customer 24,Sensor,Plant B,Central,2026-05-10,2026-05-15,2026-05-11,2026-05-09,2026-05-13,211,Sea,No Delay
ORD-00450,Customer 10,Breaker,Plant C,North,2026-06-23,2026-07-02,2026-06-30,2026-06-29,2026-07-02,692,Air,No Delay
ORD-00451,Customer 10,PLC,Plant B,Central,2026-01-12,2026-01-20,2026-01-15,2026-01-15,2026-01-19,404,Air,No Delay
ORD-00452,Customer 09,Contactor,Plant A,North,2026-03-12,2026-04-03,2026-03-31,2026-03-31,2026-04-03,433,Sea,No Delay
ORD-00453,Customer 10,Drive,Plant C,Export,2026-03-31,2026-04-22,2026-04-19,2026-04-19,2026-04-23,113,Road,Material Shortage
ORD-00454,Customer 23,Switchgear,Plant C,South,2026-01-08,2026-01-28,2026-01-27,2026-01-25,2026-01-26,649,Air,No Delay
ORD-00455,Customer 15,Contactor,Plant B,South,2026-02-20,2026-03-14,2026-03-13,2026-03-21,2026-03-22,1411,Sea,Customer Change
ORD-00456,Customer 23,Drive,Plant B,Export,2026-04-30,2026-05-20,2026-05-18,2026-05-16,2026-05-18,1008,Road,No Delay
ORD-00457,Customer 20,Relay,Plant C,North,2026-01-17,2026-02-06,2026-02-05,2026-02-04,2026-02-05,840,Sea,No Delay
ORD-00458,Customer 08,PLC,Plant C,Central,2026-01-28,2026-02-12,2026-02-07,2026-02-06,2026-02-11,997,Air,No Delay
ORD-00459,Customer 11,PLC,Plant A,North,2026-01-17,2026-02-01,2026-01-30,2026-01-30,2026-02-01,1467,Sea,No Delay
ORD-00460,Customer 13,Contactor,Plant C,North,2026-05-05,2026-05-13,2026-05-08,2026-05-07,2026-05-12,1413,Sea,No Delay
ORD-00461,Customer 29,Breaker,Plant A,Central,2026-04-08,2026-04-23,2026-04-19,2026-04-17,2026-04-21,937,Sea,No Delay
ORD-00462,Customer 26,Sensor,Plant B,South,2026-03-16,2026-04-02,2026-03-28,2026-03-26,2026-03-31,192,Sea,No Delay
ORD-00463,Customer 18,Breaker,Plant A,South,2026-01-03,2026-01-27,2026-01-22,2026-01-20,2026-01-24,234,Air,No Delay
ORD-00464,Customer 14,PLC,Plant C,Central,2026-01-08,2026-01-20,2026-01-16,2026-01-15,2026-01-19,982,Road,No Delay
ORD-00465,Customer 28,Relay,Plant A,North,2026-02-18,2026-03-12,2026-03-08,2026-03-07,2026-03-11,156,Sea,No Delay
ORD-00466,Customer 14,Switchgear,Plant C,Export,2026-01-05,2026-01-14,2026-01-10,2026-01-08,2026-01-12,1286,Road,No Delay
ORD-00467,Customer 14,Breaker,Plant C,Export,2026-04-27,2026-05-18,2026-05-14,2026-05-13,2026-05-17,494,Sea,No Delay
ORD-00468,Customer 19,Switchgear,Plant C,South,2026-05-09,2026-05-22,2026-05-18,2026-05-18,2026-05-21,241,Sea,No Delay
ORD-00469,Customer 17,Contactor,Plant A,Export,2026-05-04,2026-05-11,2026-05-09,2026-05-09,2026-05-11,1301,Sea,No Delay
ORD-00470,Customer 01,Switchgear,Plant B,Export,2026-06-19,2026-06-26,2026-06-21,2026-06-20,2026-06-25,1185,Sea,No Delay
ORD-00471,Customer 30,Sensor,Plant C,South,2026-03-26,2026-04-13,2026-04-10,2026-04-09,2026-04-12,135,Sea,No Delay
ORD-00472,Customer 03,Relay,Plant C,North,2026-05-02,2026-05-25,2026-05-23,2026-05-23,2026-05-26,579,Air,Documentation Issue
ORD-00473,Customer 30,Relay,Plant C,Export,2026-02-03,2026-02-27,2026-02-24,2026-02-23,2026-02-25,767,Road,No Delay
ORD-00474,Customer 05,Relay,Plant B,Export,2026-03-08,2026-03-20,2026-03-16,2026-03-16,2026-03-20,794,Road,No Delay
ORD-00475,Customer 25,Contactor,Plant A,Central,2026-06-19,2026-07-08,2026-07-06,2026-07-06,2026-07-07,960,Air,No Delay
ORD-00476,Customer 13,Switchgear,Plant B,Central,2026-05-02,2026-05-16,2026-05-12,2026-05-12,2026-05-16,1096,Air,No Delay
ORD-00477,Customer 21,Drive,Plant B,South,2026-01-04,2026-01-18,2026-01-14,2026-01-13,2026-01-16,696,Air,No Delay
ORD-00478,Customer 19,PLC,Plant C,South,2026-03-10,2026-03-18,2026-03-15,2026-03-14,2026-03-17,1397,Sea,No Delay
ORD-00479,Customer 17,Contactor,Plant C,Export,2026-02-16,2026-03-03,2026-02-26,2026-02-24,2026-02-28,729,Road,No Delay
ORD-00480,Customer 22,PLC,Plant C,North,2026-03-14,2026-03-27,2026-03-25,2026-03-25,2026-03-26,1460,Road,No Delay
ORD-00481,Customer 09,Sensor,Plant B,North,2026-01-23,2026-02-16,2026-02-14,2026-02-14,2026-02-15,1318,Air,No Delay
ORD-00482,Customer 11,Breaker,Plant B,South,2026-03-12,2026-03-30,2026-03-27,2026-03-25,2026-03-27,374,Air,No Delay
ORD-00483,Customer 25,Power Supply,Plant A,North,2026-01-18,2026-02-07,2026-02-05,2026-02-03,2026-02-04,914,Sea,No Delay
ORD-00484,Customer 16,Relay,Plant C,North,2026-03-08,2026-03-16,2026-03-15,2026-03-15,2026-03-16,87,Sea,No Delay
ORD-00485,Customer 25,Switchgear,Plant B,Export,2026-04-10,2026-04-23,2026-04-21,2026-04-20,2026-04-23,837,Sea,No Delay
ORD-00486,Customer 30,Drive,Plant B,South,2026-01-18,2026-02-09,2026-02-07,2026-02-07,2026-02-08,830,Road,No Delay
ORD-00487,Customer 10,PLC,Plant A,North,2026-06-11,2026-07-06,2026-07-05,2026-07-04,2026-07-05,796,Sea,No Delay
ORD-00488,Customer 21,Switchgear,Plant C,Central,2026-02-18,2026-03-04,2026-02-28,2026-02-28,2026-03-04,296,Road,No Delay
ORD-00489,Customer 16,Switchgear,Plant A,North,2026-02-19,2026-02-24,2026-02-19,2026-02-18,2026-02-24,704,Road,No Delay
ORD-00490,Customer 08,Contactor,Plant A,Central,2026-03-28,2026-04-03,2026-03-30,2026-03-30,2026-04-04,1011,Sea,Capacity Constraint
ORD-00491,Customer 02,Sensor,Plant A,Export,2026-01-05,2026-01-25,2026-01-20,2026-01-20,2026-01-24,1261,Road,No Delay
ORD-00492,Customer 14,Drive,Plant C,Export,2026-06-01,2026-06-08,2026-06-07,2026-06-07,2026-06-08,674,Road,No Delay
ORD-00493,Customer 03,Contactor,Plant B,Central,2026-06-25,2026-07-18,2026-07-13,2026-07-11,2026-07-17,860,Road,No Delay
ORD-00494,Customer 28,Power Supply,Plant A,North,2026-06-28,2026-07-14,2026-07-09,2026-07-07,2026-07-12,1007,Road,No Delay
ORD-00495,Customer 26,Switchgear,Plant C,Central,2026-01-02,2026-01-07,2026-01-05,2026-01-05,2026-01-07,432,Road,No Delay
ORD-00496,Customer 20,Relay,Plant C,Export,2026-06-13,2026-06-26,2026-06-21,2026-06-19,2026-06-25,1263,Road,No Delay
ORD-00497,Customer 17,Contactor,Plant C,South,2026-06-10,2026-06-24,2026-06-21,2026-06-21,2026-06-24,1115,Sea,No Delay
ORD-00498,Customer 30,Switchgear,Plant B,Central,2026-02-26,2026-03-17,2026-03-15,2026-03-13,2026-03-15,337,Sea,No Delay
ORD-00499,Customer 29,Switchgear,Plant A,North,2026-01-12,2026-01-18,2026-01-15,2026-01-14,2026-01-17,117,Sea,No Delay
ORD-00500,Customer 19,Drive,Plant B,Central,2026-02-15,2026-02-25,2026-02-24,2026-02-22,2026-02-23,1396,Air,No Delay
ORD-00501,Customer 08,Contactor,Plant B,Export,2026-02-28,2026-03-08,2026-03-05,2026-03-03,2026-03-06,121,Air,No Delay
ORD-00502,Customer 07,Drive,Plant B,Central,2026-02-07,2026-02-18,2026-02-13,2026-02-12,2026-02-17,697,Road,No Delay
ORD-00503,Customer 25,Drive,Plant A,South,2026-01-09,2026-02-01,2026-01-31,2026-01-29,2026-01-30,1246,Road,No Delay
ORD-00504,Customer 17,Switchgear,Plant A,Export,2026-06-13,2026-07-07,2026-07-05,2026-07-05,2026-07-06,957,Air,No Delay
ORD-00505,Customer 30,Breaker,Plant B,North,2026-01-04,2026-01-22,2026-01-20,2026-01-19,2026-01-22,92,Air,No Delay
ORD-00506,Customer 03,Breaker,Plant C,Export,2026-05-10,2026-05-16,2026-05-12,2026-05-11,2026-05-15,456,Road,No Delay
ORD-00507,Customer 06,Switchgear,Plant C,North,2026-04-02,2026-04-16,2026-04-14,2026-04-12,2026-04-14,941,Air,No Delay
ORD-00508,Customer 03,Power Supply,Plant C,South,2026-02-05,2026-02-22,2026-02-20,2026-02-19,2026-02-20,1097,Road,No Delay
ORD-00509,Customer 11,Breaker,Plant C,South,2026-03-17,2026-04-04,2026-04-01,2026-04-01,2026-04-03,115,Road,No Delay
ORD-00510,Customer 23,Contactor,Plant C,Central,2026-04-09,2026-04-25,2026-04-21,2026-04-20,2026-04-24,293,Air,No Delay
ORD-00511,Customer 29,Sensor,Plant C,Export,2026-03-03,2026-03-25,2026-03-24,2026-03-24,2026-03-25,577,Road,No Delay
ORD-00512,Customer 22,Sensor,Plant B,South,2026-01-17,2026-02-02,2026-01-30,2026-01-30,2026-02-02,1388,Sea,No Delay
ORD-00513,Customer 03,Contactor,Plant A,South,2026-01-17,2026-01-28,2026-01-24,2026-01-23,2026-01-27,239,Sea,No Delay
ORD-00514,Customer 22,Relay,Plant B,South,2026-02-07,2026-02-27,2026-02-25,2026-02-25,2026-02-27,870,Air,No Delay
ORD-00515,Customer 14,Drive,Plant C,South,2026-06-15,2026-06-20,2026-06-17,2026-06-15,2026-06-19,1005,Sea,No Delay
ORD-00516,Customer 09,PLC,Plant B,South,2026-06-20,2026-07-11,2026-07-06,2026-07-05,2026-07-10,600,Road,No Delay
ORD-00517,Customer 06,Relay,Plant A,Central,2026-02-07,2026-02-23,2026-02-20,2026-02-18,2026-02-22,249,Road,No Delay
ORD-00518,Customer 02,Drive,Plant B,Central,2026-03-23,2026-04-15,2026-04-13,2026-04-12,2026-04-14,773,Air,No Delay
ORD-00519,Customer 15,Drive,Plant A,North,2026-05-19,2026-05-29,2026-05-24,2026-05-22,2026-05-27,1128,Sea,No Delay
ORD-00520,Customer 30,Switchgear,Plant B,North,2026-03-26,2026-04-20,2026-04-17,2026-04-16,2026-04-20,990,Road,No Delay
ORD-00521,Customer 11,Breaker,Plant C,Central,2026-02-05,2026-02-27,2026-02-26,2026-02-25,2026-02-26,1204,Sea,No Delay
ORD-00522,Customer 13,PLC,Plant B,South,2026-02-26,2026-03-11,2026-03-09,2026-03-09,2026-03-10,1245,Sea,No Delay
ORD-00523,Customer 01,Sensor,Plant B,South,2026-05-11,2026-05-17,2026-05-14,2026-05-14,2026-05-17,640,Air,No Delay
ORD-00524,Customer 26,Power Supply,Plant C,Export,2026-05-24,2026-05-31,2026-05-29,2026-05-28,2026-05-30,295,Sea,No Delay
ORD-00525,Customer 19,Power Supply,Plant A,North,2026-06-03,2026-06-10,2026-06-08,2026-06-07,2026-06-08,848,Sea,No Delay
ORD-00526,Customer 13,Sensor,Plant C,Export,2026-03-11,2026-03-29,2026-03-27,2026-03-27,2026-03-29,96,Air,No Delay
ORD-00527,Customer 05,Sensor,Plant B,Export,2026-05-30,2026-06-13,2026-06-09,2026-06-08,2026-06-11,264,Sea,No Delay
ORD-00528,Customer 09,Switchgear,Plant A,South,2026-06-20,2026-07-04,2026-06-30,2026-06-30,2026-07-03,1200,Air,No Delay
ORD-00529,Customer 19,Breaker,Plant B,Central,2026-05-25,2026-06-12,2026-06-09,2026-06-08,2026-06-11,1201,Road,No Delay
ORD-00530,Customer 12,Power Supply,Plant C,South,2026-02-07,2026-02-22,2026-02-18,2026-02-16,2026-02-20,109,Air,No Delay
ORD-00531,Customer 06,Drive,Plant B,South,2026-03-16,2026-04-06,2026-04-05,2026-04-05,2026-04-06,565,Sea,No Delay
ORD-00532,Customer 10,Drive,Plant B,Export,2026-06-28,2026-07-14,2026-07-13,2026-07-12,2026-07-13,706,Road,No Delay
ORD-00533,Customer 03,Contactor,Plant A,North,2026-01-27,2026-02-07,2026-02-05,2026-02-03,2026-02-05,992,Air,No Delay
ORD-00534,Customer 01,Contactor,Plant A,Central,2026-03-21,2026-04-06,2026-04-04,2026-04-04,2026-04-06,1431,Road,No Delay
ORD-00535,Customer 26,Contactor,Plant A,North,2026-06-26,2026-07-08,2026-07-05,2026-07-03,2026-07-06,1001,Air,No Delay
ORD-00536,Customer 09,Breaker,Plant A,South,2026-01-11,2026-01-22,2026-01-21,2026-01-21,2026-01-22,1377,Road,No Delay
ORD-00537,Customer 05,Sensor,Plant C,South,2026-01-25,2026-02-02,2026-01-28,2026-01-26,2026-01-31,731,Road,No Delay
ORD-00538,Customer 17,PLC,Plant C,Central,2026-05-09,2026-06-02,2026-05-31,2026-05-29,2026-06-01,587,Road,No Delay
ORD-00539,Customer 06,Switchgear,Plant C,North,2026-05-18,2026-05-23,2026-05-22,2026-05-22,2026-05-23,380,Air,No Delay
ORD-00540,Customer 04,Relay,Plant B,South,2026-04-08,2026-04-26,2026-04-24,2026-04-23,2026-04-25,1453,Air,No Delay
ORD-00541,Customer 24,Sensor,Plant C,Export,2026-05-23,2026-05-29,2026-05-28,2026-05-26,2026-05-27,472,Sea,No Delay
ORD-00542,Customer 22,Switchgear,Plant C,North,2026-04-15,2026-04-29,2026-04-25,2026-04-23,2026-04-27,821,Air,No Delay
ORD-00543,Customer 07,Drive,Plant A,Export,2026-05-14,2026-05-21,2026-05-20,2026-05-19,2026-05-20,261,Road,No Delay
ORD-00544,Customer 22,Power Supply,Plant B,South,2026-04-19,2026-05-09,2026-05-06,2026-05-06,2026-05-09,311,Air,No Delay
ORD-00545,Customer 02,Contactor,Plant B,North,2026-01-28,2026-02-05,2026-02-02,2026-01-31,2026-02-02,376,Air,No Delay
ORD-00546,Customer 17,Switchgear,Plant B,Central,2026-06-04,2026-06-19,2026-06-17,2026-06-17,2026-06-18,611,Sea,No Delay
ORD-00547,Customer 29,Contactor,Plant B,Export,2026-05-08,2026-05-28,2026-05-23,2026-05-22,2026-05-26,654,Air,No Delay
ORD-00548,Customer 05,Sensor,Plant C,Export,2026-04-24,2026-05-13,2026-05-12,2026-05-12,2026-05-13,1008,Road,No Delay
ORD-00549,Customer 06,Breaker,Plant B,South,2026-05-26,2026-06-15,2026-06-10,2026-06-10,2026-06-15,1023,Sea,No Delay
ORD-00550,Customer 02,Relay,Plant B,South,2026-04-07,2026-05-01,2026-04-28,2026-04-27,2026-04-29,1205,Road,No Delay
ORD-00551,Customer 22,PLC,Plant A,Central,2026-06-10,2026-06-25,2026-06-21,2026-06-20,2026-06-24,1337,Air,No Delay
ORD-00552,Customer 11,Breaker,Plant B,Export,2026-06-01,2026-06-08,2026-06-07,2026-06-05,2026-06-06,1173,Sea,No Delay
ORD-00553,Customer 13,Drive,Plant C,North,2026-04-18,2026-05-01,2026-04-30,2026-04-30,2026-05-01,1010,Road,No Delay
ORD-00554,Customer 12,Power Supply,Plant A,Export,2026-06-26,2026-07-07,2026-07-04,2026-07-04,2026-07-07,1311,Road,No Delay
ORD-00555,Customer 03,Contactor,Plant C,South,2026-05-18,2026-05-29,2026-05-26,2026-05-25,2026-05-28,569,Road,No Delay
ORD-00556,Customer 10,Power Supply,Plant C,South,2026-05-26,2026-06-16,2026-06-12,2026-06-11,2026-06-15,419,Air,No Delay
ORD-00557,Customer 17,Relay,Plant C,Export,2026-04-13,2026-04-26,2026-04-21,2026-04-21,2026-04-25,446,Sea,No Delay
ORD-00558,Customer 15,Relay,Plant A,Central,2026-04-30,2026-05-13,2026-05-08,2026-05-07,2026-05-13,1413,Air,No Delay
ORD-00559,Customer 10,Relay,Plant B,Central,2026-04-22,2026-05-10,2026-05-07,2026-05-05,2026-05-08,841,Road,No Delay
ORD-00560,Customer 14,Power Supply,Plant C,North,2026-01-30,2026-02-08,2026-02-06,2026-02-05,2026-02-07,423,Road,No Delay
ORD-00561,Customer 16,Breaker,Plant A,North,2026-03-11,2026-03-20,2026-03-19,2026-03-18,2026-03-19,652,Sea,No Delay
ORD-00562,Customer 24,Relay,Plant A,North,2026-03-18,2026-03-25,2026-03-21,2026-03-21,2026-03-25,1179,Sea,No Delay
ORD-00563,Customer 08,Contactor,Plant B,South,2026-05-09,2026-05-17,2026-05-12,2026-05-12,2026-05-17,1206,Sea,No Delay
ORD-00564,Customer 15,Power Supply,Plant B,North,2026-04-10,2026-04-22,2026-04-18,2026-04-16,2026-04-20,1014,Sea,No Delay
ORD-00565,Customer 30,Relay,Plant B,Export,2026-04-06,2026-04-14,2026-04-11,2026-04-10,2026-04-13,1475,Air,No Delay
ORD-00566,Customer 13,Sensor,Plant C,South,2026-03-20,2026-03-25,2026-03-20,2026-03-20,2026-03-25,1413,Road,No Delay
ORD-00567,Customer 27,PLC,Plant B,Central,2026-05-17,2026-05-29,2026-05-25,2026-05-24,2026-05-28,338,Air,No Delay
ORD-00568,Customer 14,Drive,Plant C,Export,2026-06-11,2026-06-26,2026-06-22,2026-06-21,2026-06-25,215,Road,No Delay
ORD-00569,Customer 25,Breaker,Plant C,Central,2026-06-28,2026-07-11,2026-07-06,2026-07-05,2026-07-10,1300,Air,No Delay
ORD-00570,Customer 04,Relay,Plant A,Central,2026-06-14,2026-06-23,2026-06-22,2026-06-22,2026-06-23,1226,Sea,No Delay
ORD-00571,Customer 19,Drive,Plant B,Central,2026-04-16,2026-05-01,2026-04-27,2026-04-27,2026-05-01,182,Air,No Delay
ORD-00572,Customer 30,PLC,Plant A,Export,2026-04-05,2026-04-15,2026-04-11,2026-04-11,2026-04-14,416,Air,No Delay
ORD-00573,Customer 12,Relay,Plant C,North,2026-06-29,2026-07-09,2026-07-08,2026-07-07,2026-07-08,38,Sea,No Delay
ORD-00574,Customer 07,Sensor,Plant B,Export,2026-05-15,2026-06-02,2026-05-29,2026-05-28,2026-06-01,792,Road,No Delay
ORD-00575,Customer 26,Relay,Plant A,South,2026-04-21,2026-05-02,2026-04-27,2026-04-26,2026-05-01,546,Road,No Delay
ORD-00576,Customer 23,Power Supply,Plant C,Central,2026-06-08,2026-06-27,2026-06-25,2026-06-25,2026-06-29,1470,Air,Carrier Delay
ORD-00577,Customer 08,Switchgear,Plant B,North,2026-04-19,2026-05-13,2026-05-10,2026-05-10,2026-05-12,20,Air,No Delay
ORD-00578,Customer 18,Breaker,Plant C,Central,2026-05-10,2026-06-03,2026-05-30,2026-05-29,2026-06-02,543,Road,No Delay
ORD-00579,Customer 14,Relay,Plant B,North,2026-05-09,2026-05-29,2026-05-26,2026-05-24,2026-05-27,651,Road,No Delay
ORD-00580,Customer 25,Sensor,Plant C,South,2026-02-02,2026-02-22,2026-02-19,2026-02-18,2026-02-21,902,Road,No Delay
ORD-00581,Customer 02,PLC,Plant A,North,2026-03-22,2026-04-11,2026-04-09,2026-04-09,2026-04-10,973,Air,No Delay
ORD-00582,Customer 23,Switchgear,Plant B,Export,2026-02-11,2026-03-02,2026-02-26,2026-02-25,2026-03-01,240,Sea,No Delay
ORD-00583,Customer 27,Sensor,Plant C,Central,2026-02-07,2026-02-15,2026-02-12,2026-02-11,2026-02-14,1205,Road,No Delay
ORD-00584,Customer 29,Drive,Plant A,South,2026-05-15,2026-06-07,2026-06-05,2026-06-03,2026-06-05,1405,Sea,No Delay
ORD-00585,Customer 15,Switchgear,Plant B,South,2026-02-01,2026-02-18,2026-02-15,2026-02-13,2026-02-16,1226,Sea,No Delay
ORD-00586,Customer 28,Breaker,Plant C,South,2026-01-02,2026-01-17,2026-01-16,2026-01-15,2026-01-17,671,Road,No Delay
ORD-00587,Customer 25,Power Supply,Plant A,North,2026-01-19,2026-02-10,2026-02-05,2026-02-04,2026-02-09,436,Road,No Delay
ORD-00588,Customer 26,Power Supply,Plant C,South,2026-04-10,2026-04-27,2026-04-24,2026-04-24,2026-04-26,1412,Sea,No Delay
ORD-00589,Customer 13,Switchgear,Plant B,Export,2026-02-03,2026-02-19,2026-02-18,2026-02-18,2026-02-19,194,Air,No Delay
ORD-00590,Customer 15,PLC,Plant C,Central,2026-04-05,2026-04-29,2026-04-27,2026-04-26,2026-04-27,1024,Sea,No Delay
ORD-00591,Customer 16,Sensor,Plant A,Central,2026-06-11,2026-07-06,2026-07-01,2026-06-30,2026-07-04,1411,Air,No Delay
ORD-00592,Customer 17,Power Supply,Plant B,North,2026-03-05,2026-03-26,2026-03-22,2026-03-20,2026-03-23,961,Sea,No Delay
ORD-00593,Customer 15,Relay,Plant A,Export,2026-05-26,2026-06-08,2026-06-05,2026-06-03,2026-06-05,102,Road,No Delay
ORD-00594,Customer 11,Relay,Plant A,Central,2026-04-17,2026-05-01,2026-04-28,2026-04-27,2026-05-01,170,Sea,No Delay
ORD-00595,Customer 06,Switchgear,Plant B,Export,2026-06-04,2026-06-17,2026-06-16,2026-06-14,2026-06-15,1357,Sea,No Delay
ORD-00596,Customer 03,Relay,Plant A,North,2026-06-04,2026-06-24,2026-06-21,2026-06-21,2026-06-24,400,Road,No Delay
ORD-00597,Customer 21,PLC,Plant A,South,2026-01-05,2026-01-16,2026-01-15,2026-01-15,2026-01-16,959,Road,No Delay
ORD-00598,Customer 28,Switchgear,Plant C,Central,2026-05-02,2026-05-20,2026-05-19,2026-05-17,2026-05-18,422,Air,No Delay
ORD-00599,Customer 24,Sensor,Plant A,Export,2026-05-26,2026-06-12,2026-06-11,2026-06-09,2026-06-10,828,Air,No Delay
ORD-00600,Customer 14,Drive,Plant C,North,2026-05-12,2026-06-04,2026-05-30,2026-05-29,2026-06-02,558,Sea,No Delay
ORD-00601,Customer 01,Relay,Plant B,Central,2026-04-17,2026-05-07,2026-05-06,2026-05-06,2026-05-07,971,Air,No Delay
ORD-00602,Customer 22,Switchgear,Plant A,South,2026-04-23,2026-05-05,2026-04-30,2026-04-30,2026-05-06,1490,Sea,Customer Change
ORD-00603,Customer 03,Switchgear,Plant A,Central,2026-04-10,2026-04-28,2026-04-25,2026-04-23,2026-04-26,418,Road,No Delay
ORD-00604,Customer 02,Breaker,Plant B,South,2026-06-05,2026-06-25,2026-06-24,2026-06-23,2026-06-24,741,Sea,No Delay
ORD-00605,Customer 08,Contactor,Plant C,Central,2026-02-10,2026-02-20,2026-02-15,2026-02-13,2026-02-18,1006,Air,No Delay
ORD-00606,Customer 28,Contactor,Plant C,North,2026-03-29,2026-04-14,2026-04-13,2026-04-13,2026-04-14,906,Air,No Delay
ORD-00607,Customer 21,Contactor,Plant A,South,2026-01-29,2026-02-06,2026-02-01,2026-01-30,2026-02-05,331,Sea,No Delay
ORD-00608,Customer 05,Contactor,Plant A,Export,2026-03-16,2026-04-04,2026-03-30,2026-03-28,2026-04-02,861,Road,No Delay
ORD-00609,Customer 25,Power Supply,Plant B,Central,2026-03-04,2026-03-24,2026-03-21,2026-03-19,2026-03-22,320,Sea,No Delay
ORD-00610,Customer 17,Drive,Plant A,Export,2026-04-18,2026-04-30,2026-04-28,2026-04-27,2026-04-29,308,Road,No Delay
ORD-00611,Customer 25,Breaker,Plant C,Central,2026-05-13,2026-05-20,2026-05-19,2026-05-18,2026-05-19,1186,Road,No Delay
ORD-00612,Customer 01,Sensor,Plant C,Central,2026-06-11,2026-07-02,2026-06-29,2026-06-29,2026-07-02,1444,Air,No Delay
ORD-00613,Customer 26,Power Supply,Plant A,South,2026-04-25,2026-05-20,2026-05-18,2026-05-18,2026-05-20,182,Road,No Delay
ORD-00614,Customer 07,Contactor,Plant C,South,2026-05-18,2026-06-02,2026-05-29,2026-05-29,2026-06-03,1077,Air,Carrier Delay
ORD-00615,Customer 10,Power Supply,Plant C,North,2026-06-12,2026-06-22,2026-06-21,2026-06-21,2026-06-22,132,Air,No Delay
ORD-00616,Customer 24,Breaker,Plant B,South,2026-03-08,2026-04-02,2026-03-28,2026-03-26,2026-03-31,493,Sea,No Delay
ORD-00617,Customer 26,Relay,Plant C,Export,2026-05-29,2026-06-21,2026-06-16,2026-06-14,2026-06-19,1074,Sea,No Delay
ORD-00618,Customer 23,Power Supply,Plant B,North,2026-03-05,2026-03-13,2026-03-10,2026-03-08,2026-03-11,198,Road,No Delay
ORD-00619,Customer 18,Power Supply,Plant B,Export,2026-04-19,2026-04-28,2026-04-24,2026-04-22,2026-04-27,1313,Air,No Delay
ORD-00620,Customer 05,Contactor,Plant C,Central,2026-04-23,2026-05-13,2026-05-09,2026-05-07,2026-05-11,942,Air,No Delay
ORD-00621,Customer 19,Sensor,Plant A,Central,2026-01-09,2026-01-19,2026-01-14,2026-01-12,2026-01-16,251,Air,No Delay
ORD-00622,Customer 14,Breaker,Plant B,South,2026-03-20,2026-04-05,2026-04-02,2026-03-31,2026-04-03,451,Road,No Delay
ORD-00623,Customer 10,Switchgear,Plant B,Export,2026-05-06,2026-05-11,2026-05-10,2026-05-08,2026-05-09,983,Sea,No Delay
ORD-00624,Customer 24,Drive,Plant A,Export,2026-06-05,2026-06-14,2026-06-12,2026-06-11,2026-06-13,803,Road,No Delay
ORD-00625,Customer 28,Relay,Plant C,North,2026-04-12,2026-04-27,2026-04-22,2026-04-22,2026-04-27,1181,Sea,No Delay
ORD-00626,Customer 25,Breaker,Plant C,Central,2026-03-21,2026-04-12,2026-04-11,2026-04-09,2026-04-11,984,Sea,No Delay
ORD-00627,Customer 23,Switchgear,Plant A,South,2026-01-05,2026-01-13,2026-01-08,2026-01-06,2026-01-11,832,Sea,No Delay
ORD-00628,Customer 11,Power Supply,Plant B,North,2026-01-12,2026-02-01,2026-01-31,2026-01-29,2026-01-30,244,Road,No Delay
ORD-00629,Customer 14,Relay,Plant A,South,2026-05-19,2026-05-29,2026-05-26,2026-05-25,2026-05-28,381,Road,No Delay
ORD-00630,Customer 27,Contactor,Plant A,Central,2026-01-15,2026-01-29,2026-01-25,2026-01-23,2026-01-27,500,Sea,No Delay
ORD-00631,Customer 11,Switchgear,Plant C,Export,2026-05-31,2026-06-12,2026-06-08,2026-06-08,2026-06-11,144,Air,No Delay
ORD-00632,Customer 22,Contactor,Plant A,Central,2026-01-08,2026-01-26,2026-01-24,2026-01-22,2026-01-25,633,Sea,No Delay
ORD-00633,Customer 06,PLC,Plant C,Export,2026-04-15,2026-05-04,2026-05-03,2026-05-03,2026-05-04,1146,Air,No Delay
ORD-00634,Customer 20,Sensor,Plant C,Export,2026-01-11,2026-01-16,2026-01-12,2026-01-12,2026-01-20,729,Sea,Carrier Delay
ORD-00635,Customer 23,Contactor,Plant A,South,2026-02-24,2026-03-19,2026-03-14,2026-03-12,2026-03-17,894,Road,No Delay
ORD-00636,Customer 22,Drive,Plant B,Central,2026-06-06,2026-06-27,2026-06-24,2026-06-23,2026-06-26,951,Sea,No Delay
ORD-00637,Customer 22,Relay,Plant B,Export,2026-03-26,2026-03-31,2026-03-29,2026-03-27,2026-03-28,814,Sea,No Delay
ORD-00638,Customer 27,Power Supply,Plant C,South,2026-01-21,2026-02-15,2026-02-14,2026-02-14,2026-02-15,802,Road,No Delay
ORD-00639,Customer 01,Sensor,Plant C,South,2026-06-28,2026-07-03,2026-07-02,2026-06-30,2026-07-01,402,Road,No Delay
ORD-00640,Customer 02,Sensor,Plant B,Central,2026-06-07,2026-07-02,2026-06-29,2026-06-27,2026-06-30,24,Road,No Delay
ORD-00641,Customer 22,Relay,Plant A,Central,2026-06-13,2026-06-30,2026-06-29,2026-06-29,2026-06-30,143,Road,No Delay
ORD-00642,Customer 01,Sensor,Plant C,Export,2026-03-08,2026-03-31,2026-03-29,2026-03-29,2026-03-31,14,Air,No Delay
ORD-00643,Customer 22,Switchgear,Plant B,South,2026-06-14,2026-07-09,2026-07-08,2026-07-07,2026-07-08,1069,Road,No Delay
ORD-00644,Customer 03,Breaker,Plant C,Central,2026-02-27,2026-03-05,2026-03-02,2026-03-02,2026-03-07,1422,Air,Carrier Delay
ORD-00645,Customer 14,Breaker,Plant C,South,2026-01-20,2026-02-01,2026-01-30,2026-01-29,2026-01-30,522,Road,No Delay
ORD-00646,Customer 03,Switchgear,Plant A,Export,2026-01-28,2026-02-17,2026-02-15,2026-02-13,2026-02-16,1195,Road,No Delay
ORD-00647,Customer 26,Switchgear,Plant A,South,2026-01-22,2026-01-28,2026-01-27,2026-01-27,2026-01-28,1260,Sea,No Delay
ORD-00648,Customer 13,Contactor,Plant C,Export,2026-04-21,2026-04-28,2026-04-27,2026-04-27,2026-04-28,487,Sea,No Delay
ORD-00649,Customer 11,Breaker,Plant B,South,2026-06-18,2026-07-12,2026-07-11,2026-07-10,2026-07-12,1213,Road,No Delay
ORD-00650,Customer 17,Sensor,Plant B,Export,2026-01-28,2026-02-05,2026-02-04,2026-02-02,2026-02-04,995,Sea,No Delay
ORD-00651,Customer 14,Drive,Plant B,Central,2026-06-08,2026-06-27,2026-06-25,2026-06-23,2026-06-25,311,Air,No Delay
ORD-00652,Customer 27,Breaker,Plant B,South,2026-03-21,2026-04-14,2026-04-11,2026-04-09,2026-04-11,410,Road,No Delay
ORD-00653,Customer 11,Drive,Plant C,South,2026-06-13,2026-06-24,2026-06-23,2026-06-23,2026-06-24,867,Air,No Delay
ORD-00654,Customer 21,PLC,Plant C,Central,2026-02-11,2026-02-19,2026-02-15,2026-02-13,2026-02-17,965,Sea,No Delay
ORD-00655,Customer 27,Breaker,Plant B,North,2026-02-24,2026-03-08,2026-03-04,2026-03-03,2026-03-07,161,Air,No Delay
ORD-00656,Customer 12,Breaker,Plant A,Central,2026-01-08,2026-01-30,2026-01-29,2026-01-28,2026-01-30,415,Air,No Delay
ORD-00657,Customer 06,Sensor,Plant A,North,2026-02-14,2026-02-26,2026-02-23,2026-02-22,2026-02-25,1397,Road,No Delay
ORD-00658,Customer 26,Drive,Plant C,Central,2026-04-08,2026-05-03,2026-05-02,2026-04-30,2026-05-01,1089,Sea,No Delay
ORD-00659,Customer 23,Drive,Plant B,Export,2026-04-22,2026-04-29,2026-04-28,2026-04-26,2026-04-27,1312,Road,No Delay
ORD-00660,Customer 02,Sensor,Plant A,Export,2026-01-12,2026-02-05,2026-01-31,2026-01-31,2026-02-05,438,Sea,No Delay
ORD-00661,Customer 15,Relay,Plant B,South,2026-01-21,2026-02-10,2026-02-05,2026-02-05,2026-02-11,1086,Sea,Capacity Constraint
ORD-00662,Customer 07,Switchgear,Plant A,Export,2026-05-04,2026-05-24,2026-05-20,2026-05-19,2026-05-23,457,Air,No Delay
ORD-00663,Customer 25,Contactor,Plant B,Export,2026-04-19,2026-05-06,2026-05-01,2026-04-30,2026-05-06,1072,Air,No Delay
ORD-00664,Customer 14,Power Supply,Plant B,Export,2026-02-28,2026-03-23,2026-03-22,2026-03-22,2026-03-23,659,Air,No Delay
ORD-00665,Customer 10,Contactor,Plant B,Central,2026-04-08,2026-04-13,2026-04-11,2026-04-10,2026-04-12,211,Road,No Delay
ORD-00666,Customer 24,Sensor,Plant A,Central,2026-01-19,2026-02-04,2026-02-03,2026-02-02,2026-02-03,1476,Sea,No Delay
ORD-00667,Customer 27,Breaker,Plant B,Central,2026-05-20,2026-06-02,2026-06-01,2026-05-31,2026-06-01,824,Road,No Delay
ORD-00668,Customer 03,Drive,Plant A,Export,2026-02-28,2026-03-11,2026-03-07,2026-03-07,2026-03-11,1439,Air,No Delay
ORD-00669,Customer 05,Sensor,Plant C,North,2026-02-23,2026-03-14,2026-03-10,2026-03-08,2026-03-12,1033,Sea,No Delay
ORD-00670,Customer 01,Breaker,Plant A,Central,2026-04-01,2026-04-16,2026-04-14,2026-04-14,2026-04-17,686,Sea,Capacity Constraint
ORD-00671,Customer 03,Power Supply,Plant A,Export,2026-06-11,2026-07-05,2026-06-30,2026-06-29,2026-07-04,232,Air,No Delay
ORD-00672,Customer 20,Switchgear,Plant A,Central,2026-05-26,2026-06-14,2026-06-11,2026-06-09,2026-06-11,417,Road,No Delay
ORD-00673,Customer 17,Breaker,Plant A,South,2026-04-09,2026-04-23,2026-04-21,2026-04-21,2026-04-23,851,Air,No Delay
ORD-00674,Customer 28,PLC,Plant A,Central,2026-02-10,2026-02-18,2026-02-16,2026-02-15,2026-02-17,644,Air,No Delay
ORD-00675,Customer 15,Sensor,Plant A,North,2026-06-20,2026-07-10,2026-07-08,2026-07-07,2026-07-10,302,Air,No Delay
ORD-00676,Customer 15,Breaker,Plant C,North,2026-01-17,2026-02-03,2026-01-29,2026-01-29,2026-02-04,599,Sea,Documentation Issue
ORD-00677,Customer 20,Power Supply,Plant B,Export,2026-04-27,2026-05-13,2026-05-10,2026-05-08,2026-05-11,1359,Road,No Delay
ORD-00678,Customer 21,Sensor,Plant C,North,2026-06-28,2026-07-21,2026-07-20,2026-07-18,2026-07-19,1439,Sea,No Delay
ORD-00679,Customer 25,Drive,Plant B,Export,2026-02-25,2026-03-17,2026-03-13,2026-03-15,2026-03-18,347,Air,Capacity Constraint
ORD-00680,Customer 13,PLC,Plant B,North,2026-02-23,2026-03-16,2026-03-15,2026-03-13,2026-03-14,31,Air,No Delay
ORD-00681,Customer 18,PLC,Plant C,Export,2026-01-30,2026-02-08,2026-02-05,2026-02-04,2026-02-07,297,Air,No Delay
ORD-00682,Customer 18,Power Supply,Plant A,North,2026-03-13,2026-03-23,2026-03-21,2026-03-21,2026-03-23,1385,Road,No Delay
ORD-00683,Customer 18,PLC,Plant B,North,2026-06-23,2026-07-06,2026-07-04,2026-07-02,2026-07-03,1310,Sea,No Delay
ORD-00684,Customer 30,PLC,Plant B,Central,2026-06-14,2026-06-22,2026-06-18,2026-06-17,2026-06-26,419,Road,Production Delay
ORD-00685,Customer 26,Relay,Plant C,Central,2026-01-05,2026-01-23,2026-01-22,2026-01-28,2026-01-29,100,Air,Material Shortage
ORD-00686,Customer 13,Power Supply,Plant A,Central,2026-05-12,2026-05-20,2026-05-17,2026-05-17,2026-05-21,447,Road,Capacity Constraint
ORD-00687,Customer 15,PLC,Plant A,South,2026-04-02,2026-04-17,2026-04-15,2026-04-15,2026-04-16,1341,Sea,No Delay
ORD-00688,Customer 04,Relay,Plant B,North,2026-04-05,2026-04-11,2026-04-10,2026-04-09,2026-04-11,1238,Air,No Delay
ORD-00689,Customer 01,Switchgear,Plant B,Central,2026-06-11,2026-06-28,2026-06-26,2026-06-26,2026-06-28,1041,Sea,No Delay
ORD-00690,Customer 25,PLC,Plant C,North,2026-06-30,2026-07-05,2026-07-03,2026-07-01,2026-07-03,132,Road,No Delay
ORD-00691,Customer 24,Switchgear,Plant C,South,2026-04-06,2026-04-26,2026-04-23,2026-04-22,2026-04-24,284,Air,No Delay
ORD-00692,Customer 24,Drive,Plant B,Central,2026-03-23,2026-04-17,2026-04-16,2026-04-15,2026-04-16,431,Sea,No Delay
ORD-00693,Customer 01,Contactor,Plant B,North,2026-01-14,2026-01-26,2026-01-24,2026-01-23,2026-01-25,404,Road,No Delay
ORD-00694,Customer 14,Switchgear,Plant B,Central,2026-06-12,2026-06-21,2026-06-19,2026-06-17,2026-06-19,1487,Road,No Delay
ORD-00695,Customer 21,PLC,Plant B,Export,2026-03-04,2026-03-22,2026-03-20,2026-03-19,2026-03-22,173,Air,No Delay
ORD-00696,Customer 26,Switchgear,Plant A,Export,2026-04-12,2026-04-29,2026-04-27,2026-04-26,2026-04-28,885,Road,No Delay
ORD-00697,Customer 10,Switchgear,Plant B,Export,2026-03-18,2026-04-11,2026-04-06,2026-04-06,2026-04-11,1161,Sea,No Delay
ORD-00698,Customer 01,Breaker,Plant C,South,2026-05-04,2026-05-11,2026-05-08,2026-05-07,2026-05-10,1016,Air,No Delay
ORD-00699,Customer 30,Contactor,Plant B,Central,2026-04-17,2026-05-04,2026-05-01,2026-04-30,2026-05-03,407,Air,No Delay
ORD-00700,Customer 30,Power Supply,Plant C,Central,2026-03-07,2026-03-23,2026-03-18,2026-03-18,2026-03-22,506,Air,No Delay
ORD-00701,Customer 22,Relay,Plant B,Central,2026-01-09,2026-01-25,2026-01-24,2026-01-24,2026-01-25,1243,Sea,No Delay
ORD-00702,Customer 29,Contactor,Plant C,Central,2026-06-19,2026-06-29,2026-06-28,2026-06-26,2026-06-27,876,Road,No Delay
ORD-00703,Customer 25,Contactor,Plant A,South,2026-04-20,2026-05-03,2026-04-30,2026-04-30,2026-05-04,302,Air,Documentation Issue
ORD-00704,Customer 25,Power Supply,Plant C,Export,2026-02-23,2026-03-12,2026-03-09,2026-03-07,2026-03-09,1350,Air,No Delay
ORD-00705,Customer 17,Contactor,Plant B,Central,2026-04-21,2026-05-01,2026-04-29,2026-04-29,2026-05-01,390,Road,No Delay
ORD-00706,Customer 21,Relay,Plant A,South,2026-01-16,2026-01-26,2026-01-24,2026-01-23,2026-01-26,185,Air,No Delay
ORD-00707,Customer 25,Contactor,Plant A,North,2026-02-01,2026-02-14,2026-02-13,2026-02-13,2026-02-14,554,Road,No Delay
ORD-00708,Customer 25,Sensor,Plant B,Export,2026-06-20,2026-07-13,2026-07-12,2026-07-12,2026-07-13,700,Sea,No Delay
ORD-00709,Customer 22,Power Supply,Plant B,North,2026-04-20,2026-05-05,2026-05-02,2026-05-01,2026-05-04,739,Air,No Delay
ORD-00710,Customer 28,Sensor,Plant C,Central,2026-01-26,2026-01-31,2026-01-27,2026-01-26,2026-01-29,764,Air,No Delay
ORD-00711,Customer 26,Drive,Plant C,Export,2026-06-08,2026-06-28,2026-06-23,2026-06-21,2026-07-01,488,Sea,Material Shortage
ORD-00712,Customer 28,Contactor,Plant C,Export,2026-05-05,2026-05-22,2026-05-17,2026-05-16,2026-05-21,611,Sea,No Delay
ORD-00713,Customer 03,Sensor,Plant C,Export,2026-02-19,2026-02-28,2026-02-23,2026-02-23,2026-02-28,354,Air,No Delay
ORD-00714,Customer 23,Breaker,Plant A,South,2026-01-30,2026-02-19,2026-02-14,2026-02-12,2026-02-16,795,Air,No Delay
ORD-00715,Customer 21,Switchgear,Plant A,South,2026-02-26,2026-03-11,2026-03-07,2026-03-07,2026-03-11,468,Sea,No Delay
ORD-00716,Customer 26,PLC,Plant A,South,2026-06-03,2026-06-10,2026-06-07,2026-06-07,2026-06-11,246,Air,Documentation Issue
ORD-00717,Customer 05,Drive,Plant B,North,2026-01-23,2026-01-31,2026-01-30,2026-01-30,2026-01-31,646,Road,No Delay
ORD-00718,Customer 30,Relay,Plant C,Central,2026-06-01,2026-06-23,2026-06-21,2026-06-20,2026-06-22,228,Air,No Delay
ORD-00719,Customer 05,Sensor,Plant A,North,2026-01-03,2026-01-25,2026-01-21,2026-01-20,2026-01-24,1236,Air,No Delay
ORD-00720,Customer 23,Power Supply,Plant A,South,2026-03-21,2026-04-11,2026-04-10,2026-04-10,2026-04-11,322,Sea,No Delay
ORD-00721,Customer 27,Relay,Plant A,Export,2026-02-23,2026-03-07,2026-03-06,2026-03-04,2026-03-05,701,Air,No Delay
ORD-00722,Customer 10,PLC,Plant C,Export,2026-06-23,2026-07-13,2026-07-10,2026-07-09,2026-07-13,209,Road,No Delay
ORD-00723,Customer 19,Relay,Plant B,Export,2026-03-24,2026-04-16,2026-04-15,2026-04-15,2026-04-16,606,Road,No Delay
ORD-00724,Customer 26,Relay,Plant B,Export,2026-02-23,2026-03-06,2026-03-04,2026-03-02,2026-03-05,1401,Road,No Delay
ORD-00725,Customer 11,Power Supply,Plant A,Export,2026-01-15,2026-01-23,2026-01-20,2026-01-23,2026-01-25,511,Road,Customer Change
ORD-00726,Customer 26,Contactor,Plant B,Export,2026-01-31,2026-02-12,2026-02-08,2026-02-08,2026-02-12,573,Sea,No Delay
ORD-00727,Customer 22,PLC,Plant A,Export,2026-06-17,2026-07-06,2026-07-03,2026-07-01,2026-07-03,570,Sea,No Delay
ORD-00728,Customer 04,Drive,Plant A,Central,2026-01-25,2026-02-17,2026-02-15,2026-02-15,2026-02-17,840,Sea,No Delay
ORD-00729,Customer 19,Contactor,Plant A,North,2026-01-06,2026-01-23,2026-01-18,2026-01-18,2026-01-22,380,Sea,No Delay
ORD-00730,Customer 07,Relay,Plant A,South,2026-06-27,2026-07-07,2026-07-06,2026-07-05,2026-07-06,81,Road,No Delay
ORD-00731,Customer 22,Breaker,Plant A,South,2026-02-01,2026-02-22,2026-02-19,2026-02-19,2026-02-22,104,Sea,No Delay
ORD-00732,Customer 12,PLC,Plant C,North,2026-03-17,2026-04-08,2026-04-04,2026-04-03,2026-04-08,1367,Road,No Delay
ORD-00733,Customer 19,Drive,Plant B,Central,2026-03-02,2026-03-08,2026-03-06,2026-03-04,2026-03-07,1284,Air,No Delay
ORD-00734,Customer 09,Power Supply,Plant C,Central,2026-01-20,2026-02-11,2026-02-08,2026-02-08,2026-02-11,1107,Road,No Delay
ORD-00735,Customer 20,Relay,Plant B,Central,2026-01-19,2026-02-13,2026-02-10,2026-02-14,2026-02-18,657,Air,Capacity Constraint
ORD-00736,Customer 18,Power Supply,Plant A,South,2026-04-08,2026-04-13,2026-04-08,2026-04-07,2026-04-13,1321,Road,No Delay
ORD-00737,Customer 08,Power Supply,Plant A,North,2026-04-03,2026-04-18,2026-04-15,2026-04-13,2026-04-15,369,Sea,No Delay
ORD-00738,Customer 04,Breaker,Plant A,South,2026-03-20,2026-04-12,2026-04-08,2026-04-07,2026-04-12,807,Road,No Delay
ORD-00739,Customer 01,Relay,Plant C,Central,2026-03-30,2026-04-21,2026-04-16,2026-04-15,2026-04-21,302,Air,No Delay
ORD-00740,Customer 14,Switchgear,Plant A,Export,2026-05-26,2026-06-08,2026-06-07,2026-06-07,2026-06-08,734,Air,No Delay
ORD-00741,Customer 03,Sensor,Plant B,South,2026-05-09,2026-05-23,2026-05-20,2026-05-20,2026-05-23,194,Sea,No Delay
ORD-00742,Customer 18,Switchgear,Plant A,Export,2026-01-21,2026-01-28,2026-01-26,2026-01-24,2026-01-25,1396,Sea,No Delay
ORD-00743,Customer 01,Power Supply,Plant C,South,2026-02-04,2026-02-24,2026-02-20,2026-02-20,2026-02-26,510,Sea,Customer Change
ORD-00744,Customer 06,Contactor,Plant B,Central,2026-06-19,2026-07-10,2026-07-05,2026-07-04,2026-07-10,1062,Air,No Delay
ORD-00745,Customer 08,Contactor,Plant B,South,2026-01-14,2026-02-01,2026-01-28,2026-01-27,2026-01-31,999,Air,No Delay
ORD-00746,Customer 30,Breaker,Plant B,Export,2026-03-09,2026-03-20,2026-03-19,2026-03-19,2026-03-20,127,Air,No Delay
ORD-00747,Customer 24,Relay,Plant B,South,2026-01-02,2026-01-26,2026-01-22,2026-01-21,2026-01-24,28,Road,No Delay
ORD-00748,Customer 16,Breaker,Plant A,South,2026-04-21,2026-05-11,2026-05-09,2026-05-09,2026-05-11,473,Air,No Delay
ORD-00749,Customer 22,Switchgear,Plant A,Central,2026-04-12,2026-04-28,2026-04-25,2026-04-23,2026-04-25,734,Sea,No Delay
ORD-00750,Customer 02,Relay,Plant B,Export,2026-04-22,2026-04-27,2026-04-24,2026-04-24,2026-04-26,688,Road,No Delay
ORD-00751,Customer 16,Relay,Plant B,Export,2026-02-11,2026-02-22,2026-02-18,2026-02-17,2026-02-21,1037,Sea,No Delay
ORD-00752,Customer 01,PLC,Plant A,South,2026-04-10,2026-04-19,2026-04-18,2026-04-16,2026-04-17,889,Sea,No Delay
ORD-00753,Customer 05,Relay,Plant A,South,2026-01-03,2026-01-21,2026-01-17,2026-01-16,2026-01-20,245,Air,No Delay
ORD-00754,Customer 28,Relay,Plant A,North,2026-06-29,2026-07-11,2026-07-07,2026-07-07,2026-07-12,280,Air,Production Delay
ORD-00755,Customer 28,Breaker,Plant B,Export,2026-01-10,2026-01-23,2026-01-21,2026-01-20,2026-01-23,1085,Air,No Delay
ORD-00756,Customer 21,Breaker,Plant B,North,2026-06-29,2026-07-24,2026-07-22,2026-07-21,2026-07-22,561,Air,No Delay
ORD-00757,Customer 10,Switchgear,Plant B,North,2026-03-13,2026-03-29,2026-03-25,2026-03-23,2026-04-01,892,Road,Production Delay
ORD-00758,Customer 25,Relay,Plant B,South,2026-03-06,2026-03-26,2026-03-23,2026-03-21,2026-03-23,750,Sea,No Delay
ORD-00759,Customer 03,Contactor,Plant A,North,2026-05-31,2026-06-21,2026-06-16,2026-06-16,2026-06-21,94,Sea,No Delay
ORD-00760,Customer 10,Switchgear,Plant A,Central,2026-06-17,2026-06-28,2026-06-26,2026-06-24,2026-06-27,99,Road,No Delay
ORD-00761,Customer 23,Contactor,Plant B,North,2026-02-19,2026-03-09,2026-03-04,2026-03-04,2026-03-09,998,Air,No Delay
ORD-00762,Customer 19,Breaker,Plant C,Central,2026-05-15,2026-06-05,2026-06-04,2026-06-03,2026-06-04,824,Air,No Delay
ORD-00763,Customer 13,Sensor,Plant A,Central,2026-06-25,2026-07-17,2026-07-12,2026-07-15,2026-07-21,17,Road,Documentation Issue
ORD-00764,Customer 09,Sensor,Plant A,South,2026-05-27,2026-06-07,2026-06-02,2026-06-02,2026-06-08,1460,Air,Capacity Constraint
ORD-00765,Customer 05,Sensor,Plant A,South,2026-05-22,2026-05-30,2026-05-28,2026-05-28,2026-05-30,115,Sea,No Delay
ORD-00766,Customer 03,Sensor,Plant C,Central,2026-03-05,2026-03-16,2026-03-11,2026-03-11,2026-03-17,846,Sea,Carrier Delay
ORD-00767,Customer 09,Relay,Plant B,North,2026-03-17,2026-04-01,2026-03-31,2026-03-29,2026-03-30,1110,Sea,No Delay
ORD-00768,Customer 09,PLC,Plant C,Export,2026-05-30,2026-06-07,2026-06-03,2026-06-02,2026-06-06,328,Air,No Delay
ORD-00769,Customer 06,Relay,Plant A,Export,2026-03-01,2026-03-19,2026-03-16,2026-03-15,2026-03-18,379,Sea,No Delay
ORD-00770,Customer 05,Contactor,Plant B,Central,2026-03-14,2026-03-19,2026-03-16,2026-03-14,2026-03-18,941,Sea,No Delay
ORD-00771,Customer 04,Breaker,Plant C,North,2026-04-14,2026-04-22,2026-04-17,2026-04-15,2026-04-20,280,Road,No Delay
ORD-00772,Customer 04,Drive,Plant C,North,2026-01-22,2026-02-04,2026-02-02,2026-02-02,2026-02-03,424,Road,No Delay
ORD-00773,Customer 02,Sensor,Plant C,North,2026-05-03,2026-05-26,2026-05-22,2026-05-21,2026-05-25,53,Road,No Delay
ORD-00774,Customer 01,PLC,Plant B,Export,2026-01-27,2026-02-18,2026-02-15,2026-02-14,2026-02-16,311,Air,No Delay
ORD-00775,Customer 04,PLC,Plant A,South,2026-06-17,2026-07-01,2026-06-29,2026-06-29,2026-06-30,741,Road,No Delay
ORD-00776,Customer 14,Drive,Plant C,Central,2026-06-07,2026-06-22,2026-06-21,2026-06-19,2026-06-21,1401,Air,No Delay
ORD-00777,Customer 22,Drive,Plant B,North,2026-02-08,2026-02-22,2026-02-17,2026-02-16,2026-02-21,14,Road,No Delay
ORD-00778,Customer 14,Sensor,Plant A,North,2026-06-17,2026-06-26,2026-06-23,2026-06-22,2026-06-24,671,Road,No Delay
ORD-00779,Customer 21,Drive,Plant A,Central,2026-02-16,2026-03-05,2026-03-02,2026-03-01,2026-03-04,794,Air,No Delay
ORD-00780,Customer 23,Power Supply,Plant C,Central,2026-05-21,2026-06-10,2026-06-05,2026-06-05,2026-06-10,1449,Road,No Delay
ORD-00781,Customer 05,Contactor,Plant A,South,2026-03-02,2026-03-18,2026-03-17,2026-03-15,2026-03-17,749,Road,No Delay
ORD-00782,Customer 08,Breaker,Plant C,Central,2026-03-17,2026-04-05,2026-04-03,2026-04-03,2026-04-05,250,Sea,No Delay
ORD-00783,Customer 04,Contactor,Plant B,Central,2026-06-30,2026-07-09,2026-07-05,2026-07-05,2026-07-09,71,Road,No Delay
ORD-00784,Customer 16,Relay,Plant C,South,2026-04-04,2026-04-13,2026-04-12,2026-04-10,2026-04-11,972,Air,No Delay
ORD-00785,Customer 06,Relay,Plant A,Export,2026-03-28,2026-04-16,2026-04-15,2026-04-13,2026-04-14,877,Sea,No Delay
ORD-00786,Customer 06,Sensor,Plant A,Export,2026-04-27,2026-05-19,2026-05-16,2026-05-16,2026-05-19,266,Sea,No Delay
ORD-00787,Customer 03,Switchgear,Plant B,South,2026-02-24,2026-03-13,2026-03-08,2026-03-07,2026-03-13,1346,Sea,No Delay
ORD-00788,Customer 04,Contactor,Plant B,South,2026-04-14,2026-05-01,2026-04-29,2026-04-28,2026-04-30,67,Road,No Delay
ORD-00789,Customer 07,Breaker,Plant A,South,2026-03-14,2026-03-24,2026-03-19,2026-03-17,2026-03-22,184,Sea,No Delay
ORD-00790,Customer 01,Drive,Plant B,Export,2026-05-25,2026-05-31,2026-05-26,2026-06-03,2026-06-07,1034,Road,Carrier Delay
ORD-00791,Customer 04,Relay,Plant A,Export,2026-03-22,2026-04-08,2026-04-05,2026-04-07,2026-04-10,986,Sea,Capacity Constraint
ORD-00792,Customer 08,PLC,Plant C,Central,2026-01-10,2026-01-24,2026-01-22,2026-01-21,2026-01-22,1481,Road,No Delay
ORD-00793,Customer 12,Power Supply,Plant A,Export,2026-05-09,2026-05-30,2026-05-25,2026-05-24,2026-05-29,499,Road,No Delay
ORD-00794,Customer 05,Sensor,Plant C,North,2026-06-06,2026-06-30,2026-06-29,2026-06-29,2026-06-30,1031,Road,No Delay
ORD-00795,Customer 12,Contactor,Plant A,Central,2026-04-27,2026-05-12,2026-05-10,2026-05-08,2026-05-10,1465,Air,No Delay
ORD-00796,Customer 16,Breaker,Plant B,South,2026-03-08,2026-03-28,2026-03-25,2026-03-24,2026-03-26,831,Air,No Delay
ORD-00797,Customer 14,Switchgear,Plant B,North,2026-06-08,2026-06-17,2026-06-13,2026-06-13,2026-06-17,1281,Sea,No Delay
ORD-00798,Customer 13,Contactor,Plant A,Export,2026-01-15,2026-01-27,2026-01-22,2026-01-20,2026-01-25,956,Sea,No Delay
ORD-00799,Customer 24,Contactor,Plant B,Export,2026-01-24,2026-02-09,2026-02-05,2026-02-05,2026-02-08,418,Air,No Delay
ORD-00800,Customer 16,Contactor,Plant B,Export,2026-03-26,2026-04-02,2026-03-30,2026-03-30,2026-04-02,88,Sea,No Delay
ORD-00801,Customer 02,Drive,Plant B,Export,2026-02-09,2026-03-01,2026-02-27,2026-02-26,2026-03-01,447,Road,No Delay
ORD-00802,Customer 09,Power Supply,Plant A,South,2026-02-24,2026-03-01,2026-02-25,2026-02-25,2026-02-28,1468,Air,No Delay
ORD-00803,Customer 29,Power Supply,Plant B,South,2026-04-18,2026-05-09,2026-05-07,2026-05-06,2026-05-07,346,Road,No Delay
ORD-00804,Customer 23,Power Supply,Plant A,Central,2026-03-31,2026-04-18,2026-04-14,2026-04-14,2026-04-18,169,Sea,No Delay
ORD-00805,Customer 15,Relay,Plant B,South,2026-06-20,2026-07-13,2026-07-08,2026-07-08,2026-07-12,242,Sea,No Delay
ORD-00806,Customer 19,Contactor,Plant A,Central,2026-04-15,2026-04-28,2026-04-23,2026-04-22,2026-04-27,394,Air,No Delay
ORD-00807,Customer 22,Breaker,Plant B,South,2026-06-28,2026-07-20,2026-07-18,2026-07-16,2026-07-18,43,Air,No Delay
ORD-00808,Customer 12,Power Supply,Plant C,South,2026-03-20,2026-04-10,2026-04-09,2026-04-09,2026-04-10,242,Road,No Delay
ORD-00809,Customer 28,Power Supply,Plant C,South,2026-04-28,2026-05-16,2026-05-13,2026-05-13,2026-05-17,1447,Sea,Carrier Delay
ORD-00810,Customer 25,Contactor,Plant C,Export,2026-01-26,2026-02-02,2026-02-01,2026-01-30,2026-01-31,1040,Sea,No Delay
ORD-00811,Customer 16,Contactor,Plant B,Export,2026-01-09,2026-01-23,2026-01-19,2026-01-18,2026-01-21,855,Sea,No Delay
ORD-00812,Customer 09,Sensor,Plant B,Central,2026-06-30,2026-07-17,2026-07-16,2026-07-14,2026-07-15,18,Air,No Delay
ORD-00813,Customer 19,Power Supply,Plant A,Export,2026-01-09,2026-01-14,2026-01-13,2026-01-12,2026-01-13,404,Sea,No Delay
ORD-00814,Customer 13,Relay,Plant B,South,2026-06-14,2026-07-01,2026-06-30,2026-06-30,2026-07-01,1069,Road,No Delay
ORD-00815,Customer 27,Sensor,Plant C,Central,2026-04-22,2026-05-04,2026-05-03,2026-05-01,2026-05-03,670,Road,No Delay
ORD-00816,Customer 18,Contactor,Plant C,Export,2026-01-24,2026-01-31,2026-01-30,2026-01-30,2026-01-31,61,Sea,No Delay
ORD-00817,Customer 27,PLC,Plant C,Export,2026-02-03,2026-02-22,2026-02-19,2026-02-19,2026-02-22,543,Sea,No Delay
ORD-00818,Customer 15,Contactor,Plant A,Central,2026-01-14,2026-01-27,2026-01-26,2026-01-26,2026-01-28,588,Air,Material Shortage
ORD-00819,Customer 26,Breaker,Plant B,North,2026-02-16,2026-02-23,2026-02-22,2026-02-21,2026-02-22,1006,Sea,No Delay
ORD-00820,Customer 01,Relay,Plant C,North,2026-01-20,2026-01-31,2026-01-27,2026-01-26,2026-01-30,250,Air,No Delay
ORD-00821,Customer 30,Contactor,Plant A,North,2026-03-30,2026-04-19,2026-04-14,2026-04-12,2026-04-18,1107,Road,No Delay
ORD-00822,Customer 05,PLC,Plant A,Central,2026-05-13,2026-06-03,2026-06-01,2026-05-31,2026-06-02,558,Air,No Delay
ORD-00823,Customer 16,Power Supply,Plant C,Export,2026-05-04,2026-05-15,2026-05-14,2026-05-14,2026-05-15,405,Air,No Delay
ORD-00824,Customer 24,Switchgear,Plant B,Export,2026-02-14,2026-02-25,2026-02-22,2026-02-20,2026-02-23,877,Sea,No Delay
ORD-00825,Customer 12,Contactor,Plant B,Central,2026-03-11,2026-03-26,2026-03-21,2026-03-20,2026-03-25,79,Sea,No Delay
ORD-00826,Customer 06,Drive,Plant B,Central,2026-03-06,2026-03-29,2026-03-25,2026-03-25,2026-03-29,742,Road,No Delay
ORD-00827,Customer 01,Drive,Plant A,Export,2026-01-19,2026-01-30,2026-01-27,2026-01-26,2026-01-28,1172,Air,No Delay
ORD-00828,Customer 09,Contactor,Plant C,Export,2026-03-01,2026-03-23,2026-03-22,2026-03-22,2026-03-24,1407,Air,Capacity Constraint
ORD-00829,Customer 14,Contactor,Plant A,Export,2026-03-23,2026-04-07,2026-04-05,2026-04-04,2026-04-05,360,Sea,No Delay
ORD-00830,Customer 28,Breaker,Plant B,South,2026-03-25,2026-04-17,2026-04-13,2026-04-11,2026-04-14,278,Air,No Delay
ORD-00831,Customer 27,Power Supply,Plant C,South,2026-01-10,2026-02-01,2026-01-27,2026-01-27,2026-01-31,572,Air,No Delay
ORD-00832,Customer 10,Switchgear,Plant B,North,2026-03-30,2026-04-16,2026-04-15,2026-04-14,2026-04-16,775,Sea,No Delay
ORD-00833,Customer 28,Power Supply,Plant A,Central,2026-01-27,2026-02-01,2026-01-30,2026-01-28,2026-01-29,190,Road,No Delay
ORD-00834,Customer 10,Contactor,Plant B,South,2026-04-05,2026-04-27,2026-04-26,2026-04-24,2026-04-25,1418,Sea,No Delay
ORD-00835,Customer 28,Relay,Plant C,Export,2026-04-08,2026-04-21,2026-04-19,2026-04-19,2026-04-20,1314,Air,No Delay
ORD-00836,Customer 11,Switchgear,Plant A,North,2026-06-21,2026-06-29,2026-06-24,2026-06-24,2026-06-29,550,Air,No Delay
ORD-00837,Customer 16,Breaker,Plant A,North,2026-01-22,2026-02-07,2026-02-02,2026-01-31,2026-02-04,1383,Road,No Delay
ORD-00838,Customer 17,Drive,Plant B,Export,2026-04-30,2026-05-17,2026-05-15,2026-05-14,2026-05-17,1352,Road,No Delay
ORD-00839,Customer 17,PLC,Plant B,Central,2026-05-10,2026-05-18,2026-05-16,2026-05-15,2026-05-17,150,Air,No Delay
ORD-00840,Customer 04,Contactor,Plant A,North,2026-04-19,2026-04-29,2026-04-26,2026-04-26,2026-04-29,953,Road,No Delay
ORD-00841,Customer 18,Contactor,Plant B,Export,2026-03-10,2026-03-15,2026-03-11,2026-03-10,2026-03-14,444,Road,No Delay
ORD-00842,Customer 02,Power Supply,Plant C,Export,2026-04-12,2026-05-03,2026-04-29,2026-04-27,2026-05-01,407,Air,No Delay
ORD-00843,Customer 02,PLC,Plant A,Central,2026-02-18,2026-03-07,2026-03-05,2026-03-05,2026-03-08,245,Road,Customer Change
ORD-00844,Customer 20,Power Supply,Plant B,Export,2026-01-10,2026-02-02,2026-01-30,2026-01-30,2026-02-02,217,Road,No Delay
ORD-00845,Customer 10,Breaker,Plant A,Central,2026-06-27,2026-07-10,2026-07-06,2026-07-04,2026-07-08,1040,Sea,No Delay
ORD-00846,Customer 03,Relay,Plant A,South,2026-06-09,2026-06-29,2026-06-26,2026-06-26,2026-06-29,942,Road,No Delay
ORD-00847,Customer 25,Breaker,Plant C,South,2026-01-04,2026-01-24,2026-01-20,2026-01-18,2026-01-21,980,Sea,No Delay
ORD-00848,Customer 10,PLC,Plant C,Central,2026-01-01,2026-01-21,2026-01-19,2026-01-17,2026-01-20,310,Road,No Delay
ORD-00849,Customer 09,Drive,Plant B,North,2026-01-26,2026-02-09,2026-02-06,2026-02-06,2026-02-10,732,Air,Documentation Issue
ORD-00850,Customer 28,PLC,Plant C,Central,2026-03-27,2026-04-17,2026-04-12,2026-04-11,2026-04-16,741,Air,No Delay
ORD-00851,Customer 07,Power Supply,Plant C,North,2026-01-08,2026-01-20,2026-01-15,2026-01-14,2026-01-19,570,Sea,No Delay
ORD-00852,Customer 19,Power Supply,Plant B,South,2026-06-23,2026-07-15,2026-07-11,2026-07-14,2026-07-18,400,Road,Documentation Issue
ORD-00853,Customer 26,Drive,Plant B,North,2026-05-29,2026-06-19,2026-06-16,2026-06-14,2026-06-17,27,Air,No Delay
ORD-00854,Customer 10,Switchgear,Plant B,North,2026-06-25,2026-07-04,2026-06-30,2026-06-30,2026-07-05,613,Road,Production Delay
ORD-00855,Customer 01,Power Supply,Plant B,North,2026-04-27,2026-05-03,2026-05-01,2026-05-01,2026-05-02,112,Air,No Delay
ORD-00856,Customer 05,PLC,Plant B,North,2026-02-05,2026-02-21,2026-02-18,2026-02-18,2026-02-20,605,Road,No Delay
ORD-00857,Customer 29,Contactor,Plant B,South,2026-01-09,2026-01-29,2026-01-26,2026-01-26,2026-01-29,1232,Air,No Delay
ORD-00858,Customer 14,PLC,Plant B,South,2026-02-14,2026-03-09,2026-03-05,2026-03-04,2026-03-08,185,Air,No Delay
ORD-00859,Customer 15,Drive,Plant C,South,2026-05-26,2026-06-20,2026-06-16,2026-06-15,2026-06-18,969,Air,No Delay
ORD-00860,Customer 25,Power Supply,Plant A,Central,2026-04-20,2026-05-09,2026-05-05,2026-05-04,2026-05-09,1269,Air,No Delay
ORD-00861,Customer 13,Relay,Plant B,North,2026-03-04,2026-03-27,2026-03-22,2026-03-22,2026-03-26,957,Sea,No Delay
ORD-00862,Customer 27,Sensor,Plant C,Export,2026-04-28,2026-05-04,2026-05-03,2026-05-03,2026-05-04,1424,Air,No Delay
ORD-00863,Customer 18,Switchgear,Plant A,Central,2026-01-16,2026-01-24,2026-01-19,2026-01-19,2026-01-24,1393,Sea,No Delay
ORD-00864,Customer 04,Contactor,Plant A,Central,2026-02-09,2026-02-23,2026-02-20,2026-02-18,2026-02-22,1246,Road,No Delay
ORD-00865,Customer 02,Contactor,Plant B,Export,2026-05-14,2026-05-22,2026-05-20,2026-05-19,2026-05-22,1000,Road,No Delay
ORD-00866,Customer 21,Breaker,Plant A,Central,2026-03-02,2026-03-24,2026-03-21,2026-03-21,2026-03-25,1356,Road,Production Delay
ORD-00867,Customer 19,Switchgear,Plant B,South,2026-02-13,2026-03-06,2026-03-01,2026-02-28,2026-03-05,811,Air,No Delay
ORD-00868,Customer 04,Power Supply,Plant A,South,2026-06-28,2026-07-06,2026-07-02,2026-07-01,2026-07-04,79,Sea,No Delay
ORD-00869,Customer 15,Sensor,Plant A,Central,2026-06-16,2026-07-10,2026-07-06,2026-07-05,2026-07-09,742,Sea,No Delay
ORD-00870,Customer 05,Drive,Plant C,South,2026-05-09,2026-05-20,2026-05-17,2026-05-17,2026-05-21,951,Sea,Customer Change
ORD-00871,Customer 20,Relay,Plant C,South,2026-02-05,2026-02-18,2026-02-15,2026-02-13,2026-02-16,275,Sea,No Delay
ORD-00872,Customer 28,Relay,Plant A,North,2026-03-24,2026-04-16,2026-04-11,2026-04-11,2026-04-15,1372,Road,No Delay
ORD-00873,Customer 06,Power Supply,Plant B,North,2026-05-08,2026-05-28,2026-05-25,2026-05-25,2026-05-27,136,Sea,No Delay
ORD-00874,Customer 27,Breaker,Plant A,South,2026-03-06,2026-03-14,2026-03-13,2026-03-11,2026-03-12,230,Sea,No Delay
ORD-00875,Customer 10,PLC,Plant A,Central,2026-04-26,2026-05-13,2026-05-11,2026-05-15,2026-05-17,898,Sea,Customer Change
ORD-00876,Customer 05,Breaker,Plant B,Export,2026-02-19,2026-02-26,2026-02-21,2026-02-21,2026-02-26,1173,Sea,No Delay
ORD-00877,Customer 19,Switchgear,Plant C,South,2026-01-19,2026-02-03,2026-02-01,2026-02-01,2026-02-03,740,Sea,No Delay
ORD-00878,Customer 05,Sensor,Plant A,North,2026-05-24,2026-06-02,2026-06-01,2026-06-01,2026-06-02,1031,Road,No Delay
ORD-00879,Customer 12,Contactor,Plant A,South,2026-01-14,2026-02-07,2026-02-02,2026-01-31,2026-02-05,163,Sea,No Delay
ORD-00880,Customer 18,Contactor,Plant C,Export,2026-05-28,2026-06-09,2026-06-04,2026-06-04,2026-06-09,548,Sea,No Delay
ORD-00881,Customer 18,Drive,Plant C,North,2026-01-08,2026-01-14,2026-01-11,2026-01-09,2026-01-11,492,Air,No Delay
ORD-00882,Customer 20,Contactor,Plant C,Export,2026-01-19,2026-02-11,2026-02-06,2026-02-04,2026-02-08,275,Air,No Delay
ORD-00883,Customer 26,PLC,Plant A,North,2026-01-11,2026-01-19,2026-01-18,2026-01-16,2026-01-17,63,Road,No Delay
ORD-00884,Customer 25,Power Supply,Plant C,Central,2026-05-17,2026-06-10,2026-06-06,2026-06-06,2026-06-11,890,Sea,Documentation Issue
ORD-00885,Customer 14,Breaker,Plant A,Central,2026-04-20,2026-05-12,2026-05-10,2026-05-08,2026-05-10,198,Sea,No Delay
ORD-00886,Customer 08,Breaker,Plant A,North,2026-01-03,2026-01-15,2026-01-11,2026-01-11,2026-01-14,269,Air,No Delay
ORD-00887,Customer 13,Switchgear,Plant C,North,2026-02-16,2026-03-02,2026-03-01,2026-03-01,2026-03-02,1354,Road,No Delay
ORD-00888,Customer 10,Drive,Plant C,South,2026-01-20,2026-02-02,2026-01-28,2026-01-28,2026-02-02,1348,Road,No Delay
ORD-00889,Customer 14,Switchgear,Plant B,North,2026-05-15,2026-05-28,2026-05-25,2026-05-25,2026-05-27,426,Road,No Delay
ORD-00890,Customer 26,Relay,Plant A,Central,2026-05-14,2026-05-26,2026-05-23,2026-05-21,2026-05-24,1440,Air,No Delay
ORD-00891,Customer 10,Contactor,Plant A,South,2026-06-16,2026-07-05,2026-07-04,2026-07-02,2026-07-03,1258,Air,No Delay
ORD-00892,Customer 22,Power Supply,Plant C,North,2026-05-07,2026-05-12,2026-05-08,2026-05-06,2026-05-10,1362,Air,No Delay
ORD-00893,Customer 19,PLC,Plant A,South,2026-01-09,2026-01-31,2026-01-28,2026-01-28,2026-01-31,1496,Sea,No Delay
ORD-00894,Customer 18,Switchgear,Plant B,South,2026-04-22,2026-05-10,2026-05-09,2026-05-09,2026-05-10,342,Air,No Delay
ORD-00895,Customer 25,Sensor,Plant B,Export,2026-04-30,2026-05-12,2026-05-10,2026-05-09,2026-05-10,89,Sea,No Delay
ORD-00896,Customer 22,Drive,Plant B,Central,2026-03-12,2026-03-28,2026-03-25,2026-03-25,2026-03-27,918,Air,No Delay
ORD-00897,Customer 02,Contactor,Plant B,South,2026-01-05,2026-01-24,2026-01-23,2026-01-22,2026-01-24,141,Air,No Delay
ORD-00898,Customer 05,Breaker,Plant A,North,2026-02-16,2026-03-01,2026-02-26,2026-02-25,2026-02-28,1350,Road,No Delay
ORD-00899,Customer 09,Sensor,Plant A,South,2026-02-17,2026-03-10,2026-03-06,2026-03-04,2026-03-07,1116,Sea,No Delay
ORD-00900,Customer 08,PLC,Plant B,South,2026-01-12,2026-02-05,2026-02-03,2026-02-01,2026-02-02,1404,Air,No Delay
ORD-00901,Customer 12,Drive,Plant B,South,2026-01-19,2026-02-13,2026-02-09,2026-02-07,2026-02-11,973,Air,No Delay
ORD-00902,Customer 20,PLC,Plant B,South,2026-06-09,2026-06-14,2026-06-12,2026-06-11,2026-06-14,450,Air,No Delay
ORD-00903,Customer 08,Power Supply,Plant C,North,2026-05-30,2026-06-05,2026-06-03,2026-06-03,2026-06-04,1090,Road,No Delay
ORD-00904,Customer 10,PLC,Plant B,Central,2026-06-05,2026-06-25,2026-06-20,2026-06-19,2026-06-24,751,Road,No Delay
ORD-00905,Customer 18,Contactor,Plant B,Export,2026-04-27,2026-05-12,2026-05-11,2026-05-10,2026-05-11,1249,Road,No Delay
ORD-00906,Customer 22,Relay,Plant C,South,2026-04-25,2026-05-13,2026-05-11,2026-05-09,2026-05-11,597,Air,No Delay
ORD-00907,Customer 29,Relay,Plant B,North,2026-03-22,2026-03-30,2026-03-29,2026-03-29,2026-03-31,351,Road,Production Delay
ORD-00908,Customer 27,Power Supply,Plant A,Central,2026-04-18,2026-05-01,2026-04-26,2026-04-25,2026-04-30,159,Road,No Delay
ORD-00909,Customer 08,Sensor,Plant A,South,2026-05-12,2026-06-02,2026-05-29,2026-05-28,2026-06-01,699,Sea,No Delay
ORD-00910,Customer 21,Switchgear,Plant C,Export,2026-06-05,2026-06-29,2026-06-28,2026-06-29,2026-06-30,602,Air,Documentation Issue
ORD-00911,Customer 19,Drive,Plant C,Export,2026-06-29,2026-07-08,2026-07-06,2026-07-06,2026-07-08,786,Air,No Delay
ORD-00912,Customer 11,Breaker,Plant C,Export,2026-04-23,2026-05-03,2026-04-28,2026-04-27,2026-05-02,594,Air,No Delay
ORD-00913,Customer 19,Drive,Plant A,South,2026-04-09,2026-04-24,2026-04-22,2026-04-20,2026-04-22,593,Road,No Delay
ORD-00914,Customer 09,Contactor,Plant A,South,2026-01-31,2026-02-14,2026-02-11,2026-02-09,2026-02-12,298,Road,No Delay
ORD-00915,Customer 07,Breaker,Plant B,North,2026-02-22,2026-03-16,2026-03-11,2026-03-09,2026-03-15,766,Road,No Delay
ORD-00916,Customer 04,Contactor,Plant B,Export,2026-03-14,2026-04-06,2026-04-02,2026-04-02,2026-04-06,1020,Air,No Delay
ORD-00917,Customer 08,Contactor,Plant B,Central,2026-01-23,2026-02-01,2026-01-29,2026-01-27,2026-01-29,1048,Air,No Delay
ORD-00918,Customer 30,Drive,Plant A,North,2026-03-12,2026-03-31,2026-03-26,2026-03-24,2026-03-28,1309,Sea,No Delay
ORD-00919,Customer 16,Relay,Plant C,Export,2026-01-03,2026-01-15,2026-01-13,2026-01-11,2026-01-13,588,Road,No Delay
ORD-00920,Customer 16,PLC,Plant C,Central,2026-02-20,2026-03-17,2026-03-16,2026-03-16,2026-03-17,89,Air,No Delay
ORD-00921,Customer 22,Relay,Plant B,Central,2026-06-26,2026-07-09,2026-07-04,2026-07-04,2026-07-09,608,Sea,No Delay
ORD-00922,Customer 04,Sensor,Plant B,Export,2026-05-05,2026-05-25,2026-05-21,2026-05-21,2026-05-25,676,Road,No Delay
ORD-00923,Customer 23,Relay,Plant B,Export,2026-06-19,2026-07-07,2026-07-06,2026-07-05,2026-07-06,1240,Air,No Delay
ORD-00924,Customer 25,Drive,Plant B,South,2026-06-25,2026-07-07,2026-07-06,2026-07-06,2026-07-07,852,Air,No Delay
ORD-00925,Customer 11,Breaker,Plant B,Export,2026-04-24,2026-05-12,2026-05-08,2026-05-06,2026-05-10,849,Road,No Delay
ORD-00926,Customer 20,Breaker,Plant C,North,2026-05-27,2026-06-06,2026-06-01,2026-06-01,2026-06-07,786,Road,Production Delay
ORD-00927,Customer 12,PLC,Plant A,Export,2026-06-30,2026-07-15,2026-07-12,2026-07-12,2026-07-14,1480,Road,No Delay
ORD-00928,Customer 01,Contactor,Plant C,Export,2026-03-16,2026-03-26,2026-03-23,2026-03-21,2026-03-23,1003,Road,No Delay
ORD-00929,Customer 04,Power Supply,Plant C,Export,2026-02-10,2026-02-24,2026-02-21,2026-02-21,2026-02-23,278,Sea,No Delay
ORD-00930,Customer 30,Relay,Plant A,Export,2026-03-11,2026-03-18,2026-03-17,2026-03-17,2026-03-23,407,Sea,Capacity Constraint
ORD-00931,Customer 04,Sensor,Plant C,Export,2026-03-21,2026-04-05,2026-04-01,2026-03-30,2026-04-03,781,Air,No Delay
ORD-00932,Customer 17,PLC,Plant B,North,2026-04-20,2026-04-27,2026-04-25,2026-04-30,2026-05-02,1027,Sea,Capacity Constraint
ORD-00933,Customer 13,PLC,Plant B,South,2026-04-11,2026-04-27,2026-04-22,2026-04-21,2026-04-27,986,Sea,No Delay
ORD-00934,Customer 07,Switchgear,Plant C,Central,2026-01-28,2026-02-22,2026-02-19,2026-02-19,2026-02-21,181,Road,No Delay
ORD-00935,Customer 09,Power Supply,Plant B,South,2026-04-14,2026-05-08,2026-05-04,2026-05-04,2026-05-07,318,Road,No Delay
ORD-00936,Customer 26,Switchgear,Plant C,Export,2026-03-24,2026-04-16,2026-04-11,2026-04-09,2026-04-14,651,Sea,No Delay
ORD-00937,Customer 03,Power Supply,Plant A,North,2026-03-02,2026-03-17,2026-03-13,2026-03-13,2026-03-16,341,Sea,No Delay
ORD-00938,Customer 21,Switchgear,Plant A,Export,2026-02-01,2026-02-11,2026-02-09,2026-02-07,2026-02-09,827,Road,No Delay
ORD-00939,Customer 21,Relay,Plant A,South,2026-03-17,2026-03-25,2026-03-21,2026-03-26,2026-03-31,1081,Sea,Capacity Constraint
ORD-00940,Customer 11,Relay,Plant A,Export,2026-02-22,2026-03-18,2026-03-15,2026-03-14,2026-03-17,30,Air,No Delay
ORD-00941,Customer 04,Switchgear,Plant B,North,2026-04-17,2026-04-27,2026-04-25,2026-04-23,2026-04-25,135,Sea,No Delay
ORD-00942,Customer 30,PLC,Plant B,South,2026-04-30,2026-05-24,2026-05-22,2026-05-22,2026-05-24,882,Sea,No Delay
ORD-00943,Customer 04,PLC,Plant B,Central,2026-03-20,2026-04-05,2026-03-31,2026-03-30,2026-04-03,548,Sea,No Delay
ORD-00944,Customer 19,Sensor,Plant C,Export,2026-01-27,2026-02-05,2026-01-31,2026-01-30,2026-02-05,438,Road,No Delay
ORD-00945,Customer 28,Breaker,Plant B,North,2026-01-01,2026-01-13,2026-01-11,2026-01-11,2026-01-13,116,Road,No Delay
ORD-00946,Customer 08,Power Supply,Plant B,Export,2026-05-11,2026-05-30,2026-05-26,2026-05-25,2026-05-30,1456,Air,No Delay
ORD-00947,Customer 27,Sensor,Plant C,Central,2026-04-01,2026-04-15,2026-04-10,2026-04-08,2026-04-13,905,Sea,No Delay
ORD-00948,Customer 28,Drive,Plant B,South,2026-04-24,2026-05-14,2026-05-11,2026-05-11,2026-05-14,878,Road,No Delay
ORD-00949,Customer 17,PLC,Plant A,South,2026-06-07,2026-06-29,2026-06-27,2026-06-25,2026-06-27,682,Road,No Delay
ORD-00950,Customer 21,Switchgear,Plant B,North,2026-04-05,2026-04-18,2026-04-13,2026-04-13,2026-04-17,1434,Sea,No Delay
ORD-00951,Customer 06,Switchgear,Plant C,North,2026-03-06,2026-03-19,2026-03-18,2026-03-19,2026-03-21,88,Air,Documentation Issue
ORD-00952,Customer 28,Contactor,Plant A,Export,2026-01-08,2026-02-01,2026-01-30,2026-01-28,2026-01-29,1315,Sea,No Delay
ORD-00953,Customer 11,Drive,Plant C,Central,2026-01-16,2026-01-31,2026-01-30,2026-01-29,2026-01-31,1211,Sea,No Delay
ORD-00954,Customer 27,Relay,Plant C,South,2026-04-04,2026-04-25,2026-04-24,2026-04-23,2026-04-24,181,Road,No Delay
ORD-00955,Customer 27,Breaker,Plant B,South,2026-04-24,2026-04-30,2026-04-27,2026-04-27,2026-04-30,1158,Air,No Delay
ORD-00956,Customer 04,Contactor,Plant A,North,2026-01-31,2026-02-15,2026-02-11,2026-02-11,2026-02-16,390,Air,Material Shortage
ORD-00957,Customer 29,PLC,Plant B,Central,2026-06-01,2026-06-26,2026-06-25,2026-06-23,2026-06-24,281,Air,No Delay
ORD-00958,Customer 07,Sensor,Plant A,Central,2026-01-14,2026-01-31,2026-01-28,2026-01-26,2026-01-29,614,Air,No Delay
ORD-00959,Customer 17,Switchgear,Plant C,Central,2026-06-28,2026-07-17,2026-07-14,2026-07-13,2026-07-16,85,Sea,No Delay
ORD-00960,Customer 22,Sensor,Plant A,South,2026-04-09,2026-04-18,2026-04-13,2026-04-13,2026-04-18,1442,Sea,No Delay
ORD-00961,Customer 02,Contactor,Plant C,Central,2026-05-22,2026-06-04,2026-06-03,2026-06-01,2026-06-02,983,Road,No Delay
ORD-00962,Customer 21,Drive,Plant A,Central,2026-04-30,2026-05-23,2026-05-20,2026-05-19,2026-05-22,873,Air,No Delay
ORD-00963,Customer 06,Breaker,Plant B,Export,2026-03-27,2026-04-11,2026-04-10,2026-04-09,2026-04-10,1225,Sea,No Delay
ORD-00964,Customer 16,Power Supply,Plant B,North,2026-06-27,2026-07-15,2026-07-11,2026-07-09,2026-07-13,489,Sea,No Delay
ORD-00965,Customer 06,Sensor,Plant C,Central,2026-01-28,2026-02-15,2026-02-11,2026-02-11,2026-02-16,1173,Road,Capacity Constraint
ORD-00966,Customer 15,Breaker,Plant C,Central,2026-02-03,2026-02-18,2026-02-17,2026-02-22,2026-02-23,420,Road,Production Delay
ORD-00967,Customer 05,Drive,Plant A,Export,2026-03-19,2026-04-02,2026-04-01,2026-03-30,2026-03-31,336,Air,No Delay
ORD-00968,Customer 27,Switchgear,Plant C,Central,2026-01-26,2026-02-15,2026-02-10,2026-02-10,2026-02-15,206,Air,No Delay
ORD-00969,Customer 18,Contactor,Plant B,Export,2026-02-02,2026-02-17,2026-02-15,2026-02-14,2026-02-16,1381,Sea,No Delay
ORD-00970,Customer 17,Breaker,Plant C,Export,2026-05-31,2026-06-05,2026-06-03,2026-06-01,2026-06-03,168,Sea,No Delay
ORD-00971,Customer 13,Relay,Plant B,Central,2026-02-28,2026-03-09,2026-03-05,2026-03-03,2026-03-07,593,Air,No Delay
ORD-00972,Customer 17,Contactor,Plant B,North,2026-04-10,2026-04-30,2026-04-29,2026-04-28,2026-04-29,719,Sea,No Delay
ORD-00973,Customer 17,Power Supply,Plant C,Export,2026-01-26,2026-02-20,2026-02-16,2026-02-14,2026-02-18,33,Air,No Delay
ORD-00974,Customer 04,Switchgear,Plant C,South,2026-06-17,2026-07-04,2026-06-30,2026-06-29,2026-07-03,979,Sea,No Delay
ORD-00975,Customer 28,Contactor,Plant A,North,2026-03-27,2026-04-18,2026-04-15,2026-04-13,2026-04-17,700,Sea,No Delay
ORD-00976,Customer 10,Breaker,Plant A,Export,2026-06-01,2026-06-14,2026-06-12,2026-06-12,2026-06-14,952,Air,No Delay
ORD-00977,Customer 06,Sensor,Plant B,Export,2026-01-13,2026-02-06,2026-02-03,2026-02-02,2026-02-04,45,Air,No Delay
ORD-00978,Customer 08,Relay,Plant A,North,2026-03-25,2026-04-08,2026-04-07,2026-04-06,2026-04-08,268,Sea,No Delay
ORD-00979,Customer 08,Switchgear,Plant A,North,2026-02-07,2026-03-04,2026-02-28,2026-02-27,2026-03-03,678,Air,No Delay
ORD-00980,Customer 11,Sensor,Plant B,Export,2026-01-10,2026-01-19,2026-01-14,2026-01-16,2026-01-22,55,Road,Material Shortage
ORD-00981,Customer 10,PLC,Plant C,North,2026-03-07,2026-04-01,2026-03-31,2026-03-30,2026-03-31,776,Sea,No Delay
ORD-00982,Customer 02,Power Supply,Plant A,South,2026-05-02,2026-05-13,2026-05-09,2026-05-09,2026-05-13,568,Road,No Delay
ORD-00983,Customer 20,Drive,Plant A,Central,2026-04-15,2026-04-26,2026-04-25,2026-04-25,2026-04-26,470,Road,No Delay
ORD-00984,Customer 11,Power Supply,Plant B,North,2026-03-25,2026-04-06,2026-04-05,2026-04-05,2026-04-07,712,Air,Capacity Constraint
ORD-00985,Customer 06,Power Supply,Plant B,Export,2026-03-23,2026-04-08,2026-04-04,2026-04-04,2026-04-08,76,Sea,No Delay
ORD-00986,Customer 17,Drive,Plant B,South,2026-05-27,2026-06-03,2026-05-30,2026-05-29,2026-06-02,655,Air,No Delay
ORD-00987,Customer 14,Breaker,Plant B,Export,2026-06-22,2026-07-11,2026-07-10,2026-07-10,2026-07-12,490,Air,Documentation Issue
ORD-00988,Customer 04,Sensor,Plant A,Central,2026-05-18,2026-05-27,2026-05-23,2026-05-21,2026-05-25,831,Sea,No Delay
ORD-00989,Customer 21,Contactor,Plant C,South,2026-04-15,2026-05-01,2026-04-29,2026-04-29,2026-05-01,1038,Sea,No Delay
ORD-00990,Customer 15,Relay,Plant A,Export,2026-05-17,2026-06-03,2026-06-01,2026-05-31,2026-06-02,600,Road,No Delay
ORD-00991,Customer 14,Power Supply,Plant B,Central,2026-05-17,2026-06-01,2026-05-28,2026-05-28,2026-06-01,1313,Road,No Delay
ORD-00992,Customer 01,Drive,Plant C,Central,2026-06-08,2026-06-20,2026-06-18,2026-06-18,2026-06-21,350,Sea,Documentation Issue
ORD-00993,Customer 07,Relay,Plant B,South,2026-06-10,2026-06-30,2026-06-29,2026-06-27,2026-06-29,1490,Road,No Delay
ORD-00994,Customer 15,Switchgear,Plant A,Export,2026-02-14,2026-03-06,2026-03-04,2026-03-03,2026-03-04,505,Road,No Delay
ORD-00995,Customer 03,Breaker,Plant C,North,2026-04-29,2026-05-20,2026-05-19,2026-05-18,2026-05-19,1406,Sea,No Delay
ORD-00996,Customer 18,Contactor,Plant C,North,2026-04-15,2026-05-06,2026-05-02,2026-04-30,2026-05-04,908,Air,No Delay
ORD-00997,Customer 30,Switchgear,Plant B,North,2026-01-16,2026-01-30,2026-01-26,2026-01-26,2026-01-30,222,Road,No Delay
ORD-00998,Customer 08,Switchgear,Plant A,South,2026-03-09,2026-04-01,2026-03-31,2026-03-30,2026-03-31,208,Air,No Delay
ORD-00999,Customer 23,Switchgear,Plant B,Export,2026-06-14,2026-06-21,2026-06-17,2026-06-16,2026-06-20,1442,Air,No Delay
ORD-01000,Customer 08,Drive,Plant C,South,2026-05-26,2026-06-08,2026-06-03,2026-06-01,2026-06-07,1471,Air,No Delay
ORD-01001,Customer 26,Relay,Plant A,South,2026-03-20,2026-03-30,2026-03-25,2026-03-24,2026-03-29,796,Air,No Delay
ORD-01002,Customer 09,Drive,Plant C,Export,2026-06-13,2026-06-25,2026-06-24,2026-06-24,2026-06-25,986,Sea,No Delay
ORD-01003,Customer 21,Relay,Plant C,Export,2026-02-13,2026-03-01,2026-02-27,2026-02-27,2026-03-02,369,Air,Documentation Issue
ORD-01004,Customer 20,Contactor,Plant C,Central,2026-04-08,2026-04-13,2026-04-12,2026-04-11,2026-04-12,740,Air,No Delay
ORD-01005,Customer 02,Power Supply,Plant C,North,2026-04-28,2026-05-21,2026-05-20,2026-05-20,2026-05-21,684,Sea,No Delay
ORD-01006,Customer 17,PLC,Plant A,South,2026-01-18,2026-01-31,2026-01-26,2026-01-26,2026-01-30,384,Sea,No Delay
ORD-01007,Customer 09,Sensor,Plant A,Central,2026-06-16,2026-06-28,2026-06-26,2026-06-25,2026-06-26,140,Road,No Delay
ORD-01008,Customer 29,Breaker,Plant B,North,2026-05-14,2026-05-28,2026-05-27,2026-05-25,2026-05-26,412,Air,No Delay
ORD-01009,Customer 19,Breaker,Plant C,Export,2026-01-30,2026-02-18,2026-02-17,2026-02-15,2026-02-17,238,Sea,No Delay
ORD-01010,Customer 14,Sensor,Plant B,Central,2026-04-24,2026-05-19,2026-05-17,2026-05-17,2026-05-18,683,Sea,No Delay
ORD-01011,Customer 09,Sensor,Plant C,Export,2026-05-04,2026-05-25,2026-05-22,2026-05-21,2026-05-25,238,Road,No Delay
ORD-01012,Customer 03,Power Supply,Plant C,South,2026-05-05,2026-05-10,2026-05-07,2026-05-07,2026-05-10,203,Air,No Delay
ORD-01013,Customer 17,Sensor,Plant B,Export,2026-03-29,2026-04-23,2026-04-18,2026-04-16,2026-04-21,220,Sea,No Delay
ORD-01014,Customer 13,Relay,Plant A,Central,2026-03-18,2026-04-11,2026-04-09,2026-04-07,2026-04-09,676,Sea,No Delay
ORD-01015,Customer 16,Sensor,Plant B,Central,2026-05-02,2026-05-27,2026-05-22,2026-05-22,2026-05-27,637,Air,No Delay
ORD-01016,Customer 14,Drive,Plant C,Central,2026-04-01,2026-04-16,2026-04-12,2026-04-12,2026-04-20,945,Air,Material Shortage
ORD-01017,Customer 14,Power Supply,Plant B,Central,2026-01-05,2026-01-16,2026-01-14,2026-01-13,2026-01-15,450,Sea,No Delay
ORD-01018,Customer 24,Switchgear,Plant A,Export,2026-05-09,2026-05-28,2026-05-25,2026-05-23,2026-05-26,1418,Sea,No Delay
ORD-01019,Customer 09,Drive,Plant B,South,2026-05-05,2026-05-17,2026-05-14,2026-05-21,2026-05-23,237,Air,Carrier Delay
ORD-01020,Customer 07,Contactor,Plant B,Central,2026-02-04,2026-02-11,2026-02-08,2026-02-15,2026-02-18,681,Sea,Capacity Constraint
ORD-01021,Customer 03,Drive,Plant B,Export,2026-05-20,2026-06-02,2026-05-28,2026-05-27,2026-06-01,449,Road,No Delay
ORD-01022,Customer 24,Breaker,Plant A,North,2026-03-24,2026-04-12,2026-04-10,2026-04-09,2026-04-11,1325,Air,No Delay
ORD-01023,Customer 14,Breaker,Plant C,South,2026-04-20,2026-05-07,2026-05-03,2026-05-03,2026-05-08,1113,Air,Capacity Constraint
ORD-01024,Customer 25,Contactor,Plant C,Central,2026-03-14,2026-04-06,2026-04-03,2026-04-03,2026-04-07,1061,Road,Capacity Constraint
ORD-01025,Customer 15,Switchgear,Plant C,Central,2026-05-27,2026-06-15,2026-06-10,2026-06-08,2026-06-13,1342,Air,No Delay
ORD-01026,Customer 10,Breaker,Plant C,Export,2026-01-19,2026-01-29,2026-01-24,2026-01-24,2026-01-28,48,Road,No Delay
ORD-01027,Customer 22,PLC,Plant C,South,2026-02-27,2026-03-14,2026-03-10,2026-03-08,2026-03-13,1474,Sea,No Delay
ORD-01028,Customer 28,Breaker,Plant A,South,2026-02-09,2026-02-20,2026-02-18,2026-02-16,2026-02-17,151,Air,No Delay
ORD-01029,Customer 30,PLC,Plant B,North,2026-03-22,2026-04-03,2026-04-01,2026-03-30,2026-04-01,291,Air,No Delay
ORD-01030,Customer 15,Power Supply,Plant A,Central,2026-02-01,2026-02-18,2026-02-17,2026-02-17,2026-02-18,789,Sea,No Delay
ORD-01031,Customer 04,Switchgear,Plant C,South,2026-02-01,2026-02-08,2026-02-06,2026-02-06,2026-02-08,658,Air,No Delay
ORD-01032,Customer 15,Breaker,Plant A,Export,2026-02-18,2026-03-01,2026-02-28,2026-02-27,2026-02-28,870,Air,No Delay
ORD-01033,Customer 23,Contactor,Plant C,Export,2026-01-26,2026-02-11,2026-02-08,2026-02-06,2026-02-09,975,Road,No Delay
ORD-01034,Customer 05,Switchgear,Plant A,North,2026-03-12,2026-04-06,2026-04-03,2026-04-01,2026-04-11,1231,Road,Production Delay
ORD-01035,Customer 17,Relay,Plant C,Central,2026-06-19,2026-07-03,2026-06-30,2026-06-28,2026-07-01,757,Road,No Delay
ORD-01036,Customer 01,Breaker,Plant B,North,2026-02-11,2026-02-16,2026-02-12,2026-02-11,2026-02-15,973,Road,No Delay
ORD-01037,Customer 12,PLC,Plant A,Export,2026-02-06,2026-02-24,2026-02-23,2026-02-23,2026-02-24,145,Road,No Delay
ORD-01038,Customer 26,Breaker,Plant B,Export,2026-05-02,2026-05-21,2026-05-17,2026-05-17,2026-05-21,971,Air,No Delay
ORD-01039,Customer 27,PLC,Plant A,Central,2026-02-02,2026-02-17,2026-02-12,2026-02-12,2026-02-17,1064,Road,No Delay
ORD-01040,Customer 04,PLC,Plant A,South,2026-02-06,2026-02-18,2026-02-17,2026-02-17,2026-02-18,388,Sea,No Delay
ORD-01041,Customer 12,Relay,Plant C,North,2026-06-18,2026-07-02,2026-06-29,2026-06-28,2026-07-01,798,Sea,No Delay
ORD-01042,Customer 11,Breaker,Plant C,Export,2026-01-13,2026-01-24,2026-01-22,2026-01-22,2026-01-24,1000,Air,No Delay
ORD-01043,Customer 15,Contactor,Plant C,South,2026-02-18,2026-03-15,2026-03-10,2026-03-08,2026-03-14,1352,Sea,No Delay
ORD-01044,Customer 11,Sensor,Plant A,South,2026-03-28,2026-04-12,2026-04-10,2026-04-09,2026-04-10,883,Sea,No Delay
ORD-01045,Customer 10,Relay,Plant B,South,2026-01-07,2026-01-29,2026-01-27,2026-01-26,2026-01-27,936,Air,No Delay
ORD-01046,Customer 08,Breaker,Plant A,South,2026-05-22,2026-05-29,2026-05-24,2026-05-24,2026-05-29,1086,Sea,No Delay
ORD-01047,Customer 06,Drive,Plant A,North,2026-02-08,2026-03-03,2026-02-26,2026-02-26,2026-03-04,1403,Road,Capacity Constraint
ORD-01048,Customer 14,PLC,Plant B,North,2026-06-12,2026-07-07,2026-07-02,2026-07-02,2026-07-08,830,Air,Capacity Constraint
ORD-01049,Customer 10,Breaker,Plant A,South,2026-04-10,2026-05-01,2026-04-27,2026-04-26,2026-04-30,1460,Sea,No Delay
ORD-01050,Customer 05,Relay,Plant B,Central,2026-06-21,2026-07-05,2026-07-03,2026-07-03,2026-07-04,506,Air,No Delay
ORD-01051,Customer 09,Relay,Plant B,North,2026-02-10,2026-03-07,2026-03-03,2026-03-01,2026-03-05,1496,Sea,No Delay
ORD-01052,Customer 10,Contactor,Plant C,Export,2026-05-30,2026-06-08,2026-06-06,2026-06-06,2026-06-09,485,Sea,Capacity Constraint
ORD-01053,Customer 25,Drive,Plant B,North,2026-04-23,2026-05-07,2026-05-06,2026-05-06,2026-05-07,791,Air,No Delay
ORD-01054,Customer 04,Contactor,Plant C,South,2026-01-29,2026-02-23,2026-02-19,2026-02-17,2026-02-21,504,Sea,No Delay
ORD-01055,Customer 21,Drive,Plant B,South,2026-05-07,2026-05-25,2026-05-21,2026-05-19,2026-05-23,740,Road,No Delay
ORD-01056,Customer 09,Contactor,Plant C,Export,2026-01-04,2026-01-12,2026-01-08,2026-01-07,2026-01-12,1158,Sea,No Delay
ORD-01057,Customer 19,Contactor,Plant C,North,2026-05-25,2026-06-11,2026-06-06,2026-06-06,2026-06-10,250,Road,No Delay
ORD-01058,Customer 15,Switchgear,Plant C,North,2026-04-03,2026-04-26,2026-04-21,2026-04-20,2026-04-25,826,Sea,No Delay
ORD-01059,Customer 14,Breaker,Plant C,Export,2026-04-21,2026-04-26,2026-04-24,2026-04-22,2026-04-23,529,Air,No Delay
ORD-01060,Customer 15,Sensor,Plant A,Central,2026-06-24,2026-07-10,2026-07-07,2026-07-11,2026-07-14,1153,Sea,Carrier Delay
ORD-01061,Customer 20,PLC,Plant B,South,2026-06-15,2026-06-30,2026-06-26,2026-06-24,2026-06-27,217,Sea,No Delay
ORD-01062,Customer 28,Switchgear,Plant B,South,2026-01-24,2026-02-18,2026-02-14,2026-02-13,2026-02-17,906,Air,No Delay
ORD-01063,Customer 18,Sensor,Plant C,Central,2026-02-10,2026-02-20,2026-02-17,2026-02-15,2026-02-19,825,Sea,No Delay
ORD-01064,Customer 11,Drive,Plant B,Central,2026-06-28,2026-07-05,2026-07-03,2026-07-03,2026-07-05,798,Road,No Delay
ORD-01065,Customer 18,Relay,Plant C,South,2026-03-17,2026-04-10,2026-04-05,2026-04-11,2026-04-16,63,Air,Production Delay
ORD-01066,Customer 28,Switchgear,Plant B,Export,2026-02-27,2026-03-11,2026-03-09,2026-03-08,2026-03-13,1149,Sea,Material Shortage
ORD-01067,Customer 24,Sensor,Plant C,South,2026-05-26,2026-06-06,2026-06-02,2026-06-02,2026-06-07,549,Air,Documentation Issue
ORD-01068,Customer 27,PLC,Plant C,Central,2026-04-05,2026-04-21,2026-04-19,2026-04-18,2026-04-20,207,Sea,No Delay
ORD-01069,Customer 21,PLC,Plant B,South,2026-05-02,2026-05-24,2026-05-21,2026-05-21,2026-05-24,1186,Road,No Delay
ORD-01070,Customer 15,Breaker,Plant B,Export,2026-04-28,2026-05-22,2026-05-18,2026-05-17,2026-05-21,1456,Road,No Delay
ORD-01071,Customer 16,Power Supply,Plant C,Central,2026-01-17,2026-02-02,2026-02-01,2026-01-31,2026-02-01,821,Road,No Delay
ORD-01072,Customer 26,Power Supply,Plant A,South,2026-06-19,2026-07-08,2026-07-05,2026-07-05,2026-07-08,23,Sea,No Delay
ORD-01073,Customer 06,PLC,Plant A,Central,2026-01-14,2026-01-30,2026-01-25,2026-01-23,2026-01-29,381,Road,No Delay
ORD-01074,Customer 22,Power Supply,Plant B,Export,2026-06-16,2026-07-06,2026-07-05,2026-07-03,2026-07-05,1436,Air,No Delay
ORD-01075,Customer 16,Contactor,Plant A,South,2026-02-05,2026-02-20,2026-02-18,2026-02-17,2026-02-19,832,Road,No Delay
ORD-01076,Customer 02,Breaker,Plant C,South,2026-02-28,2026-03-16,2026-03-15,2026-03-13,2026-03-14,205,Road,No Delay
ORD-01077,Customer 19,Drive,Plant A,Central,2026-01-01,2026-01-22,2026-01-21,2026-01-20,2026-01-21,396,Sea,No Delay
ORD-01078,Customer 19,Relay,Plant B,Central,2026-06-08,2026-06-28,2026-06-26,2026-06-25,2026-06-27,1049,Road,No Delay
ORD-01079,Customer 04,Drive,Plant C,Central,2026-04-24,2026-04-29,2026-04-24,2026-04-24,2026-04-29,1218,Sea,No Delay
ORD-01080,Customer 18,Power Supply,Plant B,North,2026-02-12,2026-02-20,2026-02-16,2026-02-14,2026-02-18,1379,Sea,No Delay
ORD-01081,Customer 02,Drive,Plant A,Export,2026-01-17,2026-02-01,2026-01-30,2026-01-28,2026-01-30,1360,Sea,No Delay
ORD-01082,Customer 18,Power Supply,Plant C,Central,2026-06-01,2026-06-09,2026-06-04,2026-06-04,2026-06-10,588,Air,Customer Change
ORD-01083,Customer 03,Switchgear,Plant A,Export,2026-02-04,2026-02-23,2026-02-21,2026-02-21,2026-02-23,223,Air,No Delay
ORD-01084,Customer 02,PLC,Plant A,South,2026-05-24,2026-06-13,2026-06-08,2026-06-07,2026-06-11,1213,Sea,No Delay
ORD-01085,Customer 13,PLC,Plant B,North,2026-05-27,2026-06-18,2026-06-16,2026-06-16,2026-06-19,1411,Air,Carrier Delay
ORD-01086,Customer 06,PLC,Plant C,South,2026-05-11,2026-06-01,2026-05-30,2026-05-30,2026-06-01,159,Sea,No Delay
ORD-01087,Customer 07,Contactor,Plant B,North,2026-02-22,2026-03-14,2026-03-12,2026-03-12,2026-03-13,502,Sea,No Delay
ORD-01088,Customer 20,PLC,Plant C,South,2026-03-26,2026-04-05,2026-04-01,2026-03-31,2026-04-03,875,Sea,No Delay
ORD-01089,Customer 14,Power Supply,Plant B,South,2026-05-27,2026-06-21,2026-06-18,2026-06-18,2026-06-21,398,Air,No Delay
ORD-01090,Customer 23,PLC,Plant A,North,2026-03-06,2026-03-30,2026-03-29,2026-03-28,2026-03-29,246,Road,No Delay
ORD-01091,Customer 10,Sensor,Plant C,South,2026-05-06,2026-05-13,2026-05-11,2026-05-09,2026-05-11,232,Road,No Delay
ORD-01092,Customer 02,Switchgear,Plant B,North,2026-04-12,2026-04-23,2026-04-22,2026-04-21,2026-04-22,238,Road,No Delay
ORD-01093,Customer 12,Switchgear,Plant C,Central,2026-01-10,2026-01-27,2026-01-25,2026-01-25,2026-01-27,915,Sea,No Delay
ORD-01094,Customer 05,Drive,Plant B,Central,2026-01-11,2026-02-01,2026-01-30,2026-01-30,2026-01-31,727,Air,No Delay
ORD-01095,Customer 06,PLC,Plant B,Export,2026-02-21,2026-03-18,2026-03-17,2026-03-15,2026-03-17,61,Air,No Delay
ORD-01096,Customer 11,Breaker,Plant A,North,2026-01-18,2026-01-30,2026-01-25,2026-01-25,2026-01-30,849,Sea,No Delay
ORD-01097,Customer 29,Contactor,Plant C,Central,2026-05-17,2026-05-22,2026-05-17,2026-05-17,2026-05-22,22,Air,No Delay
ORD-01098,Customer 02,Contactor,Plant A,Export,2026-01-01,2026-01-24,2026-01-23,2026-01-23,2026-01-24,1180,Sea,No Delay
ORD-01099,Customer 12,Switchgear,Plant B,Central,2026-04-09,2026-04-23,2026-04-18,2026-04-18,2026-04-23,940,Sea,No Delay
ORD-01100,Customer 29,Relay,Plant B,North,2026-04-03,2026-04-15,2026-04-13,2026-04-13,2026-04-15,894,Air,No Delay
ORD-01101,Customer 21,Drive,Plant A,Export,2026-02-06,2026-02-12,2026-02-08,2026-02-08,2026-02-12,872,Air,No Delay
ORD-01102,Customer 13,Relay,Plant C,Central,2026-04-28,2026-05-17,2026-05-13,2026-05-12,2026-05-16,513,Road,No Delay
ORD-01103,Customer 25,Power Supply,Plant B,South,2026-02-18,2026-03-13,2026-03-11,2026-03-11,2026-03-13,447,Air,No Delay
ORD-01104,Customer 07,PLC,Plant B,Central,2026-02-06,2026-02-26,2026-02-25,2026-02-24,2026-02-26,1360,Air,No Delay
ORD-01105,Customer 06,Sensor,Plant C,Central,2026-05-13,2026-05-31,2026-05-29,2026-05-27,2026-05-29,1323,Air,No Delay
ORD-01106,Customer 16,Drive,Plant C,North,2026-05-28,2026-06-08,2026-06-06,2026-06-05,2026-06-07,1394,Road,No Delay
ORD-01107,Customer 29,Drive,Plant A,Central,2026-01-17,2026-01-24,2026-01-23,2026-01-21,2026-01-22,446,Air,No Delay
ORD-01108,Customer 06,Sensor,Plant B,North,2026-01-17,2026-02-02,2026-01-28,2026-01-28,2026-02-02,1160,Road,No Delay
ORD-01109,Customer 21,Switchgear,Plant C,South,2026-02-08,2026-02-18,2026-02-14,2026-02-14,2026-02-18,1423,Road,No Delay
ORD-01110,Customer 16,Relay,Plant A,South,2026-01-30,2026-02-08,2026-02-04,2026-02-02,2026-02-06,913,Sea,No Delay
ORD-01111,Customer 29,Drive,Plant A,Central,2026-05-27,2026-06-06,2026-06-02,2026-06-01,2026-06-05,286,Sea,No Delay
ORD-01112,Customer 26,Contactor,Plant B,Export,2026-03-18,2026-04-04,2026-04-02,2026-04-02,2026-04-04,42,Sea,No Delay
ORD-01113,Customer 17,Breaker,Plant B,South,2026-06-01,2026-06-19,2026-06-17,2026-06-16,2026-06-19,351,Road,No Delay
ORD-01114,Customer 25,Switchgear,Plant C,North,2026-06-16,2026-06-28,2026-06-25,2026-06-24,2026-06-26,691,Sea,No Delay
ORD-01115,Customer 29,Switchgear,Plant B,Export,2026-01-09,2026-01-18,2026-01-13,2026-01-13,2026-01-18,83,Sea,No Delay
ORD-01116,Customer 05,Drive,Plant C,South,2026-06-22,2026-07-05,2026-07-01,2026-07-01,2026-07-05,1141,Road,No Delay
ORD-01117,Customer 29,Contactor,Plant A,Central,2026-05-06,2026-05-20,2026-05-17,2026-05-16,2026-05-19,229,Road,No Delay
ORD-01118,Customer 01,Breaker,Plant C,South,2026-01-20,2026-01-30,2026-01-27,2026-01-27,2026-01-29,1274,Road,No Delay
ORD-01119,Customer 23,Relay,Plant A,North,2026-02-09,2026-03-04,2026-02-28,2026-02-27,2026-03-04,390,Road,No Delay
ORD-01120,Customer 13,Drive,Plant C,Central,2026-01-24,2026-01-29,2026-01-25,2026-01-23,2026-01-26,984,Road,No Delay
ORD-01121,Customer 01,Contactor,Plant A,Central,2026-05-07,2026-05-31,2026-05-29,2026-05-29,2026-05-31,549,Road,No Delay
ORD-01122,Customer 11,PLC,Plant A,Export,2026-05-19,2026-06-11,2026-06-09,2026-06-09,2026-06-11,1311,Sea,No Delay
ORD-01123,Customer 12,PLC,Plant C,North,2026-03-17,2026-04-10,2026-04-06,2026-04-05,2026-04-09,1351,Sea,No Delay
ORD-01124,Customer 02,Power Supply,Plant A,Export,2026-03-06,2026-03-20,2026-03-18,2026-03-16,2026-03-18,34,Sea,No Delay
ORD-01125,Customer 27,Drive,Plant B,South,2026-06-22,2026-06-29,2026-06-26,2026-06-25,2026-06-29,993,Air,No Delay
ORD-01126,Customer 02,Drive,Plant B,Export,2026-05-08,2026-05-22,2026-05-18,2026-05-18,2026-05-22,955,Air,No Delay
ORD-01127,Customer 28,Relay,Plant B,Export,2026-04-14,2026-05-03,2026-04-29,2026-04-27,2026-05-01,1304,Road,No Delay
ORD-01128,Customer 06,PLC,Plant A,North,2026-04-13,2026-04-29,2026-04-28,2026-04-28,2026-04-29,811,Air,No Delay
ORD-01129,Customer 28,Sensor,Plant A,Central,2026-02-08,2026-02-21,2026-02-18,2026-02-17,2026-02-20,1006,Sea,No Delay
ORD-01130,Customer 04,Contactor,Plant B,Export,2026-05-08,2026-05-26,2026-05-22,2026-05-20,2026-05-23,1254,Air,No Delay
ORD-01131,Customer 06,Drive,Plant C,South,2026-02-06,2026-02-18,2026-02-13,2026-02-11,2026-02-21,1410,Sea,Customer Change
ORD-01132,Customer 26,Relay,Plant B,Export,2026-04-20,2026-05-14,2026-05-13,2026-05-13,2026-05-14,139,Road,No Delay
ORD-01133,Customer 29,Switchgear,Plant B,South,2026-04-25,2026-05-11,2026-05-07,2026-05-06,2026-05-10,1192,Air,No Delay
ORD-01134,Customer 29,Breaker,Plant B,North,2026-06-28,2026-07-09,2026-07-07,2026-07-11,2026-07-13,796,Road,Documentation Issue
ORD-01135,Customer 25,PLC,Plant B,Central,2026-06-09,2026-06-24,2026-06-23,2026-06-22,2026-06-23,755,Road,No Delay
ORD-01136,Customer 05,Sensor,Plant B,Export,2026-05-02,2026-05-14,2026-05-12,2026-05-11,2026-05-14,653,Sea,No Delay
ORD-01137,Customer 24,PLC,Plant C,South,2026-05-18,2026-05-29,2026-05-27,2026-05-27,2026-05-29,518,Air,No Delay
ORD-01138,Customer 21,Power Supply,Plant A,South,2026-04-19,2026-04-24,2026-04-21,2026-04-19,2026-04-21,962,Road,No Delay
ORD-01139,Customer 09,Switchgear,Plant B,Central,2026-04-25,2026-05-20,2026-05-16,2026-05-16,2026-05-20,1456,Sea,No Delay
ORD-01140,Customer 11,Switchgear,Plant B,Central,2026-04-27,2026-05-11,2026-05-09,2026-05-08,2026-05-09,655,Sea,No Delay
ORD-01141,Customer 20,Breaker,Plant C,South,2026-04-07,2026-04-29,2026-04-28,2026-04-28,2026-04-29,673,Sea,No Delay
ORD-01142,Customer 03,Relay,Plant A,North,2026-05-26,2026-06-01,2026-05-27,2026-05-27,2026-06-01,1080,Road,No Delay
ORD-01143,Customer 16,Power Supply,Plant C,North,2026-03-02,2026-03-09,2026-03-06,2026-03-12,2026-03-15,1084,Air,Material Shortage
ORD-01144,Customer 25,Sensor,Plant A,Central,2026-06-14,2026-07-01,2026-06-29,2026-06-27,2026-06-29,125,Sea,No Delay
ORD-01145,Customer 08,PLC,Plant A,Central,2026-06-24,2026-07-16,2026-07-15,2026-07-15,2026-07-16,1035,Air,No Delay
ORD-01146,Customer 23,Power Supply,Plant C,North,2026-03-24,2026-04-10,2026-04-06,2026-04-05,2026-04-08,92,Road,No Delay
ORD-01147,Customer 19,Drive,Plant C,Central,2026-05-31,2026-06-06,2026-06-04,2026-06-03,2026-06-05,823,Road,No Delay
ORD-01148,Customer 17,Power Supply,Plant A,Central,2026-02-08,2026-03-02,2026-03-01,2026-03-01,2026-03-02,1254,Air,No Delay
ORD-01149,Customer 15,Power Supply,Plant A,Central,2026-03-27,2026-04-07,2026-04-04,2026-04-03,2026-04-06,240,Road,No Delay
ORD-01150,Customer 27,Sensor,Plant B,Export,2026-04-10,2026-04-18,2026-04-16,2026-04-16,2026-04-18,121,Sea,No Delay
ORD-01151,Customer 01,PLC,Plant A,South,2026-06-10,2026-06-22,2026-06-17,2026-06-16,2026-06-22,432,Air,No Delay
ORD-01152,Customer 26,PLC,Plant A,North,2026-04-10,2026-04-25,2026-04-21,2026-04-24,2026-04-28,10,Road,Carrier Delay
ORD-01153,Customer 19,Relay,Plant A,North,2026-06-08,2026-06-14,2026-06-13,2026-06-11,2026-06-12,763,Road,No Delay
ORD-01154,Customer 01,Sensor,Plant A,North,2026-06-15,2026-06-26,2026-06-22,2026-06-21,2026-06-25,628,Road,No Delay
ORD-01155,Customer 04,Contactor,Plant C,Central,2026-03-09,2026-03-28,2026-03-26,2026-03-26,2026-03-28,942,Sea,No Delay
ORD-01156,Customer 05,PLC,Plant A,Export,2026-06-27,2026-07-19,2026-07-16,2026-07-16,2026-07-18,1398,Air,No Delay
ORD-01157,Customer 19,Breaker,Plant C,North,2026-01-08,2026-01-14,2026-01-10,2026-01-09,2026-01-13,585,Sea,No Delay
ORD-01158,Customer 15,Breaker,Plant C,North,2026-03-14,2026-04-03,2026-04-01,2026-03-30,2026-04-01,1163,Air,No Delay
ORD-01159,Customer 20,Drive,Plant B,Export,2026-05-24,2026-06-13,2026-06-11,2026-06-11,2026-06-13,1125,Road,No Delay
ORD-01160,Customer 13,Drive,Plant B,South,2026-04-06,2026-04-22,2026-04-17,2026-04-16,2026-04-21,608,Road,No Delay
ORD-01161,Customer 05,Drive,Plant B,Export,2026-06-22,2026-07-12,2026-07-07,2026-07-06,2026-07-12,933,Sea,No Delay
ORD-01162,Customer 27,Relay,Plant C,Central,2026-06-24,2026-07-04,2026-07-03,2026-07-03,2026-07-05,431,Sea,Customer Change
ORD-01163,Customer 09,Relay,Plant C,Central,2026-04-12,2026-04-19,2026-04-15,2026-04-15,2026-04-20,1410,Sea,Material Shortage
ORD-01164,Customer 13,PLC,Plant C,South,2026-03-27,2026-04-16,2026-04-15,2026-04-14,2026-04-16,845,Sea,No Delay
ORD-01165,Customer 17,Contactor,Plant B,Central,2026-01-28,2026-02-09,2026-02-05,2026-02-05,2026-02-08,157,Sea,No Delay
ORD-01166,Customer 01,Sensor,Plant A,Central,2026-03-20,2026-04-01,2026-03-28,2026-03-26,2026-03-30,390,Sea,No Delay
ORD-01167,Customer 01,Sensor,Plant B,Export,2026-01-19,2026-01-26,2026-01-23,2026-01-21,2026-01-24,777,Road,No Delay
ORD-01168,Customer 16,Drive,Plant B,North,2026-03-19,2026-04-06,2026-04-01,2026-03-31,2026-04-05,533,Sea,No Delay
ORD-01169,Customer 13,Breaker,Plant B,North,2026-05-02,2026-05-19,2026-05-14,2026-05-13,2026-05-18,982,Air,No Delay
ORD-01170,Customer 11,PLC,Plant C,Export,2026-05-20,2026-05-27,2026-05-26,2026-05-26,2026-05-27,80,Air,No Delay
ORD-01171,Customer 19,Breaker,Plant C,Export,2026-03-21,2026-04-12,2026-04-08,2026-04-07,2026-04-10,151,Sea,No Delay
ORD-01172,Customer 23,Switchgear,Plant A,Export,2026-02-16,2026-03-07,2026-03-04,2026-03-03,2026-03-06,610,Road,No Delay
ORD-01173,Customer 16,PLC,Plant A,Export,2026-01-11,2026-01-25,2026-01-20,2026-01-18,2026-01-22,1349,Road,No Delay
ORD-01174,Customer 26,Contactor,Plant A,Central,2026-04-07,2026-04-13,2026-04-10,2026-04-09,2026-04-12,295,Road,No Delay
ORD-01175,Customer 29,Drive,Plant C,North,2026-06-04,2026-06-27,2026-06-26,2026-06-25,2026-06-26,867,Air,No Delay
ORD-01176,Customer 29,Drive,Plant B,Export,2026-01-09,2026-01-22,2026-01-18,2026-01-17,2026-01-20,1048,Road,No Delay
ORD-01177,Customer 18,Drive,Plant C,South,2026-02-05,2026-02-13,2026-02-12,2026-02-12,2026-02-13,988,Road,No Delay
ORD-01178,Customer 10,Relay,Plant C,Export,2026-06-18,2026-06-28,2026-06-23,2026-06-23,2026-06-28,32,Air,No Delay
ORD-01179,Customer 29,Relay,Plant B,Central,2026-01-16,2026-02-06,2026-02-05,2026-02-05,2026-02-07,993,Road,Carrier Delay
ORD-01180,Customer 21,Contactor,Plant A,Central,2026-02-18,2026-03-10,2026-03-06,2026-03-04,2026-03-08,1054,Road,No Delay
ORD-01181,Customer 27,Drive,Plant A,South,2026-01-18,2026-02-07,2026-02-02,2026-02-04,2026-02-09,842,Road,Documentation Issue
ORD-01182,Customer 20,PLC,Plant C,Central,2026-04-21,2026-04-27,2026-04-24,2026-04-22,2026-04-25,991,Sea,No Delay
ORD-01183,Customer 14,Breaker,Plant B,North,2026-05-11,2026-05-29,2026-05-27,2026-05-27,2026-05-29,1160,Road,No Delay
ORD-01184,Customer 30,Drive,Plant B,South,2026-06-30,2026-07-09,2026-07-08,2026-07-07,2026-07-08,641,Air,No Delay
ORD-01185,Customer 23,Switchgear,Plant B,North,2026-05-11,2026-05-31,2026-05-27,2026-05-27,2026-05-31,525,Sea,No Delay
ORD-01186,Customer 19,PLC,Plant B,South,2026-03-10,2026-03-23,2026-03-20,2026-03-18,2026-03-21,402,Air,No Delay
ORD-01187,Customer 05,Sensor,Plant A,South,2026-05-13,2026-05-31,2026-05-28,2026-05-27,2026-05-31,1469,Sea,No Delay
ORD-01188,Customer 29,Sensor,Plant C,Central,2026-05-22,2026-06-06,2026-06-04,2026-06-04,2026-06-05,431,Sea,No Delay
ORD-01189,Customer 23,Sensor,Plant C,Export,2026-06-12,2026-06-27,2026-06-25,2026-06-24,2026-06-26,1110,Air,No Delay
ORD-01190,Customer 01,Contactor,Plant A,South,2026-02-07,2026-02-20,2026-02-15,2026-02-13,2026-02-19,1023,Air,No Delay
ORD-01191,Customer 14,Switchgear,Plant C,North,2026-05-21,2026-06-13,2026-06-10,2026-06-09,2026-06-12,985,Air,No Delay
ORD-01192,Customer 03,Sensor,Plant A,South,2026-04-10,2026-04-25,2026-04-24,2026-04-22,2026-04-23,270,Road,No Delay
ORD-01193,Customer 20,Sensor,Plant B,Export,2026-06-25,2026-07-13,2026-07-11,2026-07-11,2026-07-12,502,Road,No Delay
ORD-01194,Customer 18,Drive,Plant A,Central,2026-02-26,2026-03-22,2026-03-17,2026-03-16,2026-03-21,794,Road,No Delay
ORD-01195,Customer 08,Power Supply,Plant A,Central,2026-05-19,2026-06-12,2026-06-11,2026-06-09,2026-06-10,951,Sea,No Delay
ORD-01196,Customer 28,Power Supply,Plant B,Central,2026-02-12,2026-02-22,2026-02-20,2026-02-18,2026-02-20,485,Road,No Delay
ORD-01197,Customer 18,Sensor,Plant A,Export,2026-01-21,2026-02-08,2026-02-04,2026-02-04,2026-02-09,904,Sea,Material Shortage
ORD-01198,Customer 12,Relay,Plant C,North,2026-03-29,2026-04-13,2026-04-12,2026-04-12,2026-04-13,1240,Sea,No Delay
ORD-01199,Customer 09,PLC,Plant C,South,2026-06-24,2026-07-11,2026-07-09,2026-07-07,2026-07-09,482,Air,No Delay
ORD-01200,Customer 26,Breaker,Plant B,South,2026-06-03,2026-06-23,2026-06-22,2026-06-22,2026-06-23,746,Air,No Delay
ORD-01201,Customer 08,Sensor,Plant B,South,2026-01-06,2026-01-26,2026-01-22,2026-01-21,2026-01-25,990,Road,No Delay
ORD-01202,Customer 12,Breaker,Plant A,North,2026-02-13,2026-02-25,2026-02-20,2026-02-20,2026-02-24,1458,Road,No Delay
ORD-01203,Customer 05,Power Supply,Plant B,Central,2026-01-24,2026-02-17,2026-02-12,2026-02-10,2026-02-15,479,Air,No Delay
ORD-01204,Customer 26,Relay,Plant B,Export,2026-03-21,2026-03-31,2026-03-26,2026-03-24,2026-03-30,876,Road,No Delay
ORD-01205,Customer 26,Relay,Plant C,North,2026-03-02,2026-03-07,2026-03-05,2026-03-03,2026-03-04,957,Sea,No Delay
ORD-01206,Customer 06,Sensor,Plant C,North,2026-04-05,2026-04-15,2026-04-13,2026-04-11,2026-04-12,1035,Sea,No Delay
ORD-01207,Customer 20,Drive,Plant C,South,2026-01-15,2026-02-01,2026-01-30,2026-01-29,2026-01-31,957,Road,No Delay
ORD-01208,Customer 05,Breaker,Plant B,Export,2026-04-27,2026-05-07,2026-05-06,2026-05-04,2026-05-05,1093,Air,No Delay
ORD-01209,Customer 20,Power Supply,Plant B,Export,2026-06-23,2026-07-10,2026-07-05,2026-07-04,2026-07-10,351,Sea,No Delay
ORD-01210,Customer 29,Power Supply,Plant B,Export,2026-05-08,2026-05-17,2026-05-16,2026-05-16,2026-05-17,623,Air,No Delay
ORD-01211,Customer 25,Relay,Plant B,Central,2026-01-07,2026-01-22,2026-01-18,2026-01-16,2026-01-20,1339,Air,No Delay
ORD-01212,Customer 15,Switchgear,Plant B,Central,2026-04-12,2026-04-24,2026-04-22,2026-04-20,2026-04-22,958,Road,No Delay
ORD-01213,Customer 12,Switchgear,Plant B,Export,2026-04-17,2026-04-23,2026-04-21,2026-04-21,2026-04-23,169,Sea,No Delay
ORD-01214,Customer 07,Sensor,Plant C,Central,2026-03-17,2026-04-02,2026-03-28,2026-03-26,2026-03-30,32,Road,No Delay
ORD-01215,Customer 13,Drive,Plant C,Export,2026-02-07,2026-03-01,2026-02-26,2026-02-26,2026-03-02,720,Sea,Documentation Issue
ORD-01216,Customer 14,Breaker,Plant C,North,2026-03-25,2026-04-08,2026-04-05,2026-04-05,2026-04-08,324,Air,No Delay
ORD-01217,Customer 13,PLC,Plant A,North,2026-03-26,2026-04-14,2026-04-11,2026-04-09,2026-04-13,630,Road,No Delay
ORD-01218,Customer 09,PLC,Plant A,North,2026-02-04,2026-02-15,2026-02-11,2026-02-10,2026-02-14,344,Road,No Delay
ORD-01219,Customer 15,Drive,Plant C,South,2026-03-09,2026-03-29,2026-03-28,2026-03-26,2026-03-27,970,Air,No Delay
ORD-01220,Customer 22,Sensor,Plant C,Central,2026-05-28,2026-06-19,2026-06-14,2026-06-14,2026-06-19,473,Road,No Delay
ORD-01221,Customer 13,Breaker,Plant C,South,2026-04-22,2026-05-12,2026-05-09,2026-05-09,2026-05-12,537,Road,No Delay
ORD-01222,Customer 30,Contactor,Plant C,South,2026-02-07,2026-03-01,2026-02-27,2026-02-25,2026-02-27,855,Sea,No Delay
ORD-01223,Customer 30,Contactor,Plant B,North,2026-04-13,2026-05-01,2026-04-26,2026-04-24,2026-04-29,902,Air,No Delay
ORD-01224,Customer 08,Switchgear,Plant B,Export,2026-04-21,2026-04-30,2026-04-26,2026-04-24,2026-04-28,1215,Road,No Delay
ORD-01225,Customer 11,Power Supply,Plant A,North,2026-04-14,2026-05-02,2026-04-30,2026-04-30,2026-05-02,178,Road,No Delay
ORD-01226,Customer 05,Sensor,Plant B,South,2026-01-03,2026-01-12,2026-01-07,2026-01-05,2026-01-14,1374,Sea,Material Shortage
ORD-01227,Customer 03,Breaker,Plant C,North,2026-01-23,2026-01-29,2026-01-27,2026-01-26,2026-01-27,403,Road,No Delay
ORD-01228,Customer 03,Switchgear,Plant C,South,2026-04-11,2026-05-01,2026-04-30,2026-04-29,2026-05-01,332,Sea,No Delay
ORD-01229,Customer 11,Relay,Plant C,Export,2026-06-29,2026-07-20,2026-07-19,2026-07-17,2026-07-18,936,Air,No Delay
ORD-01230,Customer 28,Sensor,Plant C,South,2026-05-11,2026-05-25,2026-05-22,2026-05-21,2026-05-24,441,Road,No Delay
ORD-01231,Customer 15,Relay,Plant A,North,2026-04-29,2026-05-08,2026-05-06,2026-05-04,2026-05-06,588,Air,No Delay
ORD-01232,Customer 21,Sensor,Plant C,Central,2026-06-26,2026-07-11,2026-07-06,2026-07-05,2026-07-10,979,Sea,No Delay
ORD-01233,Customer 28,Sensor,Plant B,Central,2026-01-09,2026-01-25,2026-01-23,2026-01-22,2026-01-23,1029,Air,No Delay
ORD-01234,Customer 25,Relay,Plant A,Central,2026-06-18,2026-07-05,2026-07-02,2026-07-01,2026-07-04,523,Air,No Delay
ORD-01235,Customer 09,PLC,Plant C,Central,2026-01-24,2026-02-13,2026-02-10,2026-02-08,2026-02-12,865,Road,No Delay
ORD-01236,Customer 07,PLC,Plant A,South,2026-01-03,2026-01-28,2026-01-25,2026-01-25,2026-02-01,1403,Sea,Capacity Constraint
ORD-01237,Customer 24,Breaker,Plant B,South,2026-05-10,2026-05-23,2026-05-18,2026-05-18,2026-05-23,1113,Air,No Delay
ORD-01238,Customer 14,Switchgear,Plant C,Central,2026-01-12,2026-01-26,2026-01-23,2026-01-23,2026-01-26,655,Sea,No Delay
ORD-01239,Customer 19,Sensor,Plant B,South,2026-02-27,2026-03-18,2026-03-15,2026-03-15,2026-03-18,18,Sea,No Delay
ORD-01240,Customer 26,Sensor,Plant C,Export,2026-02-28,2026-03-06,2026-03-04,2026-03-03,2026-03-07,43,Sea,Material Shortage
ORD-01241,Customer 10,Contactor,Plant A,Export,2026-06-13,2026-06-27,2026-06-22,2026-06-21,2026-06-27,1158,Sea,No Delay
ORD-01242,Customer 08,Switchgear,Plant A,North,2026-03-26,2026-04-05,2026-03-31,2026-03-29,2026-04-02,275,Sea,No Delay
ORD-01243,Customer 06,Drive,Plant A,South,2026-03-08,2026-03-18,2026-03-15,2026-03-14,2026-03-17,643,Sea,No Delay
ORD-01244,Customer 03,Sensor,Plant A,North,2026-06-27,2026-07-19,2026-07-18,2026-07-16,2026-07-17,934,Air,No Delay
ORD-01245,Customer 03,Drive,Plant A,South,2026-02-01,2026-02-22,2026-02-17,2026-02-15,2026-02-21,371,Air,No Delay
ORD-01246,Customer 11,Relay,Plant C,Central,2026-02-18,2026-03-12,2026-03-09,2026-03-09,2026-03-11,990,Sea,No Delay
ORD-01247,Customer 13,PLC,Plant A,Central,2026-03-31,2026-04-05,2026-04-02,2026-04-01,2026-04-05,1281,Sea,No Delay
ORD-01248,Customer 11,Drive,Plant A,North,2026-05-04,2026-05-27,2026-05-26,2026-05-30,2026-06-01,84,Air,Documentation Issue
ORD-01249,Customer 27,Breaker,Plant B,Export,2026-02-18,2026-02-23,2026-02-18,2026-02-18,2026-02-23,184,Road,No Delay
ORD-01250,Customer 18,Drive,Plant A,North,2026-01-25,2026-02-18,2026-02-13,2026-02-11,2026-02-16,1316,Air,No Delay
ORD-01251,Customer 10,Relay,Plant C,South,2026-03-04,2026-03-18,2026-03-13,2026-03-12,2026-03-16,787,Road,No Delay
ORD-01252,Customer 14,Breaker,Plant A,South,2026-03-13,2026-03-28,2026-03-24,2026-03-30,2026-04-03,681,Road,Carrier Delay
ORD-01253,Customer 09,Drive,Plant B,North,2026-01-24,2026-02-02,2026-01-28,2026-01-26,2026-01-30,384,Sea,No Delay
ORD-01254,Customer 30,Contactor,Plant C,South,2026-02-24,2026-03-19,2026-03-18,2026-03-17,2026-03-19,1141,Sea,No Delay
ORD-01255,Customer 11,Sensor,Plant C,North,2026-03-18,2026-03-26,2026-03-22,2026-03-20,2026-03-24,290,Road,No Delay
ORD-01256,Customer 13,Contactor,Plant B,Central,2026-01-25,2026-02-17,2026-02-16,2026-02-15,2026-02-16,1220,Sea,No Delay
ORD-01257,Customer 24,Relay,Plant A,Central,2026-03-05,2026-03-12,2026-03-09,2026-03-09,2026-03-11,845,Road,No Delay
ORD-01258,Customer 02,Power Supply,Plant A,Export,2026-06-24,2026-07-15,2026-07-12,2026-07-12,2026-07-15,404,Sea,No Delay
ORD-01259,Customer 20,Contactor,Plant C,Export,2026-03-16,2026-04-01,2026-03-30,2026-03-30,2026-04-02,532,Sea,Production Delay
ORD-01260,Customer 06,Contactor,Plant C,Central,2026-06-04,2026-06-24,2026-06-23,2026-06-30,2026-07-01,281,Sea,Capacity Constraint
ORD-01261,Customer 07,Sensor,Plant A,North,2026-01-11,2026-01-23,2026-01-21,2026-01-21,2026-01-23,1344,Road,No Delay
ORD-01262,Customer 21,Contactor,Plant B,South,2026-01-29,2026-02-03,2026-01-30,2026-01-28,2026-02-01,851,Air,No Delay
ORD-01263,Customer 07,PLC,Plant B,Export,2026-06-18,2026-07-09,2026-07-06,2026-07-04,2026-07-07,570,Air,No Delay
ORD-01264,Customer 17,Sensor,Plant A,Export,2026-01-13,2026-01-26,2026-01-25,2026-01-23,2026-01-24,236,Air,No Delay
ORD-01265,Customer 15,Drive,Plant B,Central,2026-02-06,2026-02-20,2026-02-17,2026-02-15,2026-02-19,930,Road,No Delay
ORD-01266,Customer 29,Relay,Plant A,Central,2026-06-26,2026-07-09,2026-07-05,2026-07-04,2026-07-08,1331,Air,No Delay
ORD-01267,Customer 17,Sensor,Plant C,North,2026-04-09,2026-04-21,2026-04-16,2026-04-14,2026-04-19,566,Sea,No Delay
ORD-01268,Customer 09,PLC,Plant C,Central,2026-05-13,2026-05-27,2026-05-23,2026-05-23,2026-05-27,1295,Air,No Delay
ORD-01269,Customer 16,PLC,Plant A,North,2026-05-16,2026-05-21,2026-05-19,2026-05-18,2026-05-21,637,Sea,No Delay
ORD-01270,Customer 04,Power Supply,Plant B,Central,2026-04-19,2026-05-02,2026-04-29,2026-04-29,2026-05-03,511,Air,Carrier Delay
ORD-01271,Customer 18,Breaker,Plant C,North,2026-01-12,2026-01-27,2026-01-24,2026-01-22,2026-01-25,221,Sea,No Delay
ORD-01272,Customer 24,Contactor,Plant A,Export,2026-02-05,2026-02-17,2026-02-13,2026-02-11,2026-02-15,1481,Road,No Delay
ORD-01273,Customer 14,Contactor,Plant B,Export,2026-02-26,2026-03-09,2026-03-07,2026-03-05,2026-03-06,438,Road,No Delay
ORD-01274,Customer 09,Relay,Plant C,North,2026-03-29,2026-04-10,2026-04-05,2026-04-04,2026-04-08,1012,Road,No Delay
ORD-01275,Customer 23,Drive,Plant B,Export,2026-04-16,2026-05-01,2026-04-30,2026-04-30,2026-05-02,1149,Sea,Documentation Issue
ORD-01276,Customer 08,Breaker,Plant C,Central,2026-02-12,2026-02-17,2026-02-16,2026-02-17,2026-02-18,411,Road,Production Delay
ORD-01277,Customer 02,Contactor,Plant C,Central,2026-02-20,2026-03-01,2026-02-26,2026-02-26,2026-03-01,760,Sea,No Delay
ORD-01278,Customer 18,Relay,Plant C,Export,2026-03-18,2026-04-05,2026-04-03,2026-04-01,2026-04-08,232,Road,Material Shortage
ORD-01279,Customer 06,Sensor,Plant C,South,2026-02-10,2026-02-21,2026-02-20,2026-02-18,2026-02-19,937,Road,No Delay
ORD-01280,Customer 26,Switchgear,Plant B,South,2026-06-02,2026-06-24,2026-06-19,2026-06-18,2026-06-23,542,Sea,No Delay
ORD-01281,Customer 04,Relay,Plant A,Central,2026-02-24,2026-03-01,2026-02-27,2026-02-26,2026-02-27,1444,Sea,No Delay
ORD-01282,Customer 18,PLC,Plant A,Central,2026-01-29,2026-02-20,2026-02-16,2026-02-16,2026-02-19,113,Sea,No Delay
ORD-01283,Customer 03,Sensor,Plant B,South,2026-06-05,2026-06-27,2026-06-26,2026-06-26,2026-06-27,1134,Road,No Delay
ORD-01284,Customer 03,Relay,Plant C,Export,2026-02-15,2026-02-21,2026-02-17,2026-02-15,2026-02-19,156,Air,No Delay
ORD-01285,Customer 28,Drive,Plant A,North,2026-06-12,2026-07-04,2026-07-03,2026-07-02,2026-07-03,33,Road,No Delay
ORD-01286,Customer 16,Contactor,Plant B,South,2026-06-20,2026-06-25,2026-06-24,2026-06-22,2026-06-23,127,Sea,No Delay
ORD-01287,Customer 21,Sensor,Plant B,South,2026-06-04,2026-06-09,2026-06-07,2026-06-13,2026-06-14,336,Road,Capacity Constraint
ORD-01288,Customer 30,Contactor,Plant A,Central,2026-05-20,2026-05-29,2026-05-24,2026-05-24,2026-05-29,601,Sea,No Delay
ORD-01289,Customer 20,Breaker,Plant A,South,2026-06-09,2026-06-15,2026-06-12,2026-06-10,2026-06-13,513,Air,No Delay
ORD-01290,Customer 19,Contactor,Plant A,Export,2026-03-30,2026-04-24,2026-04-21,2026-04-21,2026-04-25,315,Air,Documentation Issue
ORD-01291,Customer 26,Power Supply,Plant C,North,2026-05-11,2026-05-23,2026-05-20,2026-05-18,2026-05-21,1141,Sea,No Delay
ORD-01292,Customer 20,Switchgear,Plant C,South,2026-01-11,2026-02-05,2026-02-01,2026-01-30,2026-02-03,44,Sea,No Delay
ORD-01293,Customer 28,Power Supply,Plant B,North,2026-06-12,2026-07-03,2026-07-01,2026-06-29,2026-06-30,1148,Sea,No Delay
ORD-01294,Customer 29,PLC,Plant C,Central,2026-01-02,2026-01-15,2026-01-12,2026-01-12,2026-01-16,784,Sea,Documentation Issue
ORD-01295,Customer 13,Sensor,Plant C,Central,2026-02-18,2026-03-11,2026-03-10,2026-03-08,2026-03-09,1078,Sea,No Delay
ORD-01296,Customer 05,Drive,Plant C,Export,2026-06-15,2026-06-29,2026-06-25,2026-06-23,2026-06-27,448,Road,No Delay
ORD-01297,Customer 21,Power Supply,Plant A,South,2026-03-21,2026-04-03,2026-04-02,2026-03-31,2026-04-01,775,Air,No Delay
ORD-01298,Customer 06,Sensor,Plant A,North,2026-01-11,2026-01-21,2026-01-17,2026-01-17,2026-01-21,1379,Road,No Delay
ORD-01299,Customer 27,Breaker,Plant A,North,2026-05-01,2026-05-18,2026-05-15,2026-05-14,2026-05-18,764,Road,No Delay
ORD-01300,Customer 27,Breaker,Plant C,South,2026-05-23,2026-06-13,2026-06-08,2026-06-07,2026-06-12,86,Air,No Delay
ORD-01301,Customer 25,Drive,Plant A,South,2026-06-25,2026-07-20,2026-07-19,2026-07-24,2026-07-25,1212,Air,Production Delay
ORD-01302,Customer 15,Switchgear,Plant C,North,2026-02-01,2026-02-18,2026-02-16,2026-02-14,2026-02-15,1124,Road,No Delay
ORD-01303,Customer 13,Drive,Plant A,North,2026-06-05,2026-06-16,2026-06-14,2026-06-14,2026-06-16,842,Road,No Delay
ORD-01304,Customer 17,Power Supply,Plant C,North,2026-01-20,2026-01-27,2026-01-22,2026-01-21,2026-01-26,31,Road,No Delay
ORD-01305,Customer 27,Breaker,Plant A,Export,2026-02-23,2026-02-28,2026-02-27,2026-02-26,2026-02-27,693,Air,No Delay
ORD-01306,Customer 29,PLC,Plant B,South,2026-06-13,2026-07-03,2026-06-30,2026-06-30,2026-07-03,1258,Air,No Delay
ORD-01307,Customer 19,Sensor,Plant A,South,2026-02-04,2026-02-10,2026-02-09,2026-02-07,2026-02-09,472,Road,No Delay
ORD-01308,Customer 27,Relay,Plant A,Central,2026-04-12,2026-05-03,2026-04-29,2026-04-27,2026-05-01,160,Road,No Delay
ORD-01309,Customer 23,Sensor,Plant A,Export,2026-04-26,2026-05-09,2026-05-06,2026-05-04,2026-05-07,97,Air,No Delay
ORD-01310,Customer 24,Breaker,Plant C,North,2026-06-11,2026-06-16,2026-06-13,2026-06-12,2026-06-15,248,Sea,No Delay
ORD-01311,Customer 12,Power Supply,Plant B,North,2026-02-02,2026-02-20,2026-02-19,2026-02-17,2026-02-19,65,Air,No Delay
ORD-01312,Customer 25,PLC,Plant B,South,2026-02-09,2026-02-28,2026-02-27,2026-02-27,2026-02-28,738,Road,No Delay
ORD-01313,Customer 16,Power Supply,Plant C,Central,2026-04-21,2026-05-12,2026-05-07,2026-05-07,2026-05-12,1282,Road,No Delay
ORD-01314,Customer 18,Breaker,Plant C,Export,2026-05-15,2026-05-28,2026-05-25,2026-05-23,2026-05-26,407,Air,No Delay
ORD-01315,Customer 08,Drive,Plant C,North,2026-03-18,2026-03-30,2026-03-26,2026-03-26,2026-03-30,119,Road,No Delay
ORD-01316,Customer 19,Contactor,Plant B,South,2026-06-20,2026-07-06,2026-07-02,2026-06-30,2026-07-05,1185,Road,No Delay
ORD-01317,Customer 20,Power Supply,Plant C,Export,2026-01-05,2026-01-24,2026-01-21,2026-01-19,2026-01-23,1355,Air,No Delay
ORD-01318,Customer 10,Relay,Plant C,South,2026-05-22,2026-06-16,2026-06-11,2026-06-11,2026-06-15,1196,Air,No Delay
ORD-01319,Customer 17,Sensor,Plant C,Central,2026-06-13,2026-07-06,2026-07-04,2026-07-04,2026-07-06,368,Road,No Delay
ORD-01320,Customer 02,Power Supply,Plant C,North,2026-01-28,2026-02-07,2026-02-05,2026-02-03,2026-02-05,1152,Air,No Delay
ORD-01321,Customer 07,Sensor,Plant C,Central,2026-02-09,2026-02-26,2026-02-25,2026-02-24,2026-02-25,1074,Sea,No Delay
ORD-01322,Customer 25,Breaker,Plant B,North,2026-02-26,2026-03-13,2026-03-08,2026-03-08,2026-03-14,715,Air,Capacity Constraint
ORD-01323,Customer 26,Relay,Plant B,South,2026-06-19,2026-06-27,2026-06-25,2026-06-25,2026-06-27,1125,Sea,No Delay
ORD-01324,Customer 21,Contactor,Plant A,North,2026-02-07,2026-02-25,2026-02-22,2026-02-22,2026-02-26,1160,Air,Documentation Issue
ORD-01325,Customer 09,PLC,Plant B,Export,2026-04-20,2026-04-28,2026-04-26,2026-04-26,2026-04-29,1118,Road,Material Shortage
ORD-01326,Customer 06,Switchgear,Plant A,North,2026-03-03,2026-03-26,2026-03-23,2026-03-22,2026-03-24,23,Sea,No Delay
ORD-01327,Customer 25,Power Supply,Plant C,Central,2026-05-12,2026-05-30,2026-05-25,2026-05-24,2026-05-28,163,Road,No Delay
ORD-01328,Customer 02,Sensor,Plant A,South,2026-06-21,2026-07-02,2026-06-27,2026-06-25,2026-06-29,1299,Sea,No Delay
ORD-01329,Customer 21,Power Supply,Plant C,Central,2026-01-19,2026-02-03,2026-02-02,2026-01-31,2026-02-02,113,Sea,No Delay
ORD-01330,Customer 13,Relay,Plant A,Export,2026-04-05,2026-04-17,2026-04-14,2026-04-13,2026-04-16,296,Sea,No Delay
ORD-01331,Customer 24,Switchgear,Plant C,Export,2026-04-14,2026-05-02,2026-04-30,2026-04-29,2026-05-02,797,Road,No Delay
ORD-01332,Customer 22,Sensor,Plant A,Central,2026-02-11,2026-03-06,2026-03-01,2026-02-28,2026-03-05,416,Road,No Delay
ORD-01333,Customer 30,Power Supply,Plant A,Export,2026-04-27,2026-05-09,2026-05-08,2026-05-07,2026-05-08,1125,Road,No Delay
ORD-01334,Customer 01,Power Supply,Plant A,Central,2026-04-29,2026-05-04,2026-05-02,2026-04-30,2026-05-01,874,Road,No Delay
ORD-01335,Customer 07,Switchgear,Plant A,South,2026-05-12,2026-05-27,2026-05-25,2026-05-25,2026-05-27,638,Air,No Delay
ORD-01336,Customer 10,Breaker,Plant A,Export,2026-06-01,2026-06-07,2026-06-05,2026-06-04,2026-06-06,574,Air,No Delay
ORD-01337,Customer 04,Relay,Plant B,Export,2026-01-14,2026-01-26,2026-01-22,2026-01-21,2026-01-25,1376,Sea,No Delay
ORD-01338,Customer 19,Relay,Plant A,Central,2026-02-13,2026-02-23,2026-02-22,2026-02-20,2026-02-21,544,Sea,No Delay
ORD-01339,Customer 28,PLC,Plant C,Central,2026-04-18,2026-04-28,2026-04-23,2026-04-23,2026-04-29,245,Sea,Documentation Issue
ORD-01340,Customer 24,Breaker,Plant B,Export,2026-02-15,2026-03-09,2026-03-06,2026-03-05,2026-03-09,834,Sea,No Delay
ORD-01341,Customer 17,Relay,Plant A,South,2026-01-31,2026-02-19,2026-02-15,2026-02-14,2026-02-18,14,Air,No Delay
ORD-01342,Customer 11,Relay,Plant A,Export,2026-05-19,2026-05-28,2026-05-27,2026-05-25,2026-05-26,1400,Sea,No Delay
ORD-01343,Customer 05,Contactor,Plant C,Central,2026-04-04,2026-04-09,2026-04-06,2026-04-05,2026-04-08,158,Sea,No Delay
ORD-01344,Customer 25,Sensor,Plant A,Export,2026-02-05,2026-02-20,2026-02-15,2026-02-14,2026-02-20,1286,Sea,No Delay
ORD-01345,Customer 26,Breaker,Plant C,Central,2026-05-19,2026-06-02,2026-05-28,2026-05-26,2026-05-30,1366,Sea,No Delay
ORD-01346,Customer 11,Contactor,Plant C,North,2026-04-21,2026-05-15,2026-05-12,2026-05-11,2026-05-14,590,Air,No Delay
ORD-01347,Customer 06,PLC,Plant C,Export,2026-04-26,2026-05-21,2026-05-16,2026-05-14,2026-05-18,926,Air,No Delay
ORD-01348,Customer 15,Sensor,Plant B,North,2026-05-03,2026-05-14,2026-05-09,2026-05-09,2026-05-13,1267,Road,No Delay
ORD-01349,Customer 20,Power Supply,Plant C,Export,2026-06-10,2026-06-29,2026-06-25,2026-06-24,2026-06-29,1481,Road,No Delay
ORD-01350,Customer 17,Breaker,Plant B,Central,2026-02-03,2026-02-18,2026-02-13,2026-02-12,2026-02-18,1407,Sea,No Delay
ORD-01351,Customer 20,Drive,Plant C,Export,2026-03-02,2026-03-18,2026-03-17,2026-03-15,2026-03-16,1175,Road,No Delay
ORD-01352,Customer 09,Sensor,Plant A,Export,2026-01-08,2026-01-16,2026-01-14,2026-01-14,2026-01-16,953,Sea,No Delay
ORD-01353,Customer 21,Relay,Plant C,South,2026-04-11,2026-04-22,2026-04-20,2026-04-20,2026-04-22,811,Road,No Delay
ORD-01354,Customer 22,Drive,Plant A,South,2026-02-19,2026-03-13,2026-03-08,2026-03-07,2026-03-12,1489,Air,No Delay
ORD-01355,Customer 08,PLC,Plant B,South,2026-02-15,2026-03-02,2026-02-26,2026-02-26,2026-03-02,219,Road,No Delay
ORD-01356,Customer 16,Sensor,Plant B,South,2026-05-10,2026-05-18,2026-05-13,2026-05-12,2026-05-16,42,Sea,No Delay
ORD-01357,Customer 20,Contactor,Plant C,North,2026-03-24,2026-04-13,2026-04-10,2026-04-08,2026-04-11,241,Air,No Delay
ORD-01358,Customer 03,Drive,Plant A,Export,2026-06-03,2026-06-23,2026-06-21,2026-06-21,2026-06-24,639,Road,Material Shortage
ORD-01359,Customer 06,Drive,Plant C,Central,2026-03-25,2026-04-08,2026-04-04,2026-04-03,2026-04-06,869,Air,No Delay
ORD-01360,Customer 28,Relay,Plant C,North,2026-05-15,2026-05-23,2026-05-21,2026-05-20,2026-05-28,590,Road,Carrier Delay
ORD-01361,Customer 02,Relay,Plant B,North,2026-01-10,2026-01-26,2026-01-24,2026-01-24,2026-01-27,566,Air,Capacity Constraint
ORD-01362,Customer 30,Drive,Plant C,Export,2026-02-03,2026-02-15,2026-02-10,2026-02-09,2026-02-14,862,Road,No Delay
ORD-01363,Customer 06,Relay,Plant B,South,2026-03-25,2026-04-17,2026-04-12,2026-04-11,2026-04-16,1054,Air,No Delay
ORD-01364,Customer 11,Sensor,Plant A,Central,2026-06-21,2026-07-04,2026-06-29,2026-06-29,2026-07-04,633,Sea,No Delay
ORD-01365,Customer 05,Sensor,Plant B,Central,2026-01-31,2026-02-07,2026-02-03,2026-02-04,2026-02-07,1210,Sea,Material Shortage
ORD-01366,Customer 01,Drive,Plant B,Export,2026-03-01,2026-03-08,2026-03-06,2026-03-04,2026-03-06,79,Sea,No Delay
ORD-01367,Customer 28,Power Supply,Plant B,Export,2026-02-22,2026-03-19,2026-03-15,2026-03-13,2026-03-17,305,Air,No Delay
ORD-01368,Customer 05,Breaker,Plant A,South,2026-06-26,2026-07-08,2026-07-04,2026-07-04,2026-07-08,1065,Sea,No Delay
ORD-01369,Customer 26,Contactor,Plant C,Central,2026-06-30,2026-07-10,2026-07-07,2026-07-05,2026-07-08,399,Road,No Delay
ORD-01370,Customer 02,Power Supply,Plant C,North,2026-02-02,2026-02-13,2026-02-08,2026-02-08,2026-02-13,194,Sea,No Delay
ORD-01371,Customer 06,Switchgear,Plant B,North,2026-03-04,2026-03-22,2026-03-19,2026-03-17,2026-03-20,1372,Air,No Delay
ORD-01372,Customer 09,Switchgear,Plant A,Export,2026-02-15,2026-02-25,2026-02-22,2026-02-21,2026-02-24,326,Sea,No Delay
ORD-01373,Customer 18,PLC,Plant C,North,2026-01-09,2026-01-24,2026-01-22,2026-01-22,2026-01-24,813,Road,No Delay
ORD-01374,Customer 22,PLC,Plant A,Export,2026-05-21,2026-05-31,2026-05-27,2026-05-27,2026-05-31,1478,Sea,No Delay
ORD-01375,Customer 19,PLC,Plant C,Export,2026-02-25,2026-03-20,2026-03-15,2026-03-16,2026-03-21,360,Road,Capacity Constraint
ORD-01376,Customer 08,Relay,Plant B,South,2026-04-20,2026-05-05,2026-04-30,2026-04-29,2026-05-05,1448,Road,No Delay
ORD-01377,Customer 24,Switchgear,Plant C,Export,2026-05-28,2026-06-19,2026-06-17,2026-06-16,2026-06-18,458,Road,No Delay
ORD-01378,Customer 19,Switchgear,Plant C,North,2026-04-11,2026-04-25,2026-04-23,2026-04-23,2026-04-25,379,Air,No Delay
ORD-01379,Customer 02,Drive,Plant A,Export,2026-06-04,2026-06-27,2026-06-23,2026-06-23,2026-06-27,1089,Air,No Delay
ORD-01380,Customer 30,PLC,Plant A,Central,2026-01-29,2026-02-09,2026-02-05,2026-02-04,2026-02-09,67,Sea,No Delay
ORD-01381,Customer 29,Breaker,Plant B,Export,2026-01-26,2026-02-04,2026-02-01,2026-02-01,2026-02-05,1252,Sea,Material Shortage
ORD-01382,Customer 23,Drive,Plant C,South,2026-04-30,2026-05-21,2026-05-16,2026-05-16,2026-05-21,388,Road,No Delay
ORD-01383,Customer 10,PLC,Plant B,North,2026-06-13,2026-07-05,2026-07-01,2026-06-29,2026-07-02,1182,Sea,No Delay
ORD-01384,Customer 28,Contactor,Plant A,Central,2026-03-24,2026-04-01,2026-03-28,2026-03-26,2026-03-31,1326,Sea,No Delay
ORD-01385,Customer 21,PLC,Plant A,Central,2026-02-12,2026-03-07,2026-03-04,2026-03-02,2026-03-05,20,Sea,No Delay
ORD-01386,Customer 04,Relay,Plant B,North,2026-04-17,2026-05-07,2026-05-06,2026-05-06,2026-05-07,1306,Road,No Delay
ORD-01387,Customer 22,Relay,Plant A,North,2026-02-08,2026-02-16,2026-02-14,2026-02-14,2026-02-16,1250,Sea,No Delay
ORD-01388,Customer 02,Contactor,Plant C,North,2026-06-22,2026-06-29,2026-06-28,2026-06-27,2026-06-28,924,Road,No Delay
ORD-01389,Customer 07,Power Supply,Plant B,South,2026-03-29,2026-04-19,2026-04-15,2026-04-13,2026-04-16,436,Sea,No Delay
ORD-01390,Customer 06,Contactor,Plant A,South,2026-01-04,2026-01-14,2026-01-10,2026-01-10,2026-01-15,56,Sea,Carrier Delay
ORD-01391,Customer 05,Relay,Plant C,South,2026-06-24,2026-07-11,2026-07-06,2026-07-05,2026-07-11,779,Road,No Delay
ORD-01392,Customer 03,Breaker,Plant A,South,2026-01-05,2026-01-28,2026-01-26,2026-01-25,2026-01-27,272,Sea,No Delay
ORD-01393,Customer 07,Power Supply,Plant B,South,2026-05-30,2026-06-19,2026-06-18,2026-06-16,2026-06-17,1115,Air,No Delay
ORD-01394,Customer 25,Relay,Plant A,Central,2026-04-10,2026-04-24,2026-04-22,2026-04-20,2026-04-21,996,Road,No Delay
ORD-01395,Customer 02,Relay,Plant C,North,2026-04-19,2026-04-27,2026-04-24,2026-04-23,2026-04-27,917,Sea,No Delay
ORD-01396,Customer 28,Sensor,Plant C,North,2026-01-22,2026-02-09,2026-02-05,2026-02-03,2026-02-07,711,Air,No Delay
ORD-01397,Customer 04,Breaker,Plant C,South,2026-03-08,2026-03-18,2026-03-17,2026-03-17,2026-03-18,840,Air,No Delay
ORD-01398,Customer 22,Drive,Plant B,South,2026-05-25,2026-06-19,2026-06-15,2026-06-14,2026-06-18,880,Road,No Delay
ORD-01399,Customer 04,Breaker,Plant C,North,2026-03-05,2026-03-18,2026-03-14,2026-03-12,2026-03-16,252,Sea,No Delay
ORD-01400,Customer 13,Sensor,Plant A,Export,2026-02-01,2026-02-07,2026-02-05,2026-02-05,2026-02-08,341,Air,Documentation Issue
ORD-01401,Customer 19,Breaker,Plant C,North,2026-05-13,2026-05-19,2026-05-14,2026-05-12,2026-05-17,711,Sea,No Delay
ORD-01402,Customer 02,Switchgear,Plant C,Central,2026-01-16,2026-02-04,2026-02-03,2026-02-01,2026-02-02,690,Road,No Delay
ORD-01403,Customer 06,Contactor,Plant C,Central,2026-01-13,2026-01-27,2026-01-24,2026-01-29,2026-02-01,60,Road,Documentation Issue
ORD-01404,Customer 14,Sensor,Plant B,North,2026-05-25,2026-06-12,2026-06-10,2026-06-10,2026-06-12,428,Road,No Delay
ORD-01405,Customer 30,Sensor,Plant B,Export,2026-05-24,2026-05-29,2026-05-26,2026-05-26,2026-05-30,904,Road,Documentation Issue
ORD-01406,Customer 02,Sensor,Plant B,Export,2026-01-21,2026-02-06,2026-02-01,2026-01-30,2026-02-04,881,Road,No Delay
ORD-01407,Customer 16,Switchgear,Plant A,South,2026-03-21,2026-04-05,2026-03-31,2026-03-29,2026-04-02,86,Road,No Delay
ORD-01408,Customer 21,Sensor,Plant C,North,2026-06-17,2026-06-30,2026-06-25,2026-06-25,2026-07-01,655,Road,Customer Change
ORD-01409,Customer 02,Sensor,Plant C,Export,2026-06-20,2026-06-27,2026-06-24,2026-06-22,2026-06-26,818,Sea,No Delay
ORD-01410,Customer 04,Power Supply,Plant B,South,2026-05-16,2026-06-05,2026-06-03,2026-06-01,2026-06-04,219,Air,No Delay
ORD-01411,Customer 09,PLC,Plant A,Central,2026-04-08,2026-04-16,2026-04-14,2026-04-13,2026-04-15,670,Air,No Delay
ORD-01412,Customer 20,Switchgear,Plant A,North,2026-02-16,2026-02-27,2026-02-22,2026-02-22,2026-02-28,1467,Air,Material Shortage
ORD-01413,Customer 29,Relay,Plant A,North,2026-02-12,2026-03-02,2026-02-28,2026-02-27,2026-03-02,851,Road,No Delay
ORD-01414,Customer 23,Switchgear,Plant A,North,2026-02-10,2026-02-15,2026-02-12,2026-02-12,2026-02-15,181,Air,No Delay
ORD-01415,Customer 30,Power Supply,Plant B,South,2026-01-06,2026-01-28,2026-01-23,2026-01-22,2026-01-26,1105,Road,No Delay
ORD-01416,Customer 17,Drive,Plant B,North,2026-02-11,2026-02-19,2026-02-15,2026-02-14,2026-02-19,1114,Road,No Delay
ORD-01417,Customer 03,Relay,Plant A,Export,2026-01-16,2026-01-21,2026-01-18,2026-01-17,2026-01-20,1163,Road,No Delay
ORD-01418,Customer 16,Sensor,Plant A,Export,2026-03-18,2026-04-11,2026-04-07,2026-04-07,2026-04-11,1156,Sea,No Delay
ORD-01419,Customer 19,Drive,Plant A,North,2026-02-08,2026-02-27,2026-02-23,2026-02-23,2026-02-26,539,Road,No Delay
ORD-01420,Customer 06,Switchgear,Plant B,Central,2026-05-29,2026-06-16,2026-06-15,2026-06-13,2026-06-15,692,Sea,No Delay
ORD-01421,Customer 02,Power Supply,Plant C,South,2026-04-07,2026-04-23,2026-04-22,2026-04-21,2026-04-22,1258,Air,No Delay
ORD-01422,Customer 17,Sensor,Plant A,North,2026-04-09,2026-05-01,2026-04-29,2026-04-29,2026-04-30,919,Road,No Delay
ORD-01423,Customer 08,Power Supply,Plant B,Central,2026-02-09,2026-03-03,2026-02-28,2026-02-26,2026-03-01,10,Sea,No Delay
ORD-01424,Customer 05,Sensor,Plant B,Export,2026-05-27,2026-06-08,2026-06-05,2026-06-05,2026-06-09,319,Sea,Documentation Issue
ORD-01425,Customer 07,Contactor,Plant C,Central,2026-04-24,2026-05-18,2026-05-13,2026-05-11,2026-05-15,742,Sea,No Delay
ORD-01426,Customer 24,Power Supply,Plant A,South,2026-06-03,2026-06-28,2026-06-26,2026-06-30,2026-07-01,392,Road,Documentation Issue
ORD-01427,Customer 23,Breaker,Plant A,South,2026-01-12,2026-01-25,2026-01-22,2026-01-20,2026-01-23,580,Air,No Delay
ORD-01428,Customer 28,PLC,Plant C,South,2026-05-07,2026-05-16,2026-05-13,2026-05-11,2026-05-14,570,Road,No Delay
ORD-01429,Customer 05,Sensor,Plant C,North,2026-05-26,2026-06-13,2026-06-09,2026-06-08,2026-06-11,1129,Sea,No Delay
ORD-01430,Customer 09,Power Supply,Plant C,North,2026-01-01,2026-01-18,2026-01-14,2026-01-12,2026-01-16,473,Air,No Delay
ORD-01431,Customer 20,PLC,Plant C,Export,2026-06-09,2026-06-19,2026-06-15,2026-06-14,2026-06-19,1436,Sea,No Delay
ORD-01432,Customer 19,Sensor,Plant B,North,2026-05-21,2026-06-09,2026-06-06,2026-06-05,2026-06-07,236,Road,No Delay
ORD-01433,Customer 30,Power Supply,Plant C,North,2026-06-07,2026-06-16,2026-06-11,2026-06-09,2026-06-14,729,Road,No Delay
ORD-01434,Customer 18,Power Supply,Plant A,Export,2026-01-19,2026-02-08,2026-02-07,2026-02-07,2026-02-08,653,Road,No Delay
ORD-01435,Customer 02,Power Supply,Plant B,North,2026-04-16,2026-05-11,2026-05-09,2026-05-09,2026-05-11,110,Road,No Delay
ORD-01436,Customer 09,Relay,Plant A,South,2026-06-02,2026-06-27,2026-06-22,2026-06-20,2026-06-26,780,Air,No Delay
ORD-01437,Customer 26,Power Supply,Plant B,Central,2026-06-24,2026-07-07,2026-07-02,2026-07-01,2026-07-06,39,Air,No Delay
ORD-01438,Customer 19,Switchgear,Plant B,South,2026-03-22,2026-04-09,2026-04-06,2026-04-05,2026-04-09,462,Road,No Delay
ORD-01439,Customer 29,Power Supply,Plant A,Central,2026-05-10,2026-06-03,2026-06-02,2026-05-31,2026-06-01,867,Air,No Delay
ORD-01440,Customer 30,Breaker,Plant A,Export,2026-06-29,2026-07-13,2026-07-12,2026-07-12,2026-07-14,338,Road,Production Delay
ORD-01441,Customer 16,Sensor,Plant B,Central,2026-01-31,2026-02-10,2026-02-08,2026-02-07,2026-02-09,657,Sea,No Delay
ORD-01442,Customer 30,Sensor,Plant C,Export,2026-01-18,2026-02-04,2026-02-03,2026-02-01,2026-02-02,132,Road,No Delay
ORD-01443,Customer 18,Relay,Plant A,North,2026-05-18,2026-05-23,2026-05-22,2026-05-22,2026-05-23,364,Sea,No Delay
ORD-01444,Customer 23,Power Supply,Plant B,Central,2026-06-02,2026-06-18,2026-06-14,2026-06-12,2026-06-16,1317,Air,No Delay
ORD-01445,Customer 24,Switchgear,Plant B,Central,2026-01-20,2026-01-29,2026-01-28,2026-01-26,2026-01-28,890,Air,No Delay
ORD-01446,Customer 27,Relay,Plant B,South,2026-06-28,2026-07-21,2026-07-17,2026-07-17,2026-07-21,1062,Road,No Delay
ORD-01447,Customer 12,Sensor,Plant A,North,2026-03-21,2026-03-30,2026-03-29,2026-03-29,2026-03-31,1394,Air,Carrier Delay
ORD-01448,Customer 28,Contactor,Plant A,Central,2026-03-07,2026-03-21,2026-03-18,2026-03-17,2026-03-20,406,Road,No Delay
ORD-01449,Customer 15,Switchgear,Plant B,Central,2026-04-25,2026-05-09,2026-05-04,2026-05-04,2026-05-10,507,Sea,Material Shortage
ORD-01450,Customer 22,Relay,Plant A,Export,2026-03-17,2026-04-11,2026-04-09,2026-04-07,2026-04-10,734,Sea,No Delay
ORD-01451,Customer 09,Drive,Plant C,Central,2026-01-04,2026-01-29,2026-01-24,2026-01-22,2026-01-27,77,Air,No Delay
ORD-01452,Customer 08,Drive,Plant A,South,2026-06-05,2026-06-17,2026-06-14,2026-06-14,2026-06-17,34,Road,No Delay
ORD-01453,Customer 10,Contactor,Plant B,South,2026-06-29,2026-07-24,2026-07-23,2026-07-23,2026-07-24,362,Air,No Delay
ORD-01454,Customer 18,Drive,Plant C,North,2026-03-07,2026-03-20,2026-03-17,2026-03-16,2026-03-20,983,Sea,No Delay
ORD-01455,Customer 21,Drive,Plant A,North,2026-06-08,2026-06-19,2026-06-15,2026-06-15,2026-06-18,311,Sea,No Delay
ORD-01456,Customer 19,Relay,Plant C,North,2026-04-27,2026-05-18,2026-05-13,2026-05-13,2026-05-19,636,Air,Documentation Issue
ORD-01457,Customer 09,Power Supply,Plant A,North,2026-05-04,2026-05-27,2026-05-25,2026-05-23,2026-05-25,193,Sea,No Delay
ORD-01458,Customer 27,PLC,Plant C,Export,2026-06-03,2026-06-25,2026-06-21,2026-06-19,2026-06-23,343,Sea,No Delay
ORD-01459,Customer 13,Relay,Plant C,Central,2026-03-02,2026-03-14,2026-03-09,2026-03-07,2026-03-13,363,Sea,No Delay
ORD-01460,Customer 27,Contactor,Plant A,Central,2026-05-12,2026-05-18,2026-05-13,2026-05-11,2026-05-16,481,Road,No Delay
ORD-01461,Customer 02,Breaker,Plant C,Export,2026-01-01,2026-01-06,2026-01-05,2026-01-04,2026-01-05,1474,Air,No Delay
ORD-01462,Customer 03,Sensor,Plant A,Central,2026-02-01,2026-02-06,2026-02-01,2026-01-31,2026-02-05,1142,Air,No Delay
ORD-01463,Customer 26,Relay,Plant A,South,2026-03-23,2026-04-17,2026-04-15,2026-04-13,2026-04-15,643,Air,No Delay
ORD-01464,Customer 13,Relay,Plant A,South,2026-05-31,2026-06-15,2026-06-14,2026-06-12,2026-06-13,581,Air,No Delay
ORD-01465,Customer 29,Power Supply,Plant B,South,2026-05-31,2026-06-17,2026-06-13,2026-06-12,2026-06-15,198,Road,No Delay
ORD-01466,Customer 29,PLC,Plant B,North,2026-01-04,2026-01-29,2026-01-25,2026-01-24,2026-01-27,925,Sea,No Delay
ORD-01467,Customer 20,Breaker,Plant B,Central,2026-03-24,2026-04-01,2026-03-28,2026-03-28,2026-04-02,890,Air,Capacity Constraint
ORD-01468,Customer 15,Breaker,Plant C,Central,2026-05-21,2026-06-01,2026-05-29,2026-05-28,2026-05-31,1115,Air,No Delay
ORD-01469,Customer 22,Switchgear,Plant C,North,2026-05-23,2026-06-14,2026-06-09,2026-06-09,2026-06-14,755,Road,No Delay
ORD-01470,Customer 13,Breaker,Plant C,Central,2026-04-05,2026-04-28,2026-04-24,2026-04-23,2026-04-28,269,Road,No Delay
ORD-01471,Customer 27,Relay,Plant B,North,2026-01-23,2026-02-01,2026-01-28,2026-01-27,2026-02-01,629,Road,No Delay
ORD-01472,Customer 17,Drive,Plant A,Export,2026-05-22,2026-05-27,2026-05-22,2026-05-20,2026-05-25,1006,Air,No Delay
ORD-01473,Customer 22,Relay,Plant B,North,2026-03-16,2026-03-23,2026-03-21,2026-03-20,2026-03-21,1256,Sea,No Delay
ORD-01474,Customer 16,Drive,Plant C,North,2026-06-01,2026-06-18,2026-06-16,2026-06-14,2026-06-16,930,Road,No Delay
ORD-01475,Customer 27,Breaker,Plant B,Export,2026-03-09,2026-03-25,2026-03-22,2026-03-20,2026-03-23,1045,Road,No Delay
ORD-01476,Customer 01,Breaker,Plant A,Export,2026-01-01,2026-01-24,2026-01-22,2026-01-21,2026-01-22,459,Sea,No Delay
ORD-01477,Customer 09,Switchgear,Plant A,Central,2026-03-29,2026-04-16,2026-04-13,2026-04-12,2026-04-15,1156,Sea,No Delay
ORD-01478,Customer 23,Switchgear,Plant A,North,2026-03-25,2026-04-07,2026-04-06,2026-04-05,2026-04-06,289,Air,No Delay
ORD-01479,Customer 26,Drive,Plant C,North,2026-01-19,2026-02-05,2026-01-31,2026-01-30,2026-02-04,197,Road,No Delay
ORD-01480,Customer 14,Contactor,Plant C,North,2026-05-28,2026-06-13,2026-06-12,2026-06-11,2026-06-12,752,Road,No Delay
ORD-01481,Customer 14,Drive,Plant C,North,2026-04-23,2026-04-29,2026-04-24,2026-04-22,2026-04-27,19,Air,No Delay
ORD-01482,Customer 10,PLC,Plant C,Central,2026-03-07,2026-04-01,2026-03-31,2026-03-31,2026-04-02,1172,Sea,Customer Change
ORD-01483,Customer 09,Sensor,Plant B,North,2026-04-30,2026-05-18,2026-05-13,2026-05-11,2026-05-16,856,Sea,No Delay
ORD-01484,Customer 03,PLC,Plant C,North,2026-01-23,2026-02-16,2026-02-11,2026-02-10,2026-02-15,82,Air,No Delay
ORD-01485,Customer 03,Switchgear,Plant B,Central,2026-03-27,2026-04-02,2026-03-31,2026-03-31,2026-04-02,747,Air,No Delay
ORD-01486,Customer 28,Sensor,Plant C,Export,2026-03-07,2026-03-28,2026-03-26,2026-03-24,2026-03-27,89,Sea,No Delay
ORD-01487,Customer 17,PLC,Plant C,South,2026-04-20,2026-05-09,2026-05-07,2026-05-05,2026-05-07,372,Air,No Delay
ORD-01488,Customer 15,Switchgear,Plant B,North,2026-02-28,2026-03-17,2026-03-14,2026-03-12,2026-03-15,815,Air,No Delay
ORD-01489,Customer 06,Breaker,Plant C,North,2026-04-25,2026-05-19,2026-05-16,2026-05-15,2026-05-18,1117,Air,No Delay
ORD-01490,Customer 20,Contactor,Plant A,North,2026-03-25,2026-04-02,2026-04-01,2026-04-01,2026-04-02,180,Road,No Delay
ORD-01491,Customer 10,Switchgear,Plant C,Export,2026-04-29,2026-05-20,2026-05-16,2026-05-16,2026-05-20,120,Sea,No Delay
ORD-01492,Customer 30,Sensor,Plant C,North,2026-06-29,2026-07-09,2026-07-07,2026-07-06,2026-07-08,1407,Road,No Delay
ORD-01493,Customer 30,Breaker,Plant A,South,2026-01-01,2026-01-08,2026-01-06,2026-01-05,2026-01-12,237,Air,Customer Change
ORD-01494,Customer 10,Breaker,Plant B,North,2026-02-24,2026-03-06,2026-03-03,2026-03-08,2026-03-12,917,Sea,Documentation Issue
ORD-01495,Customer 21,Breaker,Plant A,North,2026-02-18,2026-02-27,2026-02-23,2026-02-21,2026-02-26,108,Road,No Delay
ORD-01496,Customer 19,Contactor,Plant A,South,2026-04-11,2026-04-25,2026-04-20,2026-04-19,2026-04-24,723,Road,No Delay
ORD-01497,Customer 10,Contactor,Plant A,South,2026-01-09,2026-01-20,2026-01-16,2026-01-16,2026-01-19,1270,Sea,No Delay
ORD-01498,Customer 02,Drive,Plant B,North,2026-02-14,2026-03-08,2026-03-05,2026-03-03,2026-03-07,78,Road,No Delay
ORD-01499,Customer 30,Breaker,Plant A,Export,2026-04-15,2026-05-05,2026-04-30,2026-04-28,2026-05-03,1478,Air,No Delay
ORD-01500,Customer 22,Relay,Plant C,Central,2026-05-03,2026-05-16,2026-05-15,2026-05-13,2026-05-15,1366,Road,No Delay
ORD-01501,Customer 13,Relay,Plant B,South,2026-05-26,2026-06-09,2026-06-06,2026-06-05,2026-06-13,26,Road,Documentation Issue
ORD-01502,Customer 11,Sensor,Plant A,Export,2026-02-11,2026-03-08,2026-03-05,2026-03-03,2026-03-06,386,Air,No Delay
ORD-01503,Customer 19,Relay,Plant A,Central,2026-01-28,2026-02-16,2026-02-11,2026-02-11,2026-02-16,640,Air,No Delay
ORD-01504,Customer 02,Drive,Plant A,North,2026-01-25,2026-02-01,2026-01-31,2026-01-29,2026-01-30,1314,Sea,No Delay
ORD-01505,Customer 13,Switchgear,Plant A,Central,2026-05-23,2026-06-10,2026-06-05,2026-06-03,2026-06-07,1272,Road,No Delay
ORD-01506,Customer 28,Relay,Plant A,Central,2026-03-14,2026-03-29,2026-03-25,2026-03-25,2026-03-29,1225,Sea,No Delay
ORD-01507,Customer 26,Relay,Plant A,Central,2026-06-01,2026-06-19,2026-06-16,2026-06-14,2026-06-17,947,Air,No Delay
ORD-01508,Customer 05,Breaker,Plant B,North,2026-04-01,2026-04-22,2026-04-20,2026-04-19,2026-04-20,196,Air,No Delay
ORD-01509,Customer 26,Relay,Plant A,South,2026-02-11,2026-02-23,2026-02-18,2026-02-16,2026-02-21,1084,Road,No Delay
ORD-01510,Customer 25,Contactor,Plant C,Export,2026-05-14,2026-06-06,2026-06-02,2026-06-02,2026-06-07,443,Sea,Material Shortage
ORD-01511,Customer 16,Relay,Plant C,North,2026-04-06,2026-04-21,2026-04-16,2026-04-16,2026-04-22,791,Sea,Customer Change
ORD-01512,Customer 26,PLC,Plant A,Export,2026-05-13,2026-05-19,2026-05-18,2026-05-17,2026-05-18,1256,Road,No Delay
ORD-01513,Customer 10,Breaker,Plant C,North,2026-05-11,2026-06-03,2026-05-30,2026-05-30,2026-06-03,1062,Road,No Delay
ORD-01514,Customer 05,PLC,Plant A,Central,2026-02-13,2026-03-05,2026-03-03,2026-03-01,2026-03-04,131,Air,No Delay
ORD-01515,Customer 28,Contactor,Plant A,Export,2026-01-23,2026-02-05,2026-02-02,2026-02-01,2026-02-04,747,Sea,No Delay
ORD-01516,Customer 07,Breaker,Plant B,Central,2026-06-04,2026-06-15,2026-06-14,2026-06-14,2026-06-15,458,Road,No Delay
ORD-01517,Customer 07,Breaker,Plant A,North,2026-02-03,2026-02-22,2026-02-18,2026-02-16,2026-02-20,865,Air,No Delay
ORD-01518,Customer 20,PLC,Plant B,Export,2026-01-13,2026-01-31,2026-01-28,2026-01-26,2026-01-29,951,Air,No Delay
ORD-01519,Customer 21,Relay,Plant C,North,2026-04-12,2026-05-05,2026-05-04,2026-05-02,2026-05-03,861,Sea,No Delay
ORD-01520,Customer 17,PLC,Plant A,North,2026-06-25,2026-07-02,2026-06-28,2026-06-28,2026-07-02,549,Road,No Delay
ORD-01521,Customer 26,PLC,Plant A,Export,2026-05-19,2026-06-01,2026-05-31,2026-05-30,2026-05-31,1007,Road,No Delay
ORD-01522,Customer 25,Breaker,Plant B,Central,2026-05-09,2026-05-15,2026-05-12,2026-05-11,2026-05-14,1444,Air,No Delay
ORD-01523,Customer 19,Sensor,Plant B,South,2026-02-09,2026-02-16,2026-02-11,2026-02-10,2026-02-15,1353,Road,No Delay
ORD-01524,Customer 01,Sensor,Plant C,Export,2026-04-23,2026-05-11,2026-05-07,2026-05-12,2026-05-16,352,Air,Carrier Delay
ORD-01525,Customer 05,Sensor,Plant A,Export,2026-02-18,2026-02-27,2026-02-25,2026-02-24,2026-02-25,1372,Road,No Delay
ORD-01526,Customer 28,Breaker,Plant C,Export,2026-03-29,2026-04-23,2026-04-18,2026-04-17,2026-04-21,1226,Sea,No Delay
ORD-01527,Customer 23,Contactor,Plant C,Export,2026-06-08,2026-06-16,2026-06-11,2026-06-09,2026-06-14,549,Road,No Delay
ORD-01528,Customer 06,Drive,Plant C,North,2026-02-21,2026-03-15,2026-03-12,2026-03-10,2026-03-13,756,Sea,No Delay
ORD-01529,Customer 23,Drive,Plant C,Export,2026-03-02,2026-03-14,2026-03-12,2026-03-10,2026-03-12,840,Road,No Delay
ORD-01530,Customer 11,Switchgear,Plant B,South,2026-04-06,2026-04-19,2026-04-16,2026-04-16,2026-04-20,1488,Sea,Documentation Issue
ORD-01531,Customer 13,Power Supply,Plant C,Export,2026-03-27,2026-04-07,2026-04-04,2026-04-11,2026-04-15,140,Air,Carrier Delay
ORD-01532,Customer 23,Breaker,Plant C,South,2026-02-23,2026-03-08,2026-03-06,2026-03-05,2026-03-07,1276,Air,No Delay
ORD-01533,Customer 12,Power Supply,Plant B,South,2026-05-11,2026-05-18,2026-05-15,2026-05-14,2026-05-17,924,Road,No Delay
ORD-01534,Customer 23,Contactor,Plant B,Central,2026-01-29,2026-02-10,2026-02-09,2026-02-08,2026-02-09,798,Road,No Delay
ORD-01535,Customer 06,Power Supply,Plant A,South,2026-03-15,2026-03-21,2026-03-18,2026-03-18,2026-03-21,658,Air,No Delay
ORD-01536,Customer 30,Breaker,Plant A,North,2026-02-24,2026-03-02,2026-02-26,2026-02-24,2026-02-28,1025,Sea,No Delay
ORD-01537,Customer 30,Sensor,Plant B,Central,2026-04-02,2026-04-12,2026-04-10,2026-04-08,2026-04-11,438,Air,No Delay
ORD-01538,Customer 22,Switchgear,Plant A,North,2026-06-18,2026-07-01,2026-06-29,2026-06-29,2026-07-01,1028,Road,No Delay
ORD-01539,Customer 15,Switchgear,Plant B,Central,2026-06-14,2026-06-24,2026-06-23,2026-06-22,2026-06-23,1192,Air,No Delay
ORD-01540,Customer 02,Breaker,Plant C,South,2026-04-13,2026-04-28,2026-04-24,2026-04-23,2026-04-26,322,Air,No Delay
ORD-01541,Customer 02,Breaker,Plant A,Central,2026-05-18,2026-05-25,2026-05-24,2026-05-23,2026-05-25,1000,Sea,No Delay
ORD-01542,Customer 01,Sensor,Plant A,North,2026-02-15,2026-02-24,2026-02-23,2026-02-22,2026-02-23,455,Air,No Delay
ORD-01543,Customer 13,Drive,Plant B,Central,2026-05-16,2026-06-10,2026-06-09,2026-06-07,2026-06-08,1071,Air,No Delay
ORD-01544,Customer 24,Drive,Plant C,South,2026-02-15,2026-02-20,2026-02-15,2026-02-15,2026-02-20,1360,Sea,No Delay
ORD-01545,Customer 07,Relay,Plant A,South,2026-02-24,2026-03-08,2026-03-06,2026-03-06,2026-03-08,754,Air,No Delay
ORD-01546,Customer 12,Breaker,Plant B,Export,2026-06-26,2026-07-08,2026-07-05,2026-07-03,2026-07-06,197,Road,No Delay
ORD-01547,Customer 26,Relay,Plant A,Export,2026-05-22,2026-06-10,2026-06-09,2026-06-08,2026-06-09,89,Road,No Delay
ORD-01548,Customer 18,Relay,Plant C,North,2026-01-04,2026-01-24,2026-01-23,2026-01-21,2026-01-23,1019,Sea,No Delay
ORD-01549,Customer 15,Sensor,Plant A,Central,2026-06-11,2026-06-29,2026-06-26,2026-06-25,2026-06-28,439,Road,No Delay
ORD-01550,Customer 10,Sensor,Plant A,South,2026-06-26,2026-07-05,2026-07-03,2026-07-03,2026-07-04,1157,Sea,No Delay
ORD-01551,Customer 27,Drive,Plant A,South,2026-05-25,2026-06-03,2026-06-01,2026-05-31,2026-06-01,1353,Road,No Delay
ORD-01552,Customer 09,Power Supply,Plant C,Export,2026-04-10,2026-04-22,2026-04-18,2026-04-16,2026-04-19,574,Road,No Delay
ORD-01553,Customer 11,Relay,Plant A,North,2026-03-02,2026-03-07,2026-03-03,2026-03-01,2026-03-04,460,Air,No Delay
ORD-01554,Customer 24,Switchgear,Plant C,South,2026-02-14,2026-03-03,2026-03-02,2026-03-01,2026-03-02,800,Road,No Delay
ORD-01555,Customer 06,Contactor,Plant B,North,2026-03-22,2026-04-04,2026-03-31,2026-03-30,2026-04-04,886,Sea,No Delay
ORD-01556,Customer 01,Contactor,Plant C,Export,2026-03-10,2026-03-17,2026-03-16,2026-03-16,2026-03-17,1223,Road,No Delay
ORD-01557,Customer 01,Relay,Plant A,South,2026-06-01,2026-06-16,2026-06-12,2026-06-11,2026-06-14,355,Air,No Delay
ORD-01558,Customer 22,Contactor,Plant A,South,2026-02-10,2026-02-15,2026-02-14,2026-02-14,2026-02-15,160,Road,No Delay
ORD-01559,Customer 21,Switchgear,Plant B,North,2026-05-27,2026-06-08,2026-06-04,2026-06-04,2026-06-08,1169,Sea,No Delay
ORD-01560,Customer 20,Relay,Plant A,Export,2026-05-02,2026-05-13,2026-05-12,2026-05-11,2026-05-12,1345,Air,No Delay
ORD-01561,Customer 27,PLC,Plant C,South,2026-06-22,2026-06-27,2026-06-23,2026-06-23,2026-06-28,425,Road,Production Delay
ORD-01562,Customer 26,Drive,Plant A,Central,2026-06-04,2026-06-11,2026-06-07,2026-06-05,2026-06-10,265,Road,No Delay
ORD-01563,Customer 13,Sensor,Plant B,Export,2026-01-12,2026-01-22,2026-01-21,2026-01-20,2026-01-21,591,Air,No Delay
ORD-01564,Customer 18,Power Supply,Plant B,Export,2026-01-02,2026-01-08,2026-01-07,2026-01-07,2026-01-08,619,Sea,No Delay
ORD-01565,Customer 12,Power Supply,Plant C,North,2026-04-25,2026-05-18,2026-05-14,2026-05-12,2026-05-16,536,Air,No Delay
ORD-01566,Customer 19,Power Supply,Plant B,Export,2026-01-09,2026-01-14,2026-01-10,2026-01-09,2026-01-13,1272,Road,No Delay
ORD-01567,Customer 13,PLC,Plant B,Central,2026-04-29,2026-05-18,2026-05-17,2026-05-17,2026-05-18,111,Sea,No Delay
ORD-01568,Customer 17,Relay,Plant B,Export,2026-04-05,2026-04-28,2026-04-24,2026-04-22,2026-04-26,1391,Road,No Delay
ORD-01569,Customer 27,Drive,Plant C,Export,2026-04-20,2026-05-04,2026-05-02,2026-05-08,2026-05-11,724,Air,Capacity Constraint
ORD-01570,Customer 10,Sensor,Plant A,South,2026-04-16,2026-05-04,2026-05-02,2026-05-01,2026-05-03,1263,Road,No Delay
ORD-01571,Customer 15,Sensor,Plant A,South,2026-04-12,2026-05-05,2026-04-30,2026-04-30,2026-05-05,849,Air,No Delay
ORD-01572,Customer 14,Relay,Plant C,Export,2026-01-05,2026-01-26,2026-01-21,2026-01-19,2026-01-25,1491,Road,No Delay
ORD-01573,Customer 01,Switchgear,Plant A,North,2026-05-28,2026-06-19,2026-06-14,2026-06-13,2026-06-18,1425,Road,No Delay
ORD-01574,Customer 23,Power Supply,Plant B,South,2026-01-30,2026-02-19,2026-02-18,2026-02-17,2026-02-18,977,Sea,No Delay
ORD-01575,Customer 28,Sensor,Plant B,North,2026-02-03,2026-02-12,2026-02-11,2026-02-09,2026-02-10,313,Sea,No Delay
ORD-01576,Customer 25,Contactor,Plant A,Export,2026-06-06,2026-06-18,2026-06-13,2026-06-11,2026-06-16,692,Air,No Delay
ORD-01577,Customer 18,Power Supply,Plant A,Central,2026-04-02,2026-04-23,2026-04-18,2026-04-17,2026-04-22,150,Air,No Delay
ORD-01578,Customer 03,Contactor,Plant A,South,2026-06-30,2026-07-16,2026-07-11,2026-07-10,2026-07-15,108,Road,No Delay
ORD-01579,Customer 07,Sensor,Plant B,South,2026-03-17,2026-03-27,2026-03-25,2026-03-23,2026-03-24,385,Air,No Delay
ORD-01580,Customer 24,Power Supply,Plant C,North,2026-04-15,2026-04-26,2026-04-25,2026-04-23,2026-04-25,76,Sea,No Delay
ORD-01581,Customer 05,Contactor,Plant C,Export,2026-06-16,2026-07-01,2026-06-29,2026-06-28,2026-07-01,907,Air,No Delay
ORD-01582,Customer 02,Relay,Plant A,South,2026-01-17,2026-02-05,2026-02-02,2026-01-31,2026-02-03,106,Road,No Delay
ORD-01583,Customer 25,Drive,Plant C,Central,2026-02-11,2026-03-05,2026-02-28,2026-02-27,2026-03-04,417,Road,No Delay
ORD-01584,Customer 19,Contactor,Plant A,Central,2026-02-04,2026-02-25,2026-02-23,2026-02-21,2026-02-28,30,Road,Documentation Issue
ORD-01585,Customer 04,Power Supply,Plant B,South,2026-01-06,2026-01-18,2026-01-16,2026-01-15,2026-01-16,31,Air,No Delay
ORD-01586,Customer 02,Relay,Plant B,South,2026-04-20,2026-04-29,2026-04-25,2026-04-24,2026-04-28,441,Road,No Delay
ORD-01587,Customer 01,PLC,Plant B,Central,2026-01-21,2026-01-31,2026-01-29,2026-01-29,2026-01-31,105,Road,No Delay
ORD-01588,Customer 06,Relay,Plant C,Central,2026-05-19,2026-06-02,2026-05-29,2026-05-29,2026-06-01,609,Road,No Delay
ORD-01589,Customer 18,Switchgear,Plant C,North,2026-04-06,2026-04-12,2026-04-08,2026-04-08,2026-04-12,985,Sea,No Delay
ORD-01590,Customer 20,Relay,Plant B,North,2026-06-12,2026-07-02,2026-06-29,2026-06-28,2026-07-02,801,Air,No Delay
ORD-01591,Customer 11,Contactor,Plant A,Central,2026-06-13,2026-07-05,2026-07-03,2026-07-02,2026-07-04,658,Sea,No Delay
ORD-01592,Customer 24,Relay,Plant A,Export,2026-01-11,2026-02-03,2026-01-31,2026-01-31,2026-02-03,520,Sea,No Delay
ORD-01593,Customer 03,Breaker,Plant A,Export,2026-02-18,2026-03-09,2026-03-04,2026-03-02,2026-03-06,1061,Road,No Delay
ORD-01594,Customer 02,Switchgear,Plant B,North,2026-03-02,2026-03-18,2026-03-13,2026-03-13,2026-03-17,1298,Road,No Delay
ORD-01595,Customer 11,Contactor,Plant B,North,2026-06-03,2026-06-12,2026-06-09,2026-06-09,2026-06-12,363,Road,No Delay
ORD-01596,Customer 06,Breaker,Plant B,South,2026-02-06,2026-02-26,2026-02-22,2026-02-20,2026-02-25,316,Road,No Delay
ORD-01597,Customer 13,PLC,Plant A,North,2026-01-29,2026-02-15,2026-02-13,2026-02-12,2026-02-15,1427,Sea,No Delay
ORD-01598,Customer 17,Switchgear,Plant C,South,2026-02-20,2026-03-03,2026-02-28,2026-02-27,2026-03-02,34,Air,No Delay
ORD-01599,Customer 03,Drive,Plant A,Export,2026-04-29,2026-05-04,2026-05-02,2026-05-01,2026-05-04,1027,Air,No Delay
ORD-01600,Customer 20,Drive,Plant B,Central,2026-06-09,2026-06-19,2026-06-15,2026-06-15,2026-06-19,558,Road,No Delay
ORD-01601,Customer 01,Power Supply,Plant A,Export,2026-04-26,2026-05-16,2026-05-12,2026-05-10,2026-05-14,725,Sea,No Delay
ORD-01602,Customer 05,Sensor,Plant A,North,2026-01-22,2026-01-31,2026-01-26,2026-01-26,2026-02-01,670,Air,Production Delay
ORD-01603,Customer 15,Relay,Plant C,Export,2026-02-25,2026-03-03,2026-03-01,2026-02-28,2026-03-02,362,Sea,No Delay
ORD-01604,Customer 01,Drive,Plant A,Central,2026-03-17,2026-03-27,2026-03-26,2026-03-24,2026-03-25,429,Sea,No Delay
ORD-01605,Customer 28,PLC,Plant C,Central,2026-01-28,2026-02-09,2026-02-04,2026-02-02,2026-02-07,141,Sea,No Delay
ORD-01606,Customer 17,Contactor,Plant C,South,2026-01-22,2026-02-01,2026-01-30,2026-01-28,2026-01-30,1112,Road,No Delay
ORD-01607,Customer 19,Contactor,Plant C,South,2026-04-22,2026-05-14,2026-05-10,2026-05-09,2026-05-12,546,Sea,No Delay
ORD-01608,Customer 13,Relay,Plant C,Export,2026-05-18,2026-05-24,2026-05-20,2026-05-19,2026-05-22,915,Sea,No Delay
ORD-01609,Customer 10,Power Supply,Plant C,South,2026-05-15,2026-06-04,2026-06-02,2026-06-02,2026-06-04,253,Sea,No Delay
ORD-01610,Customer 30,Power Supply,Plant A,Central,2026-04-22,2026-05-01,2026-04-29,2026-04-27,2026-04-30,163,Road,No Delay
ORD-01611,Customer 18,PLC,Plant A,South,2026-02-16,2026-02-21,2026-02-18,2026-02-16,2026-02-19,1004,Sea,No Delay
ORD-01612,Customer 14,Sensor,Plant C,North,2026-05-26,2026-06-03,2026-06-02,2026-06-02,2026-06-03,1344,Road,No Delay
ORD-01613,Customer 14,Power Supply,Plant A,Central,2026-05-12,2026-05-23,2026-05-22,2026-05-20,2026-05-21,1456,Road,No Delay
ORD-01614,Customer 13,PLC,Plant A,North,2026-01-16,2026-01-21,2026-01-18,2026-01-18,2026-01-22,668,Sea,Capacity Constraint
ORD-01615,Customer 18,Relay,Plant B,Central,2026-01-12,2026-01-27,2026-01-25,2026-01-25,2026-01-28,1361,Sea,Carrier Delay
ORD-01616,Customer 25,Power Supply,Plant A,Central,2026-06-06,2026-06-12,2026-06-11,2026-06-11,2026-06-12,373,Sea,No Delay
ORD-01617,Customer 14,Contactor,Plant C,South,2026-02-22,2026-03-15,2026-03-10,2026-03-10,2026-03-15,1310,Road,No Delay
ORD-01618,Customer 10,Contactor,Plant A,North,2026-06-11,2026-07-03,2026-06-29,2026-06-28,2026-07-02,398,Road,No Delay
ORD-01619,Customer 28,PLC,Plant B,Central,2026-06-19,2026-07-10,2026-07-08,2026-07-06,2026-07-07,954,Sea,No Delay
ORD-01620,Customer 16,Switchgear,Plant B,North,2026-06-03,2026-06-10,2026-06-05,2026-06-05,2026-06-10,1342,Road,No Delay
ORD-01621,Customer 28,Sensor,Plant A,North,2026-04-19,2026-05-14,2026-05-11,2026-05-09,2026-05-13,1282,Road,No Delay
ORD-01622,Customer 12,Power Supply,Plant C,Central,2026-04-30,2026-05-24,2026-05-20,2026-05-18,2026-05-23,1118,Sea,No Delay
ORD-01623,Customer 13,Drive,Plant C,Export,2026-03-18,2026-04-03,2026-03-30,2026-03-30,2026-04-03,1103,Air,No Delay
ORD-01624,Customer 10,Relay,Plant B,South,2026-02-13,2026-03-09,2026-03-06,2026-03-04,2026-03-07,467,Sea,No Delay
ORD-01625,Customer 20,Breaker,Plant B,South,2026-03-11,2026-03-29,2026-03-28,2026-03-28,2026-03-29,1294,Air,No Delay
ORD-01626,Customer 13,Switchgear,Plant A,North,2026-02-06,2026-03-02,2026-02-26,2026-02-25,2026-03-01,1143,Sea,No Delay
ORD-01627,Customer 17,PLC,Plant C,South,2026-04-28,2026-05-12,2026-05-08,2026-05-07,2026-05-11,240,Air,No Delay
ORD-01628,Customer 19,Contactor,Plant B,South,2026-04-29,2026-05-11,2026-05-08,2026-05-08,2026-05-11,1206,Sea,No Delay
ORD-01629,Customer 11,Relay,Plant A,North,2026-01-08,2026-01-21,2026-01-18,2026-01-18,2026-01-22,345,Air,Material Shortage
ORD-01630,Customer 06,Sensor,Plant C,South,2026-02-05,2026-02-24,2026-02-23,2026-02-22,2026-02-23,744,Sea,No Delay
ORD-01631,Customer 10,PLC,Plant C,Export,2026-01-27,2026-02-08,2026-02-07,2026-02-07,2026-02-08,546,Sea,No Delay
ORD-01632,Customer 15,Drive,Plant A,North,2026-01-28,2026-02-19,2026-02-16,2026-02-14,2026-02-17,11,Road,No Delay
ORD-01633,Customer 25,Drive,Plant C,Central,2026-01-12,2026-01-28,2026-01-24,2026-01-23,2026-01-28,45,Air,No Delay
ORD-01634,Customer 22,Sensor,Plant B,Export,2026-04-10,2026-04-24,2026-04-23,2026-04-23,2026-04-24,1176,Road,No Delay
ORD-01635,Customer 21,Breaker,Plant A,North,2026-05-09,2026-05-29,2026-05-28,2026-05-28,2026-05-29,1302,Road,No Delay
ORD-01636,Customer 09,Relay,Plant C,North,2026-04-20,2026-05-06,2026-05-05,2026-05-04,2026-05-05,815,Air,No Delay
ORD-01637,Customer 02,Power Supply,Plant A,Central,2026-03-12,2026-03-27,2026-03-23,2026-03-22,2026-03-26,249,Air,No Delay
ORD-01638,Customer 25,Relay,Plant A,Central,2026-03-30,2026-04-23,2026-04-18,2026-04-17,2026-04-22,265,Sea,No Delay
ORD-01639,Customer 09,Switchgear,Plant B,Export,2026-01-03,2026-01-18,2026-01-16,2026-01-16,2026-01-18,806,Air,No Delay
ORD-01640,Customer 28,PLC,Plant C,Central,2026-05-19,2026-06-02,2026-05-30,2026-05-28,2026-05-31,650,Road,No Delay
ORD-01641,Customer 23,Breaker,Plant A,Central,2026-05-06,2026-05-13,2026-05-11,2026-05-11,2026-05-13,817,Road,No Delay
ORD-01642,Customer 21,Relay,Plant C,Export,2026-06-18,2026-06-28,2026-06-27,2026-06-25,2026-06-26,1023,Road,No Delay
ORD-01643,Customer 23,Drive,Plant C,South,2026-04-19,2026-05-02,2026-04-27,2026-04-27,2026-05-03,360,Road,Carrier Delay
ORD-01644,Customer 04,Drive,Plant B,South,2026-05-30,2026-06-13,2026-06-11,2026-06-10,2026-06-12,1269,Road,No Delay
ORD-01645,Customer 03,Sensor,Plant B,Export,2026-04-25,2026-05-02,2026-05-01,2026-04-29,2026-04-30,639,Air,No Delay
ORD-01646,Customer 17,Sensor,Plant A,Export,2026-05-01,2026-05-13,2026-05-10,2026-05-09,2026-05-12,253,Air,No Delay
ORD-01647,Customer 11,PLC,Plant B,North,2026-05-29,2026-06-12,2026-06-07,2026-06-06,2026-06-12,465,Road,No Delay
ORD-01648,Customer 17,Relay,Plant B,North,2026-02-01,2026-02-22,2026-02-20,2026-02-18,2026-02-20,1060,Air,No Delay
ORD-01649,Customer 16,Switchgear,Plant A,North,2026-05-10,2026-06-01,2026-05-30,2026-05-30,2026-06-01,594,Sea,No Delay
ORD-01650,Customer 10,Power Supply,Plant B,Central,2026-04-22,2026-05-02,2026-04-29,2026-04-28,2026-04-30,680,Sea,No Delay
ORD-01651,Customer 16,PLC,Plant B,South,2026-02-27,2026-03-19,2026-03-14,2026-03-14,2026-03-19,791,Air,No Delay
ORD-01652,Customer 10,PLC,Plant A,Export,2026-01-23,2026-02-12,2026-02-08,2026-02-06,2026-02-11,289,Sea,No Delay
ORD-01653,Customer 11,Breaker,Plant C,North,2026-06-04,2026-06-27,2026-06-24,2026-06-24,2026-06-27,1422,Road,No Delay
ORD-01654,Customer 18,PLC,Plant C,South,2026-01-29,2026-02-04,2026-01-30,2026-01-29,2026-02-03,345,Road,No Delay
ORD-01655,Customer 10,Power Supply,Plant B,South,2026-06-30,2026-07-07,2026-07-02,2026-07-02,2026-07-07,1278,Sea,No Delay
ORD-01656,Customer 23,Drive,Plant C,Central,2026-06-07,2026-06-26,2026-06-21,2026-06-19,2026-06-24,1071,Sea,No Delay
ORD-01657,Customer 18,Contactor,Plant A,South,2026-01-29,2026-02-21,2026-02-20,2026-02-18,2026-02-20,1093,Sea,No Delay
ORD-01658,Customer 17,Sensor,Plant B,South,2026-02-18,2026-03-15,2026-03-10,2026-03-09,2026-03-18,212,Air,Capacity Constraint
ORD-01659,Customer 06,PLC,Plant C,North,2026-02-22,2026-03-12,2026-03-08,2026-03-06,2026-03-11,439,Sea,No Delay
ORD-01660,Customer 16,Contactor,Plant B,South,2026-05-09,2026-05-24,2026-05-20,2026-05-18,2026-05-23,1190,Road,No Delay
ORD-01661,Customer 02,Drive,Plant B,Central,2026-01-06,2026-01-30,2026-01-25,2026-01-23,2026-01-28,1157,Air,No Delay
ORD-01662,Customer 18,Breaker,Plant C,Export,2026-04-19,2026-05-12,2026-05-10,2026-05-09,2026-05-11,34,Sea,No Delay
ORD-01663,Customer 26,Contactor,Plant A,Central,2026-03-23,2026-04-03,2026-04-01,2026-03-30,2026-03-31,1100,Road,No Delay
ORD-01664,Customer 14,Breaker,Plant C,North,2026-05-27,2026-06-16,2026-06-13,2026-06-12,2026-06-14,1423,Sea,No Delay
ORD-01665,Customer 02,Relay,Plant B,Central,2026-03-25,2026-04-16,2026-04-15,2026-04-15,2026-04-16,1473,Air,No Delay
ORD-01666,Customer 13,Relay,Plant B,North,2026-02-22,2026-03-11,2026-03-10,2026-03-10,2026-03-11,454,Sea,No Delay
ORD-01667,Customer 20,Breaker,Plant C,North,2026-03-31,2026-04-21,2026-04-16,2026-04-14,2026-04-19,1293,Air,No Delay
ORD-01668,Customer 03,Drive,Plant B,Export,2026-05-20,2026-06-04,2026-05-31,2026-05-31,2026-06-04,500,Sea,No Delay
ORD-01669,Customer 13,Breaker,Plant C,Central,2026-05-05,2026-05-28,2026-05-26,2026-05-24,2026-05-26,1050,Road,No Delay
ORD-01670,Customer 11,PLC,Plant B,Central,2026-05-01,2026-05-21,2026-05-19,2026-05-17,2026-05-19,1077,Road,No Delay
ORD-01671,Customer 04,Switchgear,Plant B,Central,2026-04-07,2026-04-20,2026-04-17,2026-04-17,2026-04-19,695,Sea,No Delay
ORD-01672,Customer 22,Breaker,Plant A,Export,2026-06-12,2026-06-26,2026-06-22,2026-06-20,2026-06-23,448,Road,No Delay
ORD-01673,Customer 09,Sensor,Plant C,South,2026-03-09,2026-03-18,2026-03-14,2026-03-13,2026-03-18,938,Road,No Delay
ORD-01674,Customer 26,Breaker,Plant B,Export,2026-05-16,2026-06-08,2026-06-06,2026-06-04,2026-06-07,833,Air,No Delay
ORD-01675,Customer 25,Sensor,Plant B,South,2026-06-27,2026-07-21,2026-07-20,2026-07-18,2026-07-20,239,Sea,No Delay
ORD-01676,Customer 09,PLC,Plant A,Export,2026-03-02,2026-03-17,2026-03-12,2026-03-11,2026-03-16,1142,Sea,No Delay
ORD-01677,Customer 07,Contactor,Plant C,Export,2026-01-31,2026-02-08,2026-02-04,2026-02-03,2026-02-07,430,Sea,No Delay
ORD-01678,Customer 25,Switchgear,Plant B,North,2026-05-01,2026-05-20,2026-05-17,2026-05-15,2026-05-18,524,Road,No Delay
ORD-01679,Customer 21,Power Supply,Plant A,Central,2026-03-01,2026-03-06,2026-03-01,2026-02-27,2026-03-04,1126,Road,No Delay
ORD-01680,Customer 28,Relay,Plant A,North,2026-04-12,2026-04-21,2026-04-18,2026-04-16,2026-04-19,1261,Road,No Delay
ORD-01681,Customer 02,Switchgear,Plant C,South,2026-06-17,2026-07-03,2026-06-29,2026-06-27,2026-07-01,214,Sea,No Delay
ORD-01682,Customer 23,Sensor,Plant A,Central,2026-02-25,2026-03-07,2026-03-04,2026-03-02,2026-03-04,305,Air,No Delay
ORD-01683,Customer 09,Power Supply,Plant A,Central,2026-05-20,2026-06-08,2026-06-07,2026-06-07,2026-06-08,373,Air,No Delay
ORD-01684,Customer 29,PLC,Plant A,Export,2026-01-21,2026-02-10,2026-02-07,2026-02-05,2026-02-07,214,Road,No Delay
ORD-01685,Customer 23,Power Supply,Plant A,North,2026-05-17,2026-06-10,2026-06-09,2026-06-08,2026-06-10,982,Road,No Delay
ORD-01686,Customer 05,Breaker,Plant A,South,2026-02-08,2026-03-02,2026-02-26,2026-02-26,2026-03-01,494,Air,No Delay
ORD-01687,Customer 01,Drive,Plant B,Export,2026-04-17,2026-04-26,2026-04-25,2026-04-23,2026-04-25,1248,Air,No Delay
ORD-01688,Customer 01,Switchgear,Plant A,Export,2026-01-08,2026-01-14,2026-01-13,2026-01-11,2026-01-13,193,Road,No Delay
ORD-01689,Customer 13,Breaker,Plant C,Export,2026-01-09,2026-02-03,2026-01-30,2026-01-28,2026-02-01,164,Sea,No Delay
ORD-01690,Customer 23,Sensor,Plant C,Export,2026-04-10,2026-04-30,2026-04-28,2026-04-26,2026-04-28,239,Air,No Delay
ORD-01691,Customer 10,PLC,Plant B,North,2026-01-29,2026-02-21,2026-02-19,2026-02-17,2026-02-18,306,Road,No Delay
ORD-01692,Customer 07,Sensor,Plant A,Central,2026-03-19,2026-04-02,2026-03-31,2026-03-29,2026-04-05,1370,Sea,Production Delay
ORD-01693,Customer 01,PLC,Plant C,Central,2026-01-05,2026-01-28,2026-01-25,2026-01-24,2026-01-27,871,Sea,No Delay
ORD-01694,Customer 15,Sensor,Plant C,North,2026-06-10,2026-06-26,2026-06-23,2026-06-21,2026-06-24,1396,Road,No Delay
ORD-01695,Customer 04,Contactor,Plant C,North,2026-03-11,2026-03-27,2026-03-24,2026-03-23,2026-03-26,664,Sea,No Delay
ORD-01696,Customer 26,Power Supply,Plant B,Export,2026-05-29,2026-06-05,2026-06-03,2026-06-03,2026-06-05,1148,Air,No Delay
ORD-01697,Customer 09,Sensor,Plant B,South,2026-05-12,2026-05-30,2026-05-28,2026-05-27,2026-05-28,58,Sea,No Delay
ORD-01698,Customer 05,Contactor,Plant B,South,2026-03-01,2026-03-20,2026-03-15,2026-03-17,2026-03-22,99,Road,Capacity Constraint
ORD-01699,Customer 21,Relay,Plant A,South,2026-04-14,2026-05-07,2026-05-02,2026-04-30,2026-05-06,481,Air,No Delay
ORD-01700,Customer 08,Power Supply,Plant B,South,2026-05-19,2026-06-01,2026-05-27,2026-05-26,2026-06-01,894,Road,No Delay
ORD-01701,Customer 24,Relay,Plant A,South,2026-02-07,2026-02-12,2026-02-10,2026-02-08,2026-02-10,683,Road,No Delay
ORD-01702,Customer 24,Power Supply,Plant B,Central,2026-02-23,2026-03-06,2026-03-05,2026-03-03,2026-03-04,1225,Road,No Delay
ORD-01703,Customer 13,Breaker,Plant A,North,2026-06-06,2026-06-11,2026-06-10,2026-06-10,2026-06-11,797,Sea,No Delay
ORD-01704,Customer 19,Switchgear,Plant C,North,2026-06-10,2026-06-19,2026-06-17,2026-06-16,2026-06-18,805,Road,No Delay
ORD-01705,Customer 13,PLC,Plant A,North,2026-05-19,2026-06-03,2026-05-31,2026-05-29,2026-06-01,57,Sea,No Delay
ORD-01706,Customer 24,PLC,Plant B,North,2026-05-31,2026-06-21,2026-06-18,2026-06-16,2026-06-18,206,Sea,No Delay
ORD-01707,Customer 05,Sensor,Plant A,North,2026-01-22,2026-02-06,2026-02-05,2026-02-05,2026-02-06,397,Sea,No Delay
ORD-01708,Customer 01,Switchgear,Plant B,Export,2026-03-08,2026-03-13,2026-03-12,2026-03-11,2026-03-12,1187,Sea,No Delay
ORD-01709,Customer 05,Breaker,Plant A,North,2026-06-02,2026-06-15,2026-06-12,2026-06-12,2026-06-15,1137,Road,No Delay
ORD-01710,Customer 21,PLC,Plant C,Export,2026-03-10,2026-04-04,2026-04-03,2026-04-03,2026-04-05,1231,Air,Production Delay
ORD-01711,Customer 09,Drive,Plant A,Export,2026-01-01,2026-01-10,2026-01-06,2026-01-06,2026-01-11,475,Air,Documentation Issue
ORD-01712,Customer 06,Contactor,Plant C,Central,2026-06-13,2026-06-24,2026-06-20,2026-06-18,2026-06-27,1139,Sea,Material Shortage
ORD-01713,Customer 11,Drive,Plant C,North,2026-03-26,2026-04-03,2026-03-29,2026-03-28,2026-04-02,597,Sea,No Delay
ORD-01714,Customer 14,Power Supply,Plant A,North,2026-04-12,2026-04-20,2026-04-19,2026-04-19,2026-04-20,184,Road,No Delay
ORD-01715,Customer 24,Relay,Plant A,Central,2026-05-24,2026-06-05,2026-05-31,2026-05-29,2026-06-02,1172,Sea,No Delay
ORD-01716,Customer 23,Drive,Plant A,Export,2026-06-10,2026-06-28,2026-06-27,2026-06-25,2026-06-26,889,Air,No Delay
ORD-01717,Customer 29,Relay,Plant B,Export,2026-03-25,2026-04-06,2026-04-03,2026-04-03,2026-04-06,458,Sea,No Delay
ORD-01718,Customer 24,PLC,Plant C,South,2026-03-18,2026-04-04,2026-04-03,2026-04-01,2026-04-08,1017,Road,Customer Change
ORD-01719,Customer 18,Relay,Plant A,South,2026-03-08,2026-03-20,2026-03-17,2026-03-16,2026-03-19,217,Sea,No Delay
ORD-01720,Customer 17,Power Supply,Plant B,Export,2026-06-23,2026-07-02,2026-06-28,2026-06-26,2026-06-30,729,Sea,No Delay
ORD-01721,Customer 15,Sensor,Plant C,South,2026-04-13,2026-04-22,2026-04-20,2026-04-18,2026-04-20,979,Air,No Delay
ORD-01722,Customer 30,Contactor,Plant C,South,2026-01-21,2026-01-31,2026-01-26,2026-01-24,2026-01-28,1035,Sea,No Delay
ORD-01723,Customer 10,Power Supply,Plant C,Export,2026-05-04,2026-05-18,2026-05-16,2026-05-15,2026-05-17,1131,Road,No Delay
ORD-01724,Customer 25,Drive,Plant A,South,2026-01-29,2026-02-07,2026-02-06,2026-02-06,2026-02-07,535,Sea,No Delay
ORD-01725,Customer 04,Switchgear,Plant A,North,2026-02-14,2026-02-19,2026-02-15,2026-02-14,2026-02-17,1097,Road,No Delay
ORD-01726,Customer 22,Sensor,Plant C,Central,2026-04-29,2026-05-11,2026-05-10,2026-05-09,2026-05-10,1492,Road,No Delay
ORD-01727,Customer 28,Breaker,Plant B,North,2026-05-16,2026-06-06,2026-06-03,2026-06-02,2026-06-05,216,Road,No Delay
ORD-01728,Customer 09,Contactor,Plant C,Central,2026-02-16,2026-02-23,2026-02-21,2026-02-20,2026-02-22,516,Road,No Delay
ORD-01729,Customer 08,Switchgear,Plant A,North,2026-01-31,2026-02-17,2026-02-16,2026-02-16,2026-02-17,1471,Sea,No Delay
ORD-01730,Customer 23,PLC,Plant A,Export,2026-06-14,2026-07-05,2026-07-01,2026-06-29,2026-07-03,1137,Sea,No Delay
ORD-01731,Customer 30,Switchgear,Plant A,Central,2026-06-09,2026-07-03,2026-07-02,2026-07-01,2026-07-02,229,Sea,No Delay
ORD-01732,Customer 04,Power Supply,Plant A,South,2026-05-08,2026-05-16,2026-05-11,2026-05-11,2026-05-15,1410,Sea,No Delay
ORD-01733,Customer 11,Drive,Plant A,North,2026-06-07,2026-06-13,2026-06-08,2026-06-08,2026-06-13,167,Road,No Delay
ORD-01734,Customer 06,Switchgear,Plant C,North,2026-04-23,2026-05-08,2026-05-06,2026-05-04,2026-05-05,975,Road,No Delay
ORD-01735,Customer 01,Contactor,Plant C,Export,2026-04-30,2026-05-24,2026-05-23,2026-05-22,2026-05-23,326,Road,No Delay
ORD-01736,Customer 04,PLC,Plant B,South,2026-02-21,2026-03-17,2026-03-12,2026-03-11,2026-03-16,474,Road,No Delay
ORD-01737,Customer 22,Drive,Plant B,Export,2026-04-25,2026-05-13,2026-05-08,2026-05-06,2026-05-11,1035,Road,No Delay
ORD-01738,Customer 13,Relay,Plant A,North,2026-01-04,2026-01-14,2026-01-11,2026-01-10,2026-01-13,810,Sea,No Delay
ORD-01739,Customer 22,Switchgear,Plant A,Export,2026-01-10,2026-01-27,2026-01-22,2026-01-21,2026-01-26,916,Sea,No Delay
ORD-01740,Customer 30,Drive,Plant C,Central,2026-06-24,2026-07-10,2026-07-09,2026-07-09,2026-07-10,193,Air,No Delay
ORD-01741,Customer 07,Drive,Plant A,South,2026-01-15,2026-01-23,2026-01-19,2026-01-17,2026-01-24,330,Air,Production Delay
ORD-01742,Customer 10,Contactor,Plant A,North,2026-02-24,2026-03-04,2026-02-27,2026-02-25,2026-03-02,30,Air,No Delay
ORD-01743,Customer 02,Relay,Plant A,South,2026-01-28,2026-02-15,2026-02-10,2026-02-08,2026-02-13,155,Air,No Delay
ORD-01744,Customer 28,Drive,Plant A,South,2026-05-02,2026-05-18,2026-05-13,2026-05-18,2026-05-23,1136,Road,Capacity Constraint
ORD-01745,Customer 25,Relay,Plant B,Export,2026-01-24,2026-01-29,2026-01-26,2026-01-24,2026-01-27,260,Air,No Delay
ORD-01746,Customer 03,Switchgear,Plant B,South,2026-05-01,2026-05-13,2026-05-08,2026-05-08,2026-05-13,211,Road,No Delay
ORD-01747,Customer 05,Power Supply,Plant C,North,2026-03-01,2026-03-24,2026-03-21,2026-03-20,2026-03-23,1385,Sea,No Delay
ORD-01748,Customer 14,Drive,Plant B,Export,2026-04-29,2026-05-09,2026-05-07,2026-05-05,2026-05-07,957,Air,No Delay
ORD-01749,Customer 27,Switchgear,Plant A,South,2026-02-06,2026-02-12,2026-02-09,2026-02-07,2026-02-10,796,Air,No Delay
ORD-01750,Customer 11,Sensor,Plant A,North,2026-06-16,2026-07-06,2026-07-01,2026-07-05,2026-07-09,390,Air,Documentation Issue
ORD-01751,Customer 06,Relay,Plant B,South,2026-03-17,2026-03-24,2026-03-21,2026-03-20,2026-03-23,817,Sea,No Delay
ORD-01752,Customer 14,Sensor,Plant A,North,2026-05-16,2026-06-02,2026-05-31,2026-05-29,2026-05-30,922,Sea,No Delay
ORD-01753,Customer 18,Power Supply,Plant B,Export,2026-04-07,2026-04-18,2026-04-16,2026-04-14,2026-04-16,1426,Road,No Delay
ORD-01754,Customer 02,Power Supply,Plant C,North,2026-04-02,2026-04-26,2026-04-24,2026-04-24,2026-04-27,549,Sea,Capacity Constraint
ORD-01755,Customer 25,PLC,Plant B,North,2026-05-14,2026-05-31,2026-05-26,2026-05-24,2026-05-29,720,Road,No Delay
ORD-01756,Customer 03,Drive,Plant C,Export,2026-06-25,2026-07-16,2026-07-11,2026-07-10,2026-07-16,888,Air,No Delay
ORD-01757,Customer 24,Switchgear,Plant C,Export,2026-01-03,2026-01-18,2026-01-16,2026-01-16,2026-01-18,1033,Sea,No Delay
ORD-01758,Customer 17,Sensor,Plant A,Central,2026-03-28,2026-04-13,2026-04-10,2026-04-08,2026-04-11,986,Road,No Delay
ORD-01759,Customer 21,Relay,Plant B,North,2026-04-14,2026-04-23,2026-04-19,2026-04-17,2026-04-21,227,Road,No Delay
ORD-01760,Customer 02,Sensor,Plant A,South,2026-04-29,2026-05-15,2026-05-11,2026-05-09,2026-05-12,243,Air,No Delay
ORD-01761,Customer 04,Power Supply,Plant C,North,2026-03-10,2026-04-01,2026-03-28,2026-03-26,2026-03-30,434,Sea,No Delay
ORD-01762,Customer 04,Sensor,Plant A,Export,2026-02-15,2026-02-25,2026-02-24,2026-02-24,2026-02-26,560,Air,Material Shortage
ORD-01763,Customer 25,Breaker,Plant A,North,2026-01-20,2026-01-26,2026-01-22,2026-01-20,2026-01-24,829,Road,No Delay
ORD-01764,Customer 06,Power Supply,Plant B,Central,2026-04-25,2026-05-01,2026-04-28,2026-04-26,2026-04-30,529,Air,No Delay
ORD-01765,Customer 15,Power Supply,Plant A,North,2026-04-07,2026-04-30,2026-04-28,2026-04-27,2026-04-30,1115,Road,No Delay
ORD-01766,Customer 12,Drive,Plant A,Central,2026-05-25,2026-05-31,2026-05-27,2026-05-26,2026-05-29,1248,Road,No Delay
ORD-01767,Customer 29,Contactor,Plant B,Central,2026-02-02,2026-02-21,2026-02-19,2026-02-27,2026-03-02,722,Sea,Production Delay
ORD-01768,Customer 15,Power Supply,Plant C,South,2026-01-13,2026-01-27,2026-01-22,2026-01-20,2026-01-25,361,Air,No Delay
ORD-01769,Customer 21,Drive,Plant A,Export,2026-02-12,2026-03-06,2026-03-03,2026-03-01,2026-03-04,1490,Road,No Delay
ORD-01770,Customer 25,Power Supply,Plant A,Central,2026-05-10,2026-06-01,2026-05-28,2026-05-26,2026-05-30,101,Sea,No Delay
ORD-01771,Customer 03,Drive,Plant B,Central,2026-01-03,2026-01-11,2026-01-06,2026-01-04,2026-01-09,1279,Road,No Delay
ORD-01772,Customer 12,PLC,Plant A,Central,2026-03-13,2026-03-26,2026-03-21,2026-03-19,2026-03-24,364,Road,No Delay
ORD-01773,Customer 02,Contactor,Plant C,Central,2026-02-12,2026-02-24,2026-02-21,2026-02-19,2026-02-22,701,Air,No Delay
ORD-01774,Customer 25,PLC,Plant A,Central,2026-03-26,2026-04-01,2026-03-30,2026-03-30,2026-04-01,613,Road,No Delay
ORD-01775,Customer 24,PLC,Plant A,Central,2026-04-11,2026-04-21,2026-04-16,2026-04-14,2026-04-19,561,Air,No Delay
ORD-01776,Customer 20,Relay,Plant A,North,2026-01-24,2026-02-03,2026-01-29,2026-01-28,2026-02-02,302,Road,No Delay
ORD-01777,Customer 06,Contactor,Plant A,Export,2026-05-08,2026-05-25,2026-05-23,2026-05-22,2026-05-25,383,Sea,No Delay
ORD-01778,Customer 04,Relay,Plant A,Export,2026-03-10,2026-04-04,2026-04-03,2026-04-02,2026-04-04,924,Road,No Delay
ORD-01779,Customer 28,Sensor,Plant B,South,2026-06-29,2026-07-11,2026-07-10,2026-07-08,2026-07-09,319,Sea,No Delay
ORD-01780,Customer 14,Contactor,Plant B,Central,2026-05-11,2026-06-05,2026-06-01,2026-05-30,2026-06-02,64,Road,No Delay
ORD-01781,Customer 09,Breaker,Plant A,Central,2026-05-27,2026-06-19,2026-06-17,2026-06-17,2026-06-19,1454,Road,No Delay
ORD-01782,Customer 07,Relay,Plant A,North,2026-01-17,2026-02-02,2026-01-31,2026-01-30,2026-02-01,623,Road,No Delay
ORD-01783,Customer 20,Relay,Plant B,South,2026-06-20,2026-06-26,2026-06-21,2026-06-20,2026-06-25,278,Road,No Delay
ORD-01784,Customer 19,Relay,Plant C,North,2026-01-24,2026-02-14,2026-02-09,2026-02-08,2026-02-14,629,Sea,No Delay
ORD-01785,Customer 29,PLC,Plant A,Export,2026-05-04,2026-05-24,2026-05-23,2026-05-23,2026-05-25,735,Road,Production Delay
ORD-01786,Customer 29,Drive,Plant C,South,2026-04-02,2026-04-26,2026-04-25,2026-04-24,2026-04-25,1089,Sea,No Delay
ORD-01787,Customer 01,Sensor,Plant B,Export,2026-02-19,2026-03-13,2026-03-11,2026-03-17,2026-03-19,266,Sea,Production Delay
ORD-01788,Customer 19,Power Supply,Plant A,Central,2026-05-30,2026-06-09,2026-06-06,2026-06-04,2026-06-07,363,Road,No Delay
ORD-01789,Customer 10,Switchgear,Plant A,Export,2026-03-31,2026-04-05,2026-04-04,2026-04-03,2026-04-04,396,Sea,No Delay
ORD-01790,Customer 03,Sensor,Plant C,Central,2026-03-06,2026-03-16,2026-03-15,2026-03-13,2026-03-14,1226,Road,No Delay
ORD-01791,Customer 13,Breaker,Plant B,South,2026-01-04,2026-01-28,2026-01-24,2026-01-24,2026-01-27,117,Sea,No Delay
ORD-01792,Customer 08,Contactor,Plant A,North,2026-04-03,2026-04-21,2026-04-19,2026-04-18,2026-04-19,1187,Road,No Delay
ORD-01793,Customer 15,Contactor,Plant A,Central,2026-03-04,2026-03-20,2026-03-18,2026-03-16,2026-03-18,792,Road,No Delay
ORD-01794,Customer 13,Sensor,Plant B,North,2026-06-27,2026-07-03,2026-06-29,2026-07-02,2026-07-06,1413,Sea,Carrier Delay
ORD-01795,Customer 23,Drive,Plant A,North,2026-04-18,2026-04-24,2026-04-20,2026-04-23,2026-04-27,1182,Air,Capacity Constraint
ORD-01796,Customer 22,Relay,Plant A,North,2026-02-28,2026-03-19,2026-03-17,2026-03-16,2026-03-18,431,Road,No Delay
ORD-01797,Customer 14,Sensor,Plant A,Central,2026-04-16,2026-04-24,2026-04-23,2026-04-23,2026-04-24,1475,Road,No Delay
ORD-01798,Customer 15,Switchgear,Plant C,Export,2026-04-10,2026-04-26,2026-04-23,2026-04-22,2026-04-25,1081,Air,No Delay
ORD-01799,Customer 06,Breaker,Plant B,Export,2026-05-03,2026-05-21,2026-05-20,2026-05-20,2026-05-21,152,Air,No Delay
ORD-01800,Customer 16,PLC,Plant A,South,2026-03-25,2026-04-09,2026-04-08,2026-04-07,2026-04-08,1438,Road,No Delay
ORD-01801,Customer 03,Switchgear,Plant A,Central,2026-01-11,2026-01-21,2026-01-18,2026-01-17,2026-01-20,560,Air,No Delay
ORD-01802,Customer 01,Relay,Plant B,South,2026-04-20,2026-05-05,2026-05-03,2026-05-02,2026-05-04,1107,Air,No Delay
ORD-01803,Customer 06,PLC,Plant C,Export,2026-02-27,2026-03-16,2026-03-14,2026-03-14,2026-03-16,1456,Air,No Delay
ORD-01804,Customer 21,Drive,Plant B,South,2026-01-17,2026-02-11,2026-02-10,2026-02-11,2026-02-12,367,Road,Carrier Delay
ORD-01805,Customer 08,Switchgear,Plant C,North,2026-04-11,2026-04-24,2026-04-22,2026-04-22,2026-04-23,546,Sea,No Delay
ORD-01806,Customer 15,Sensor,Plant B,Central,2026-04-20,2026-04-26,2026-04-23,2026-04-23,2026-04-25,946,Road,No Delay
ORD-01807,Customer 14,Switchgear,Plant A,Export,2026-04-12,2026-04-29,2026-04-28,2026-04-27,2026-04-28,488,Air,No Delay
ORD-01808,Customer 24,Breaker,Plant A,Central,2026-05-22,2026-05-29,2026-05-26,2026-05-26,2026-05-30,937,Air,Capacity Constraint
ORD-01809,Customer 15,Power Supply,Plant A,South,2026-06-28,2026-07-08,2026-07-03,2026-07-01,2026-07-06,493,Air,No Delay
ORD-01810,Customer 30,Power Supply,Plant C,Central,2026-04-16,2026-05-04,2026-05-03,2026-05-01,2026-05-02,442,Road,No Delay
ORD-01811,Customer 29,Contactor,Plant C,Central,2026-04-12,2026-05-02,2026-04-28,2026-04-26,2026-04-30,384,Sea,No Delay
ORD-01812,Customer 25,Switchgear,Plant C,Export,2026-02-16,2026-03-06,2026-03-02,2026-03-01,2026-03-04,683,Road,No Delay
ORD-01813,Customer 19,Power Supply,Plant A,South,2026-05-09,2026-05-24,2026-05-19,2026-05-17,2026-05-22,1402,Road,No Delay
ORD-01814,Customer 28,Drive,Plant C,South,2026-06-28,2026-07-19,2026-07-14,2026-07-14,2026-07-19,54,Sea,No Delay
ORD-01815,Customer 28,Power Supply,Plant C,North,2026-06-13,2026-06-27,2026-06-22,2026-06-20,2026-06-24,1126,Air,No Delay
ORD-01816,Customer 13,Relay,Plant C,North,2026-06-24,2026-07-13,2026-07-12,2026-07-10,2026-07-11,981,Road,No Delay
ORD-01817,Customer 16,Contactor,Plant C,Central,2026-05-29,2026-06-21,2026-06-19,2026-06-19,2026-06-22,867,Sea,Production Delay
ORD-01818,Customer 27,Sensor,Plant C,South,2026-03-24,2026-04-04,2026-04-02,2026-04-01,2026-04-04,361,Air,No Delay
ORD-01819,Customer 08,Drive,Plant B,North,2026-05-31,2026-06-14,2026-06-12,2026-06-12,2026-06-13,241,Air,No Delay
ORD-01820,Customer 20,Drive,Plant C,Export,2026-04-02,2026-04-25,2026-04-20,2026-04-28,2026-05-03,398,Road,Material Shortage
ORD-01821,Customer 24,Sensor,Plant C,Central,2026-04-05,2026-04-18,2026-04-13,2026-04-12,2026-04-18,121,Sea,No Delay
ORD-01822,Customer 30,Breaker,Plant B,Export,2026-02-07,2026-02-14,2026-02-10,2026-02-08,2026-02-12,1322,Air,No Delay
ORD-01823,Customer 28,Sensor,Plant C,Central,2026-06-19,2026-07-01,2026-06-30,2026-06-30,2026-07-01,1349,Sea,No Delay
ORD-01824,Customer 30,Relay,Plant B,South,2026-01-24,2026-02-08,2026-02-07,2026-02-06,2026-02-07,97,Air,No Delay
ORD-01825,Customer 15,Relay,Plant B,Central,2026-01-13,2026-01-24,2026-01-23,2026-01-23,2026-01-25,1092,Road,Material Shortage
ORD-01826,Customer 01,Breaker,Plant B,Central,2026-06-03,2026-06-21,2026-06-16,2026-06-15,2026-06-21,1067,Sea,No Delay
ORD-01827,Customer 14,Breaker,Plant B,North,2026-06-18,2026-07-11,2026-07-08,2026-07-06,2026-07-09,1482,Sea,No Delay
ORD-01828,Customer 05,Breaker,Plant A,North,2026-04-09,2026-04-17,2026-04-15,2026-04-14,2026-04-18,944,Road,Capacity Constraint
ORD-01829,Customer 26,Power Supply,Plant C,Central,2026-06-12,2026-06-22,2026-06-18,2026-06-17,2026-06-21,1324,Air,No Delay
ORD-01830,Customer 10,Relay,Plant B,Central,2026-03-27,2026-04-17,2026-04-13,2026-04-11,2026-04-14,1356,Air,No Delay
ORD-01831,Customer 08,Breaker,Plant A,South,2026-02-25,2026-03-15,2026-03-10,2026-03-08,2026-03-13,1177,Air,No Delay
ORD-01832,Customer 25,Sensor,Plant A,Export,2026-04-14,2026-04-20,2026-04-18,2026-04-18,2026-04-19,661,Road,No Delay
ORD-01833,Customer 03,Switchgear,Plant B,South,2026-06-26,2026-07-10,2026-07-09,2026-07-07,2026-07-08,1401,Road,No Delay
ORD-01834,Customer 23,Switchgear,Plant B,Central,2026-03-04,2026-03-21,2026-03-18,2026-03-18,2026-03-20,1070,Air,No Delay
ORD-01835,Customer 13,Power Supply,Plant B,Export,2026-03-12,2026-03-29,2026-03-25,2026-03-23,2026-03-27,591,Sea,No Delay
ORD-01836,Customer 02,Sensor,Plant A,Export,2026-01-19,2026-01-28,2026-01-25,2026-01-25,2026-01-28,387,Road,No Delay
ORD-01837,Customer 15,Power Supply,Plant A,Central,2026-04-16,2026-05-09,2026-05-04,2026-05-03,2026-05-08,716,Air,No Delay
ORD-01838,Customer 18,Switchgear,Plant B,Export,2026-06-06,2026-06-29,2026-06-24,2026-06-22,2026-06-27,1464,Air,No Delay
ORD-01839,Customer 09,Relay,Plant A,South,2026-04-26,2026-05-20,2026-05-18,2026-05-17,2026-05-19,1255,Road,No Delay
ORD-01840,Customer 13,Breaker,Plant A,North,2026-01-25,2026-02-09,2026-02-07,2026-02-07,2026-02-10,146,Air,Production Delay
ORD-01841,Customer 22,PLC,Plant A,South,2026-03-18,2026-03-24,2026-03-20,2026-03-18,2026-03-22,1165,Road,No Delay
ORD-01842,Customer 21,Switchgear,Plant A,North,2026-02-25,2026-03-11,2026-03-10,2026-03-10,2026-03-11,1221,Sea,No Delay
ORD-01843,Customer 22,Relay,Plant B,North,2026-05-19,2026-06-06,2026-06-03,2026-06-02,2026-06-05,684,Sea,No Delay
ORD-01844,Customer 30,Switchgear,Plant B,Export,2026-06-16,2026-06-25,2026-06-24,2026-06-22,2026-06-23,1256,Road,No Delay
ORD-01845,Customer 27,Breaker,Plant C,South,2026-06-09,2026-06-22,2026-06-17,2026-06-16,2026-06-22,833,Sea,No Delay
ORD-01846,Customer 14,Power Supply,Plant A,Export,2026-02-03,2026-02-08,2026-02-07,2026-02-06,2026-02-07,1181,Air,No Delay
ORD-01847,Customer 10,Switchgear,Plant B,North,2026-05-03,2026-05-12,2026-05-09,2026-05-07,2026-05-10,1465,Road,No Delay
ORD-01848,Customer 02,Switchgear,Plant B,Export,2026-03-23,2026-04-04,2026-04-03,2026-04-02,2026-04-03,412,Sea,No Delay
ORD-01849,Customer 25,Relay,Plant A,Central,2026-02-13,2026-02-20,2026-02-16,2026-02-22,2026-02-26,1433,Air,Capacity Constraint
ORD-01850,Customer 15,Breaker,Plant A,South,2026-06-09,2026-07-02,2026-06-27,2026-06-27,2026-07-03,386,Air,Production Delay
ORD-01851,Customer 01,Switchgear,Plant C,Export,2026-03-21,2026-04-03,2026-03-30,2026-03-30,2026-04-03,273,Road,No Delay
ORD-01852,Customer 25,Contactor,Plant B,North,2026-03-22,2026-03-29,2026-03-28,2026-03-27,2026-03-28,1419,Sea,No Delay
ORD-01853,Customer 09,Drive,Plant B,Central,2026-04-02,2026-04-09,2026-04-05,2026-04-05,2026-04-10,533,Road,Material Shortage
ORD-01854,Customer 24,Contactor,Plant C,North,2026-06-04,2026-06-11,2026-06-06,2026-06-06,2026-06-11,667,Air,No Delay
ORD-01855,Customer 30,Power Supply,Plant A,Export,2026-03-08,2026-03-21,2026-03-16,2026-03-15,2026-03-21,978,Road,No Delay
ORD-01856,Customer 04,Sensor,Plant A,Central,2026-01-13,2026-01-27,2026-01-26,2026-01-24,2026-01-25,1247,Sea,No Delay
ORD-01857,Customer 13,Relay,Plant C,North,2026-05-20,2026-05-29,2026-05-27,2026-05-27,2026-05-29,498,Sea,No Delay
ORD-01858,Customer 01,Relay,Plant B,South,2026-04-06,2026-04-28,2026-04-23,2026-04-22,2026-04-27,332,Sea,No Delay
ORD-01859,Customer 28,PLC,Plant C,Central,2026-06-28,2026-07-13,2026-07-12,2026-07-19,2026-07-20,711,Sea,Production Delay
ORD-01860,Customer 01,Breaker,Plant B,Export,2026-04-17,2026-04-26,2026-04-24,2026-04-22,2026-04-24,97,Sea,No Delay
ORD-01861,Customer 04,Contactor,Plant C,South,2026-06-04,2026-06-26,2026-06-22,2026-06-23,2026-06-26,465,Road,Customer Change
ORD-01862,Customer 09,Drive,Plant C,North,2026-01-24,2026-02-04,2026-02-02,2026-02-01,2026-02-02,712,Road,No Delay
ORD-01863,Customer 15,Relay,Plant A,North,2026-04-13,2026-04-25,2026-04-23,2026-04-21,2026-04-22,652,Road,No Delay
ORD-01864,Customer 24,Breaker,Plant C,Central,2026-06-03,2026-06-23,2026-06-22,2026-06-21,2026-06-22,1321,Road,No Delay
ORD-01865,Customer 08,Sensor,Plant B,Export,2026-01-21,2026-02-09,2026-02-08,2026-02-08,2026-02-10,803,Air,Customer Change
ORD-01866,Customer 01,Relay,Plant C,Export,2026-02-03,2026-02-21,2026-02-19,2026-02-19,2026-02-20,160,Sea,No Delay
ORD-01867,Customer 13,Power Supply,Plant A,South,2026-05-17,2026-05-31,2026-05-30,2026-05-29,2026-05-30,116,Air,No Delay
ORD-01868,Customer 24,Contactor,Plant C,Export,2026-03-02,2026-03-08,2026-03-04,2026-03-03,2026-03-07,554,Road,No Delay
ORD-01869,Customer 06,Breaker,Plant C,Central,2026-06-09,2026-07-01,2026-06-26,2026-06-24,2026-06-30,1318,Road,No Delay
ORD-01870,Customer 25,Switchgear,Plant B,Export,2026-02-06,2026-02-22,2026-02-20,2026-02-19,2026-02-21,1435,Sea,No Delay
ORD-01871,Customer 23,Power Supply,Plant A,Central,2026-04-04,2026-04-16,2026-04-15,2026-04-13,2026-04-14,959,Air,No Delay
ORD-01872,Customer 24,Sensor,Plant C,South,2026-05-07,2026-05-21,2026-05-18,2026-05-17,2026-05-19,684,Road,No Delay
ORD-01873,Customer 21,Drive,Plant C,Central,2026-05-12,2026-05-19,2026-05-18,2026-05-18,2026-05-20,590,Air,Carrier Delay
ORD-01874,Customer 20,Switchgear,Plant A,South,2026-03-26,2026-04-12,2026-04-08,2026-04-06,2026-04-10,1442,Air,No Delay
ORD-01875,Customer 18,Power Supply,Plant A,Export,2026-04-08,2026-04-13,2026-04-11,2026-04-18,2026-04-20,31,Air,Carrier Delay
ORD-01876,Customer 26,Contactor,Plant B,South,2026-04-25,2026-05-20,2026-05-18,2026-05-17,2026-05-19,65,Road,No Delay
ORD-01877,Customer 04,Drive,Plant B,North,2026-04-06,2026-04-17,2026-04-16,2026-04-14,2026-04-15,720,Sea,No Delay
ORD-01878,Customer 08,Drive,Plant B,Export,2026-04-23,2026-05-16,2026-05-15,2026-05-13,2026-05-14,1171,Air,No Delay
ORD-01879,Customer 11,Switchgear,Plant C,North,2026-01-15,2026-02-01,2026-01-29,2026-01-28,2026-01-30,663,Sea,No Delay
ORD-01880,Customer 30,Sensor,Plant C,Export,2026-04-28,2026-05-06,2026-05-01,2026-04-29,2026-05-04,1199,Road,No Delay
ORD-01881,Customer 23,Switchgear,Plant B,Export,2026-04-20,2026-05-05,2026-05-01,2026-05-01,2026-05-05,820,Sea,No Delay
ORD-01882,Customer 26,Contactor,Plant C,South,2026-01-02,2026-01-18,2026-01-14,2026-01-12,2026-01-16,510,Road,No Delay
ORD-01883,Customer 07,PLC,Plant A,Export,2026-06-14,2026-06-22,2026-06-17,2026-06-15,2026-06-20,445,Sea,No Delay
ORD-01884,Customer 30,Relay,Plant B,Central,2026-02-04,2026-02-15,2026-02-10,2026-02-17,2026-02-22,345,Air,Capacity Constraint
ORD-01885,Customer 16,PLC,Plant C,Central,2026-04-28,2026-05-15,2026-05-10,2026-05-10,2026-05-15,468,Sea,No Delay
ORD-01886,Customer 09,Breaker,Plant A,Export,2026-05-17,2026-06-01,2026-05-30,2026-05-28,2026-05-29,1273,Road,No Delay
ORD-01887,Customer 03,Relay,Plant C,North,2026-02-28,2026-03-10,2026-03-05,2026-03-03,2026-03-08,1387,Air,No Delay
ORD-01888,Customer 02,Switchgear,Plant B,Export,2026-03-26,2026-04-10,2026-04-09,2026-04-08,2026-04-09,1174,Sea,No Delay
ORD-01889,Customer 08,PLC,Plant C,Central,2026-06-05,2026-06-29,2026-06-28,2026-06-26,2026-07-03,387,Air,Carrier Delay
ORD-01890,Customer 03,Power Supply,Plant C,North,2026-06-10,2026-06-19,2026-06-17,2026-06-16,2026-06-18,825,Air,No Delay
ORD-01891,Customer 02,PLC,Plant B,North,2026-03-18,2026-04-07,2026-04-06,2026-04-05,2026-04-06,696,Sea,No Delay
ORD-01892,Customer 27,Breaker,Plant C,Export,2026-03-22,2026-04-01,2026-03-27,2026-03-26,2026-03-31,1460,Air,No Delay
ORD-01893,Customer 12,Relay,Plant B,Export,2026-01-14,2026-01-23,2026-01-19,2026-01-19,2026-01-23,870,Road,No Delay
ORD-01894,Customer 08,Power Supply,Plant A,South,2026-04-06,2026-04-29,2026-04-28,2026-04-27,2026-04-28,1309,Air,No Delay
ORD-01895,Customer 21,PLC,Plant A,Central,2026-03-09,2026-03-27,2026-03-26,2026-03-25,2026-03-26,1212,Sea,No Delay
ORD-01896,Customer 20,Power Supply,Plant A,South,2026-05-27,2026-06-16,2026-06-11,2026-06-11,2026-06-17,652,Road,Carrier Delay
ORD-01897,Customer 05,PLC,Plant C,South,2026-03-14,2026-04-07,2026-04-05,2026-04-04,2026-04-06,790,Road,No Delay
ORD-01898,Customer 10,Drive,Plant A,South,2026-02-03,2026-02-11,2026-02-09,2026-02-09,2026-02-10,43,Road,No Delay
ORD-01899,Customer 27,Sensor,Plant B,South,2026-06-29,2026-07-06,2026-07-04,2026-07-03,2026-07-05,363,Sea,No Delay
ORD-01900,Customer 25,Relay,Plant A,Central,2026-02-11,2026-02-26,2026-02-22,2026-02-22,2026-02-25,932,Sea,No Delay
ORD-01901,Customer 02,Power Supply,Plant C,North,2026-06-14,2026-07-06,2026-07-02,2026-07-02,2026-07-05,419,Sea,No Delay
ORD-01902,Customer 22,Drive,Plant C,Export,2026-03-07,2026-03-30,2026-03-27,2026-03-26,2026-03-29,1416,Air,No Delay
ORD-01903,Customer 01,Switchgear,Plant A,Central,2026-06-09,2026-06-22,2026-06-17,2026-06-16,2026-06-22,818,Road,No Delay
ORD-01904,Customer 05,Breaker,Plant A,Export,2026-01-13,2026-02-04,2026-02-03,2026-02-01,2026-02-02,670,Air,No Delay
ORD-01905,Customer 17,Power Supply,Plant B,South,2026-03-23,2026-04-11,2026-04-06,2026-04-05,2026-04-10,744,Air,No Delay
ORD-01906,Customer 15,Drive,Plant C,Export,2026-04-01,2026-04-09,2026-04-07,2026-04-06,2026-04-13,1097,Road,Capacity Constraint
ORD-01907,Customer 05,Relay,Plant B,South,2026-03-16,2026-03-22,2026-03-19,2026-03-18,2026-03-21,542,Road,No Delay
ORD-01908,Customer 27,PLC,Plant A,Export,2026-05-12,2026-06-04,2026-05-30,2026-05-29,2026-06-03,1104,Air,No Delay
ORD-01909,Customer 08,Power Supply,Plant A,North,2026-01-05,2026-01-26,2026-01-24,2026-01-23,2026-01-24,1284,Air,No Delay
ORD-01910,Customer 23,Drive,Plant C,North,2026-03-10,2026-03-19,2026-03-17,2026-03-16,2026-03-18,1117,Sea,No Delay
ORD-01911,Customer 01,Power Supply,Plant C,North,2026-05-17,2026-05-29,2026-05-28,2026-06-02,2026-06-03,1253,Air,Capacity Constraint
ORD-01912,Customer 18,Sensor,Plant A,Central,2026-06-02,2026-06-22,2026-06-17,2026-06-15,2026-06-20,752,Air,No Delay
ORD-01913,Customer 25,Power Supply,Plant C,Export,2026-06-06,2026-06-19,2026-06-14,2026-06-13,2026-06-18,622,Sea,No Delay
ORD-01914,Customer 29,Drive,Plant C,North,2026-01-04,2026-01-27,2026-01-24,2026-01-24,2026-01-28,297,Sea,Material Shortage
ORD-01915,Customer 26,Breaker,Plant A,North,2026-04-21,2026-04-26,2026-04-24,2026-04-23,2026-04-25,734,Sea,No Delay
ORD-01916,Customer 10,Relay,Plant A,Central,2026-06-03,2026-06-12,2026-06-09,2026-06-09,2026-06-12,207,Sea,No Delay
ORD-01917,Customer 04,Sensor,Plant A,Export,2026-04-23,2026-05-12,2026-05-08,2026-05-07,2026-05-11,557,Sea,No Delay
ORD-01918,Customer 17,Power Supply,Plant C,South,2026-05-14,2026-05-24,2026-05-22,2026-05-22,2026-05-25,227,Sea,Customer Change
ORD-01919,Customer 21,Drive,Plant C,Export,2026-04-18,2026-04-28,2026-04-26,2026-04-24,2026-04-26,1477,Sea,No Delay
ORD-01920,Customer 28,Switchgear,Plant A,North,2026-03-13,2026-03-23,2026-03-19,2026-03-18,2026-03-23,796,Air,No Delay
ORD-01921,Customer 26,Contactor,Plant B,Central,2026-02-16,2026-03-11,2026-03-09,2026-03-09,2026-03-11,613,Road,No Delay
ORD-01922,Customer 08,Relay,Plant B,Central,2026-04-08,2026-04-24,2026-04-21,2026-04-20,2026-04-23,460,Sea,No Delay
ORD-01923,Customer 08,Switchgear,Plant C,North,2026-05-02,2026-05-10,2026-05-06,2026-05-06,2026-05-10,83,Sea,No Delay
ORD-01924,Customer 18,Sensor,Plant B,Export,2026-04-20,2026-05-05,2026-05-02,2026-05-02,2026-05-04,1199,Air,No Delay
ORD-01925,Customer 07,Contactor,Plant C,North,2026-06-30,2026-07-13,2026-07-12,2026-07-11,2026-07-12,936,Sea,No Delay
ORD-01926,Customer 02,Sensor,Plant B,Export,2026-02-23,2026-03-14,2026-03-09,2026-03-09,2026-03-14,353,Air,No Delay
ORD-01927,Customer 01,Relay,Plant A,Export,2026-05-21,2026-06-01,2026-05-27,2026-05-27,2026-06-01,826,Road,No Delay
ORD-01928,Customer 26,Breaker,Plant C,South,2026-02-08,2026-02-20,2026-02-15,2026-02-13,2026-02-17,190,Sea,No Delay
ORD-01929,Customer 05,Breaker,Plant C,Export,2026-05-20,2026-05-28,2026-05-26,2026-05-26,2026-05-27,24,Air,No Delay
ORD-01930,Customer 16,Relay,Plant C,Central,2026-04-10,2026-05-04,2026-05-03,2026-05-01,2026-05-03,803,Sea,No Delay
ORD-01931,Customer 15,Breaker,Plant A,South,2026-06-05,2026-06-17,2026-06-15,2026-06-15,2026-06-17,100,Air,No Delay
ORD-01932,Customer 23,Switchgear,Plant A,Export,2026-05-06,2026-05-21,2026-05-17,2026-05-16,2026-05-20,915,Road,No Delay
ORD-01933,Customer 25,Drive,Plant B,North,2026-01-26,2026-02-05,2026-02-03,2026-02-02,2026-02-03,742,Road,No Delay
ORD-01934,Customer 09,Breaker,Plant B,South,2026-06-14,2026-06-21,2026-06-16,2026-06-16,2026-06-22,1052,Sea,Carrier Delay
ORD-01935,Customer 23,Contactor,Plant A,Central,2026-02-23,2026-03-03,2026-03-02,2026-03-01,2026-03-02,1337,Air,No Delay
ORD-01936,Customer 13,Contactor,Plant C,North,2026-01-13,2026-01-24,2026-01-20,2026-01-19,2026-01-23,1203,Sea,No Delay
ORD-01937,Customer 10,Sensor,Plant B,Export,2026-04-23,2026-05-12,2026-05-07,2026-05-05,2026-05-10,1059,Air,No Delay
ORD-01938,Customer 14,Power Supply,Plant B,North,2026-03-09,2026-03-27,2026-03-23,2026-03-22,2026-03-26,145,Air,No Delay
ORD-01939,Customer 28,Contactor,Plant B,Export,2026-02-25,2026-03-06,2026-03-01,2026-02-27,2026-03-05,759,Air,No Delay
ORD-01940,Customer 17,Power Supply,Plant C,Central,2026-06-30,2026-07-10,2026-07-05,2026-07-05,2026-07-10,1465,Road,No Delay
ORD-01941,Customer 08,PLC,Plant A,South,2026-02-04,2026-02-27,2026-02-26,2026-02-25,2026-02-26,195,Air,No Delay
ORD-01942,Customer 26,Power Supply,Plant A,Export,2026-04-06,2026-04-13,2026-04-08,2026-04-08,2026-04-14,434,Air,Documentation Issue
ORD-01943,Customer 21,Drive,Plant C,South,2026-03-16,2026-04-02,2026-03-29,2026-03-28,2026-03-31,1341,Road,No Delay
ORD-01944,Customer 01,Drive,Plant A,Central,2026-06-10,2026-06-30,2026-06-27,2026-06-27,2026-06-30,349,Road,No Delay
ORD-01945,Customer 25,Sensor,Plant B,Export,2026-05-12,2026-05-20,2026-05-16,2026-05-14,2026-05-17,801,Sea,No Delay
ORD-01946,Customer 24,Relay,Plant C,Central,2026-01-15,2026-02-07,2026-02-04,2026-02-02,2026-02-05,1107,Air,No Delay
ORD-01947,Customer 12,Breaker,Plant C,Export,2026-03-15,2026-04-09,2026-04-07,2026-04-08,2026-04-10,1458,Road,Customer Change
ORD-01948,Customer 13,Power Supply,Plant B,Export,2026-01-30,2026-02-21,2026-02-19,2026-02-18,2026-02-19,169,Road,No Delay
ORD-01949,Customer 28,Relay,Plant A,Central,2026-02-05,2026-02-20,2026-02-16,2026-02-15,2026-02-18,560,Sea,No Delay
ORD-01950,Customer 29,Power Supply,Plant B,South,2026-05-31,2026-06-22,2026-06-21,2026-06-19,2026-06-20,1274,Sea,No Delay
ORD-01951,Customer 10,Sensor,Plant B,North,2026-01-05,2026-01-13,2026-01-09,2026-01-09,2026-01-13,571,Air,No Delay
ORD-01952,Customer 13,Drive,Plant B,South,2026-01-07,2026-01-31,2026-01-29,2026-01-28,2026-01-30,296,Air,No Delay
ORD-01953,Customer 19,Drive,Plant C,Export,2026-01-14,2026-01-22,2026-01-17,2026-01-16,2026-01-21,1264,Sea,No Delay
ORD-01954,Customer 13,Sensor,Plant A,South,2026-03-27,2026-04-12,2026-04-07,2026-04-07,2026-04-12,1254,Road,No Delay
ORD-01955,Customer 24,PLC,Plant B,South,2026-01-07,2026-01-18,2026-01-13,2026-01-11,2026-01-16,1409,Air,No Delay
ORD-01956,Customer 08,Contactor,Plant B,South,2026-05-21,2026-06-07,2026-06-03,2026-06-03,2026-06-11,575,Air,Production Delay
ORD-01957,Customer 04,Sensor,Plant C,Export,2026-06-28,2026-07-05,2026-07-02,2026-07-01,2026-07-04,1087,Sea,No Delay
ORD-01958,Customer 08,Switchgear,Plant B,Export,2026-04-30,2026-05-23,2026-05-20,2026-05-18,2026-05-26,880,Road,Carrier Delay
ORD-01959,Customer 23,Switchgear,Plant A,North,2026-05-12,2026-05-23,2026-05-22,2026-05-21,2026-05-22,649,Road,No Delay
ORD-01960,Customer 18,Power Supply,Plant A,North,2026-05-30,2026-06-06,2026-06-03,2026-06-01,2026-06-04,40,Air,No Delay
ORD-01961,Customer 10,Relay,Plant B,Export,2026-05-21,2026-05-28,2026-05-23,2026-05-21,2026-05-27,118,Air,No Delay
ORD-01962,Customer 24,Contactor,Plant B,South,2026-06-14,2026-07-06,2026-07-05,2026-07-04,2026-07-05,377,Sea,No Delay
ORD-01963,Customer 17,Power Supply,Plant B,South,2026-02-20,2026-02-25,2026-02-21,2026-02-19,2026-02-22,1434,Road,No Delay
ORD-01964,Customer 05,Breaker,Plant B,Export,2026-06-22,2026-07-07,2026-07-05,2026-07-05,2026-07-06,993,Road,No Delay
ORD-01965,Customer 28,Power Supply,Plant B,Central,2026-01-27,2026-02-11,2026-02-10,2026-02-10,2026-02-11,431,Sea,No Delay
ORD-01966,Customer 11,PLC,Plant C,Central,2026-05-13,2026-05-22,2026-05-20,2026-05-18,2026-05-19,387,Sea,No Delay
ORD-01967,Customer 24,Breaker,Plant A,North,2026-02-15,2026-02-21,2026-02-18,2026-02-18,2026-02-20,435,Air,No Delay
ORD-01968,Customer 12,Relay,Plant C,Export,2026-05-17,2026-05-31,2026-05-29,2026-05-27,2026-05-29,249,Road,No Delay
ORD-01969,Customer 10,Relay,Plant C,Export,2026-02-10,2026-02-22,2026-02-17,2026-02-16,2026-02-21,621,Air,No Delay
ORD-01970,Customer 14,PLC,Plant B,Central,2026-06-06,2026-06-25,2026-06-21,2026-06-19,2026-06-24,121,Sea,No Delay
ORD-01971,Customer 19,Drive,Plant A,Export,2026-05-30,2026-06-15,2026-06-13,2026-06-12,2026-06-14,485,Air,No Delay
ORD-01972,Customer 19,Contactor,Plant B,Export,2026-04-14,2026-04-21,2026-04-18,2026-04-17,2026-04-20,808,Road,No Delay
ORD-01973,Customer 16,Drive,Plant A,Central,2026-04-05,2026-04-17,2026-04-12,2026-04-11,2026-04-16,838,Sea,No Delay
ORD-01974,Customer 11,PLC,Plant B,Central,2026-06-28,2026-07-14,2026-07-12,2026-07-11,2026-07-13,1159,Sea,No Delay
ORD-01975,Customer 07,Power Supply,Plant B,Central,2026-06-28,2026-07-16,2026-07-14,2026-07-14,2026-07-16,619,Road,No Delay
ORD-01976,Customer 18,PLC,Plant B,South,2026-03-28,2026-04-17,2026-04-16,2026-04-15,2026-04-16,445,Sea,No Delay
ORD-01977,Customer 01,Power Supply,Plant A,Export,2026-03-15,2026-04-02,2026-03-28,2026-03-28,2026-04-02,1112,Road,No Delay
ORD-01978,Customer 28,PLC,Plant C,North,2026-03-17,2026-04-09,2026-04-05,2026-04-03,2026-04-07,217,Air,No Delay
ORD-01979,Customer 26,PLC,Plant B,Central,2026-05-12,2026-06-06,2026-06-04,2026-06-02,2026-06-04,787,Road,No Delay
ORD-01980,Customer 29,Breaker,Plant C,Central,2026-05-01,2026-05-11,2026-05-10,2026-05-09,2026-05-10,801,Sea,No Delay
ORD-01981,Customer 19,Sensor,Plant B,Export,2026-03-12,2026-04-04,2026-04-02,2026-03-31,2026-04-02,386,Air,No Delay
ORD-01982,Customer 10,Drive,Plant B,Central,2026-06-14,2026-06-27,2026-06-25,2026-06-25,2026-06-27,401,Sea,No Delay
ORD-01983,Customer 27,Sensor,Plant C,North,2026-01-28,2026-02-16,2026-02-14,2026-02-14,2026-02-15,1377,Road,No Delay
ORD-01984,Customer 20,Power Supply,Plant B,North,2026-02-16,2026-03-13,2026-03-09,2026-03-08,2026-03-13,853,Sea,No Delay
ORD-01985,Customer 13,Contactor,Plant A,South,2026-05-21,2026-06-02,2026-05-31,2026-05-31,2026-06-01,1179,Road,No Delay
ORD-01986,Customer 08,Sensor,Plant B,Central,2026-01-30,2026-02-16,2026-02-14,2026-02-13,2026-02-14,985,Sea,No Delay
ORD-01987,Customer 19,Sensor,Plant A,North,2026-04-18,2026-05-08,2026-05-06,2026-05-05,2026-05-07,155,Air,No Delay
ORD-01988,Customer 10,Contactor,Plant A,North,2026-05-07,2026-05-31,2026-05-29,2026-05-28,2026-05-29,648,Sea,No Delay
ORD-01989,Customer 18,Breaker,Plant C,North,2026-02-11,2026-02-17,2026-02-15,2026-02-14,2026-02-15,1281,Sea,No Delay
ORD-01990,Customer 30,Drive,Plant B,South,2026-01-11,2026-01-23,2026-01-20,2026-01-18,2026-01-22,329,Road,No Delay
ORD-01991,Customer 04,Switchgear,Plant C,North,2026-02-23,2026-03-10,2026-03-08,2026-03-06,2026-03-09,430,Sea,No Delay
ORD-01992,Customer 04,PLC,Plant A,North,2026-04-08,2026-04-14,2026-04-13,2026-04-12,2026-04-13,1203,Sea,No Delay
ORD-01993,Customer 17,Contactor,Plant B,North,2026-03-21,2026-03-26,2026-03-24,2026-03-23,2026-03-25,254,Road,No Delay
ORD-01994,Customer 14,Switchgear,Plant C,South,2026-05-17,2026-06-05,2026-06-02,2026-06-01,2026-06-05,1015,Air,No Delay
ORD-01995,Customer 16,Sensor,Plant C,North,2026-03-17,2026-04-04,2026-04-02,2026-03-31,2026-04-01,1356,Air,No Delay
ORD-01996,Customer 29,Breaker,Plant A,Central,2026-02-01,2026-02-24,2026-02-21,2026-02-21,2026-02-23,178,Air,No Delay
ORD-01997,Customer 14,Sensor,Plant B,South,2026-02-25,2026-03-12,2026-03-11,2026-03-11,2026-03-12,352,Air,No Delay
ORD-01998,Customer 10,Switchgear,Plant C,North,2026-02-14,2026-03-11,2026-03-07,2026-03-05,2026-03-09,1459,Air,No Delay
ORD-01999,Customer 10,PLC,Plant A,North,2026-05-30,2026-06-21,2026-06-16,2026-06-15,2026-06-20,766,Road,No Delay
ORD-02000,Customer 25,Sensor,Plant A,Central,2026-06-01,2026-06-26,2026-06-23,2026-06-22,2026-06-25,928,Sea,No Delay
ORD-02001,Customer 09,Power Supply,Plant A,Export,2026-01-23,2026-02-11,2026-02-09,2026-02-07,2026-02-09,56,Sea,No Delay
ORD-02002,Customer 01,Power Supply,Plant C,Export,2026-01-11,2026-01-18,2026-01-15,2026-01-15,2026-01-17,378,Air,No Delay
ORD-02003,Customer 27,Power Supply,Plant B,North,2026-01-11,2026-02-01,2026-01-28,2026-01-26,2026-01-29,1386,Air,No Delay
ORD-02004,Customer 17,Contactor,Plant A,South,2026-01-26,2026-02-15,2026-02-13,2026-02-11,2026-02-13,1360,Road,No Delay
ORD-02005,Customer 01,Sensor,Plant B,South,2026-02-05,2026-02-17,2026-02-15,2026-02-13,2026-02-16,328,Sea,No Delay
ORD-02006,Customer 02,Sensor,Plant B,North,2026-02-19,2026-03-07,2026-03-02,2026-03-01,2026-03-05,477,Air,No Delay
ORD-02007,Customer 25,Switchgear,Plant A,Central,2026-01-27,2026-02-04,2026-02-02,2026-01-31,2026-02-02,1327,Sea,No Delay
ORD-02008,Customer 30,Drive,Plant B,North,2026-06-01,2026-06-10,2026-06-09,2026-06-08,2026-06-09,1236,Air,No Delay
ORD-02009,Customer 10,Contactor,Plant C,South,2026-05-15,2026-05-27,2026-05-26,2026-05-26,2026-05-27,1468,Air,No Delay
ORD-02010,Customer 18,Power Supply,Plant B,South,2026-03-04,2026-03-18,2026-03-17,2026-03-15,2026-03-16,1297,Road,No Delay
ORD-02011,Customer 25,Drive,Plant B,North,2026-05-21,2026-05-27,2026-05-25,2026-05-25,2026-05-26,1389,Road,No Delay
ORD-02012,Customer 22,Switchgear,Plant B,Central,2026-04-29,2026-05-21,2026-05-16,2026-05-16,2026-05-20,1485,Air,No Delay
ORD-02013,Customer 26,Drive,Plant C,South,2026-06-02,2026-06-25,2026-06-24,2026-06-23,2026-06-24,1439,Road,No Delay
ORD-02014,Customer 14,Breaker,Plant C,South,2026-05-20,2026-06-02,2026-05-31,2026-05-31,2026-06-02,745,Road,No Delay
ORD-02015,Customer 14,Switchgear,Plant A,Central,2026-05-14,2026-06-07,2026-06-02,2026-06-01,2026-06-05,936,Air,No Delay
ORD-02016,Customer 30,PLC,Plant B,North,2026-04-06,2026-04-25,2026-04-24,2026-04-23,2026-04-24,622,Sea,No Delay
ORD-02017,Customer 24,Power Supply,Plant C,Central,2026-05-22,2026-05-28,2026-05-26,2026-05-26,2026-05-29,1321,Sea,Documentation Issue
ORD-02018,Customer 26,Breaker,Plant C,South,2026-04-12,2026-04-26,2026-04-23,2026-04-22,2026-04-25,1393,Road,No Delay
ORD-02019,Customer 15,Relay,Plant B,North,2026-03-03,2026-03-12,2026-03-09,2026-03-08,2026-03-10,1484,Air,No Delay
ORD-02020,Customer 28,Breaker,Plant B,Central,2026-03-29,2026-04-10,2026-04-06,2026-04-05,2026-04-09,1031,Sea,No Delay
ORD-02021,Customer 25,PLC,Plant A,Central,2026-04-07,2026-04-12,2026-04-10,2026-04-09,2026-04-10,1280,Air,No Delay
ORD-02022,Customer 30,Relay,Plant C,Export,2026-06-22,2026-07-16,2026-07-13,2026-07-11,2026-07-14,473,Road,No Delay
ORD-02023,Customer 15,Relay,Plant A,Export,2026-03-13,2026-03-18,2026-03-16,2026-03-15,2026-03-18,615,Road,No Delay
ORD-02024,Customer 25,Relay,Plant A,South,2026-06-03,2026-06-12,2026-06-10,2026-06-08,2026-06-10,1411,Road,No Delay
ORD-02025,Customer 05,Drive,Plant A,Central,2026-06-01,2026-06-11,2026-06-07,2026-06-05,2026-06-08,258,Road,No Delay
ORD-02026,Customer 02,Power Supply,Plant A,North,2026-05-31,2026-06-10,2026-06-05,2026-06-05,2026-06-09,227,Sea,No Delay
ORD-02027,Customer 03,Breaker,Plant A,North,2026-03-03,2026-03-28,2026-03-26,2026-03-26,2026-03-28,1333,Road,No Delay
ORD-02028,Customer 13,Sensor,Plant C,Export,2026-02-17,2026-03-12,2026-03-09,2026-03-08,2026-03-11,141,Sea,No Delay
ORD-02029,Customer 08,Breaker,Plant B,South,2026-04-05,2026-04-21,2026-04-16,2026-04-16,2026-04-22,1498,Road,Production Delay
ORD-02030,Customer 18,Contactor,Plant B,South,2026-02-04,2026-02-16,2026-02-15,2026-02-15,2026-02-16,781,Air,No Delay
ORD-02031,Customer 07,Contactor,Plant A,Export,2026-04-23,2026-05-07,2026-05-05,2026-05-05,2026-05-08,1031,Air,Carrier Delay
ORD-02032,Customer 01,Relay,Plant C,North,2026-04-18,2026-05-06,2026-05-03,2026-05-01,2026-05-04,1444,Sea,No Delay
ORD-02033,Customer 08,Contactor,Plant C,North,2026-03-24,2026-04-13,2026-04-08,2026-04-08,2026-04-14,810,Air,Production Delay
ORD-02034,Customer 08,Relay,Plant A,Central,2026-06-10,2026-07-02,2026-06-28,2026-06-28,2026-07-02,1410,Air,No Delay
ORD-02035,Customer 17,Sensor,Plant C,South,2026-02-01,2026-02-23,2026-02-20,2026-02-18,2026-02-21,858,Road,No Delay
ORD-02036,Customer 01,PLC,Plant B,South,2026-05-08,2026-05-15,2026-05-14,2026-05-12,2026-05-13,513,Sea,No Delay
ORD-02037,Customer 14,Drive,Plant C,Export,2026-05-18,2026-06-10,2026-06-08,2026-06-08,2026-06-10,788,Sea,No Delay
ORD-02038,Customer 18,PLC,Plant C,Export,2026-02-23,2026-03-04,2026-02-28,2026-02-28,2026-03-03,855,Air,No Delay
ORD-02039,Customer 25,Sensor,Plant C,North,2026-05-26,2026-06-02,2026-05-30,2026-05-30,2026-06-01,804,Air,No Delay
ORD-02040,Customer 12,Contactor,Plant A,Export,2026-02-11,2026-03-01,2026-02-25,2026-02-24,2026-02-28,384,Air,No Delay
ORD-02041,Customer 11,Power Supply,Plant C,Export,2026-03-22,2026-04-07,2026-04-05,2026-04-03,2026-04-05,851,Air,No Delay
ORD-02042,Customer 26,Sensor,Plant C,South,2026-05-16,2026-06-04,2026-05-30,2026-05-29,2026-06-03,256,Road,No Delay
ORD-02043,Customer 13,Drive,Plant A,Central,2026-03-20,2026-04-07,2026-04-05,2026-04-04,2026-04-07,1386,Road,No Delay
ORD-02044,Customer 08,Drive,Plant C,North,2026-04-18,2026-04-27,2026-04-23,2026-04-23,2026-04-27,1267,Air,No Delay
ORD-02045,Customer 04,Sensor,Plant B,South,2026-05-30,2026-06-10,2026-06-07,2026-06-06,2026-06-08,18,Road,No Delay
ORD-02046,Customer 16,Switchgear,Plant A,South,2026-02-07,2026-02-18,2026-02-15,2026-02-14,2026-02-17,248,Sea,No Delay
ORD-02047,Customer 03,Sensor,Plant B,Central,2026-03-16,2026-04-10,2026-04-09,2026-04-07,2026-04-09,507,Road,No Delay
ORD-02048,Customer 30,Power Supply,Plant B,Export,2026-04-24,2026-05-19,2026-05-17,2026-05-17,2026-05-19,921,Road,No Delay
ORD-02049,Customer 04,Contactor,Plant A,Central,2026-04-12,2026-04-23,2026-04-19,2026-04-19,2026-04-24,65,Road,Material Shortage
ORD-02050,Customer 25,PLC,Plant A,Central,2026-06-23,2026-07-14,2026-07-11,2026-07-10,2026-07-13,876,Air,No Delay
ORD-02051,Customer 24,Contactor,Plant C,Central,2026-06-22,2026-07-15,2026-07-11,2026-07-11,2026-07-16,790,Road,Documentation Issue
ORD-02052,Customer 18,Drive,Plant B,South,2026-03-27,2026-04-21,2026-04-18,2026-04-17,2026-04-21,1173,Sea,No Delay
ORD-02053,Customer 30,PLC,Plant B,North,2026-01-14,2026-01-22,2026-01-20,2026-01-20,2026-01-21,1347,Road,No Delay
ORD-02054,Customer 17,Breaker,Plant C,North,2026-01-20,2026-01-28,2026-01-25,2026-01-23,2026-01-26,453,Sea,No Delay
ORD-02055,Customer 09,PLC,Plant A,South,2026-05-11,2026-06-03,2026-06-02,2026-06-02,2026-06-03,840,Air,No Delay
ORD-02056,Customer 04,Sensor,Plant C,Central,2026-05-11,2026-05-26,2026-05-25,2026-05-24,2026-05-26,987,Air,No Delay
ORD-02057,Customer 04,Power Supply,Plant C,South,2026-04-28,2026-05-13,2026-05-10,2026-05-08,2026-05-12,791,Air,No Delay
ORD-02058,Customer 30,Breaker,Plant A,Export,2026-04-25,2026-05-03,2026-04-29,2026-04-28,2026-05-01,1355,Road,No Delay
ORD-02059,Customer 14,Contactor,Plant A,South,2026-04-14,2026-05-08,2026-05-03,2026-05-03,2026-05-08,1066,Air,No Delay
ORD-02060,Customer 19,PLC,Plant C,Central,2026-04-19,2026-05-10,2026-05-06,2026-05-06,2026-05-10,337,Air,No Delay
ORD-02061,Customer 07,Sensor,Plant B,North,2026-01-17,2026-02-06,2026-02-05,2026-02-03,2026-02-05,1214,Air,No Delay
ORD-02062,Customer 08,PLC,Plant C,Central,2026-04-19,2026-05-04,2026-04-30,2026-04-30,2026-05-04,588,Road,No Delay
ORD-02063,Customer 03,Drive,Plant C,South,2026-04-10,2026-04-27,2026-04-25,2026-04-25,2026-04-27,881,Air,No Delay
ORD-02064,Customer 17,Drive,Plant A,Central,2026-05-21,2026-06-10,2026-06-05,2026-06-03,2026-06-07,956,Road,No Delay
ORD-02065,Customer 21,Drive,Plant C,North,2026-05-03,2026-05-20,2026-05-16,2026-05-16,2026-05-20,347,Air,No Delay
ORD-02066,Customer 27,PLC,Plant A,Export,2026-02-02,2026-02-23,2026-02-20,2026-02-19,2026-02-28,266,Sea,Documentation Issue
ORD-02067,Customer 16,Switchgear,Plant C,North,2026-01-03,2026-01-28,2026-01-24,2026-01-22,2026-01-26,257,Sea,No Delay
ORD-02068,Customer 01,Breaker,Plant A,Export,2026-03-16,2026-03-25,2026-03-22,2026-03-22,2026-03-26,179,Road,Production Delay
ORD-02069,Customer 10,Switchgear,Plant A,North,2026-01-19,2026-01-25,2026-01-23,2026-01-22,2026-01-24,724,Sea,No Delay
ORD-02070,Customer 21,Switchgear,Plant A,Export,2026-06-18,2026-07-08,2026-07-04,2026-07-06,2026-07-09,757,Sea,Capacity Constraint
ORD-02071,Customer 20,Power Supply,Plant C,Central,2026-06-06,2026-06-24,2026-06-21,2026-06-20,2026-06-23,408,Air,No Delay
ORD-02072,Customer 27,Sensor,Plant A,Export,2026-03-10,2026-03-15,2026-03-14,2026-03-13,2026-03-14,1407,Sea,No Delay
ORD-02073,Customer 19,Contactor,Plant B,Central,2026-04-04,2026-04-15,2026-04-11,2026-04-11,2026-04-15,1287,Sea,No Delay
ORD-02074,Customer 25,Contactor,Plant B,Export,2026-01-04,2026-01-23,2026-01-22,2026-01-21,2026-01-22,1321,Sea,No Delay
ORD-02075,Customer 23,Relay,Plant B,North,2026-01-30,2026-02-06,2026-02-03,2026-02-03,2026-02-05,72,Sea,No Delay
ORD-02076,Customer 30,Drive,Plant C,Export,2026-01-09,2026-01-18,2026-01-14,2026-01-14,2026-01-18,1149,Road,No Delay
ORD-02077,Customer 03,Relay,Plant A,South,2026-02-26,2026-03-13,2026-03-10,2026-03-10,2026-03-13,1178,Air,No Delay
ORD-02078,Customer 21,Power Supply,Plant B,Central,2026-05-01,2026-05-24,2026-05-23,2026-05-22,2026-05-24,329,Road,No Delay
ORD-02079,Customer 25,Relay,Plant B,Export,2026-02-23,2026-03-02,2026-02-26,2026-02-26,2026-03-02,1113,Air,No Delay
ORD-02080,Customer 29,Relay,Plant A,Export,2026-03-09,2026-04-01,2026-03-30,2026-04-07,2026-04-02,1370,Road,Customer Change
ORD-02081,Customer 25,Drive,Plant B,Central,2026-01-23,2026-02-06,2026-02-02,2026-02-01,2026-02-06,303,Air,No Delay
ORD-02082,Customer 14,PLC,Plant B,Central,2026-01-30,2026-02-16,2026-02-14,2026-02-14,2026-02-16,36,Road,No Delay
ORD-02083,Customer 17,Contactor,Plant C,North,2026-01-15,2026-01-21,2026-01-20,2026-01-20,2026-01-21,644,Sea,No Delay
ORD-02084,Customer 18,Relay,Plant C,North,2026-01-12,2026-01-22,2026-01-17,2026-01-15,2026-01-20,1283,Sea,No Delay
ORD-02085,Customer 08,Power Supply,Plant B,Central,2026-02-28,2026-03-06,2026-03-03,2026-03-03,2026-03-06,1103,Sea,No Delay
ORD-02086,Customer 28,Sensor,Plant B,South,2026-01-07,2026-01-28,2026-01-27,2026-01-25,2026-01-27,947,Road,No Delay
ORD-02087,Customer 22,PLC,Plant A,Export,2026-03-30,2026-04-11,2026-04-10,2026-04-12,2026-04-13,1028,Road,Production Delay
ORD-02088,Customer 04,Sensor,Plant A,Export,2026-06-04,2026-06-23,2026-06-18,2026-06-16,2026-06-22,1251,Road,No Delay
ORD-02089,Customer 14,Switchgear,Plant C,North,2026-05-02,2026-05-20,2026-05-17,2026-05-17,2026-05-20,1052,Air,No Delay
ORD-02090,Customer 14,Drive,Plant A,North,2026-05-03,2026-05-20,2026-05-18,2026-05-18,2026-05-20,1350,Air,No Delay
ORD-02091,Customer 14,Switchgear,Plant C,North,2026-06-13,2026-06-23,2026-06-19,2026-06-17,2026-06-21,1177,Sea,No Delay
ORD-02092,Customer 18,Breaker,Plant B,South,2026-06-26,2026-07-07,2026-07-03,2026-07-01,2026-07-05,1199,Sea,No Delay
ORD-02093,Customer 16,Switchgear,Plant A,Export,2026-03-03,2026-03-18,2026-03-13,2026-03-11,2026-03-16,670,Sea,No Delay
ORD-02094,Customer 01,Contactor,Plant C,South,2026-05-07,2026-05-24,2026-05-21,2026-05-19,2026-05-23,265,Air,No Delay
ORD-02095,Customer 19,Drive,Plant B,South,2026-01-28,2026-02-14,2026-02-11,2026-02-11,2026-02-15,200,Sea,Production Delay
ORD-02096,Customer 21,Drive,Plant A,North,2026-05-17,2026-06-05,2026-06-04,2026-06-03,2026-06-04,1481,Sea,No Delay
ORD-02097,Customer 27,Switchgear,Plant B,Export,2026-02-17,2026-03-02,2026-02-27,2026-02-27,2026-03-03,111,Sea,Capacity Constraint
ORD-02098,Customer 24,Relay,Plant B,North,2026-03-01,2026-03-26,2026-03-25,2026-03-25,2026-03-26,140,Sea,No Delay
ORD-02099,Customer 20,Drive,Plant A,Central,2026-05-10,2026-05-27,2026-05-26,2026-05-24,2026-05-25,341,Road,No Delay
ORD-02100,Customer 02,Breaker,Plant B,Central,2026-02-18,2026-03-08,2026-03-03,2026-03-01,2026-03-06,50,Road,No Delay
ORD-02101,Customer 19,Switchgear,Plant B,Central,2026-03-08,2026-03-18,2026-03-14,2026-03-13,2026-03-17,971,Sea,No Delay
ORD-02102,Customer 25,Sensor,Plant B,Export,2026-06-12,2026-06-26,2026-06-25,2026-06-24,2026-06-25,1368,Sea,No Delay
ORD-02103,Customer 12,Sensor,Plant B,South,2026-04-05,2026-04-23,2026-04-19,2026-04-19,2026-04-24,458,Air,Production Delay
ORD-02104,Customer 17,PLC,Plant C,South,2026-03-26,2026-04-02,2026-03-30,2026-03-29,2026-04-01,1047,Road,No Delay
ORD-02105,Customer 27,Switchgear,Plant A,Export,2026-03-17,2026-04-08,2026-04-06,2026-04-05,2026-04-07,812,Air,No Delay
ORD-02106,Customer 16,Breaker,Plant C,South,2026-05-13,2026-05-28,2026-05-26,2026-05-26,2026-05-28,509,Road,No Delay
ORD-02107,Customer 24,Power Supply,Plant C,South,2026-06-16,2026-07-04,2026-06-29,2026-06-29,2026-07-04,1106,Road,No Delay
ORD-02108,Customer 18,Sensor,Plant B,Export,2026-04-02,2026-04-07,2026-04-04,2026-04-02,2026-04-04,348,Sea,No Delay
ORD-02109,Customer 15,Switchgear,Plant A,Export,2026-01-03,2026-01-09,2026-01-05,2026-01-03,2026-01-08,300,Sea,No Delay
ORD-02110,Customer 01,Contactor,Plant B,Central,2026-03-22,2026-04-04,2026-04-01,2026-04-01,2026-04-04,696,Sea,No Delay
ORD-02111,Customer 01,Relay,Plant C,North,2026-03-31,2026-04-08,2026-04-05,2026-04-03,2026-04-06,648,Road,No Delay
ORD-02112,Customer 25,Switchgear,Plant C,South,2026-03-29,2026-04-10,2026-04-09,2026-04-08,2026-04-09,395,Road,No Delay
ORD-02113,Customer 06,Power Supply,Plant B,Central,2026-01-26,2026-02-03,2026-02-01,2026-01-31,2026-02-02,953,Air,No Delay
ORD-02114,Customer 02,Drive,Plant B,Central,2026-02-08,2026-03-02,2026-02-26,2026-02-25,2026-03-01,1092,Road,No Delay
ORD-02115,Customer 26,Contactor,Plant C,Central,2026-05-22,2026-06-07,2026-06-04,2026-06-02,2026-06-05,673,Road,No Delay
ORD-02116,Customer 23,Breaker,Plant B,Central,2026-01-21,2026-02-10,2026-02-07,2026-02-06,2026-02-09,980,Road,No Delay
ORD-02117,Customer 27,Relay,Plant A,South,2026-05-20,2026-05-28,2026-05-24,2026-05-22,2026-05-26,984,Air,No Delay
ORD-02118,Customer 09,Contactor,Plant C,Export,2026-04-19,2026-04-29,2026-04-25,2026-04-23,2026-04-27,813,Road,No Delay
ORD-02119,Customer 14,PLC,Plant A,Central,2026-01-04,2026-01-27,2026-01-22,2026-01-21,2026-01-25,1276,Sea,No Delay
ORD-02120,Customer 11,Relay,Plant A,Export,2026-03-28,2026-04-04,2026-03-31,2026-03-29,2026-04-02,912,Road,No Delay
ORD-02121,Customer 17,Breaker,Plant B,South,2026-06-23,2026-07-01,2026-06-29,2026-06-27,2026-06-29,195,Sea,No Delay
ORD-02122,Customer 02,Relay,Plant C,Central,2026-03-16,2026-04-10,2026-04-08,2026-04-07,2026-04-09,1489,Road,No Delay
ORD-02123,Customer 06,Contactor,Plant A,South,2026-01-28,2026-02-09,2026-02-06,2026-02-05,2026-02-08,609,Sea,No Delay
ORD-02124,Customer 29,Drive,Plant A,North,2026-01-07,2026-01-21,2026-01-18,2026-01-16,2026-01-19,88,Sea,No Delay
ORD-02125,Customer 19,Contactor,Plant C,Export,2026-06-17,2026-06-27,2026-06-22,2026-06-20,2026-06-29,1248,Road,Customer Change
ORD-02126,Customer 14,Relay,Plant C,North,2026-04-10,2026-04-25,2026-04-24,2026-04-22,2026-04-24,119,Sea,No Delay
ORD-02127,Customer 08,Power Supply,Plant C,North,2026-05-09,2026-05-29,2026-05-27,2026-05-25,2026-05-26,669,Air,No Delay
ORD-02128,Customer 17,Switchgear,Plant B,North,2026-02-25,2026-03-16,2026-03-12,2026-03-10,2026-03-14,915,Sea,No Delay
ORD-02129,Customer 02,Sensor,Plant B,South,2026-03-16,2026-04-01,2026-03-27,2026-03-27,2026-04-01,114,Road,No Delay
ORD-02130,Customer 20,Breaker,Plant A,South,2026-02-15,2026-02-20,2026-02-18,2026-02-17,2026-02-20,1316,Air,No Delay
ORD-02131,Customer 21,Breaker,Plant B,North,2026-01-15,2026-01-25,2026-01-20,2026-01-19,2026-01-24,1248,Sea,No Delay
ORD-02132,Customer 18,Relay,Plant A,Export,2026-02-22,2026-03-07,2026-03-03,2026-03-02,2026-03-06,1119,Sea,No Delay
ORD-02133,Customer 02,Drive,Plant A,Central,2026-01-25,2026-01-31,2026-01-30,2026-01-30,2026-01-31,510,Air,No Delay
ORD-02134,Customer 18,Relay,Plant B,Central,2026-04-07,2026-04-13,2026-04-12,2026-04-10,2026-04-11,365,Road,No Delay
ORD-02135,Customer 14,PLC,Plant B,North,2026-05-21,2026-06-01,2026-05-31,2026-05-31,2026-06-02,496,Sea,Customer Change
ORD-02136,Customer 23,Sensor,Plant C,Export,2026-05-25,2026-06-01,2026-05-28,2026-06-04,2026-06-08,887,Air,Capacity Constraint
ORD-02137,Customer 04,Breaker,Plant B,North,2026-02-17,2026-02-23,2026-02-22,2026-02-20,2026-02-21,945,Road,No Delay
ORD-02138,Customer 15,Breaker,Plant C,South,2026-04-22,2026-05-04,2026-05-01,2026-04-29,2026-05-01,175,Road,No Delay
ORD-02139,Customer 12,Power Supply,Plant C,Export,2026-05-30,2026-06-06,2026-06-01,2026-06-01,2026-06-06,300,Sea,No Delay
ORD-02140,Customer 03,PLC,Plant B,Export,2026-04-12,2026-04-28,2026-04-25,2026-04-23,2026-04-26,1411,Road,No Delay
ORD-02141,Customer 13,Contactor,Plant A,Export,2026-06-26,2026-07-17,2026-07-12,2026-07-10,2026-07-15,791,Air,No Delay
ORD-02142,Customer 18,Switchgear,Plant C,South,2026-05-20,2026-06-01,2026-05-31,2026-05-30,2026-05-31,105,Road,No Delay
ORD-02143,Customer 29,Power Supply,Plant A,Export,2026-02-05,2026-02-16,2026-02-13,2026-02-11,2026-02-14,878,Road,No Delay
ORD-02144,Customer 04,Sensor,Plant A,North,2026-02-25,2026-03-02,2026-02-27,2026-02-25,2026-02-28,777,Road,No Delay
ORD-02145,Customer 14,Sensor,Plant B,North,2026-03-17,2026-04-07,2026-04-05,2026-04-04,2026-04-06,522,Air,No Delay
ORD-02146,Customer 18,PLC,Plant A,North,2026-03-22,2026-04-08,2026-04-03,2026-04-10,2026-04-14,579,Sea,Capacity Constraint
ORD-02147,Customer 03,Drive,Plant C,Central,2026-02-26,2026-03-18,2026-03-13,2026-03-11,2026-03-16,306,Sea,No Delay
ORD-02148,Customer 09,Contactor,Plant A,South,2026-06-02,2026-06-10,2026-06-08,2026-06-06,2026-06-08,112,Air,No Delay
ORD-02149,Customer 06,Sensor,Plant B,North,2026-06-25,2026-07-04,2026-06-29,2026-06-29,2026-07-04,1072,Road,No Delay
ORD-02150,Customer 16,Drive,Plant C,Export,2026-01-06,2026-01-13,2026-01-08,2026-01-08,2026-01-12,1086,Sea,No Delay
ORD-02151,Customer 20,Breaker,Plant B,Central,2026-05-14,2026-06-08,2026-06-05,2026-06-04,2026-06-08,286,Road,No Delay
ORD-02152,Customer 24,Contactor,Plant C,North,2026-05-06,2026-05-14,2026-05-13,2026-05-12,2026-05-13,29,Air,No Delay
ORD-02153,Customer 04,Power Supply,Plant A,North,2026-01-20,2026-02-09,2026-02-07,2026-02-07,2026-02-09,354,Sea,No Delay
ORD-02154,Customer 10,Power Supply,Plant A,Export,2026-04-29,2026-05-15,2026-05-12,2026-05-10,2026-05-12,1158,Sea,No Delay
ORD-02155,Customer 06,Breaker,Plant A,Central,2026-01-19,2026-01-26,2026-01-21,2026-01-19,2026-01-24,1326,Road,No Delay
ORD-02156,Customer 26,PLC,Plant B,North,2026-05-08,2026-05-15,2026-05-11,2026-05-17,2026-05-21,505,Road,Production Delay
ORD-02157,Customer 20,Breaker,Plant A,Export,2026-05-01,2026-05-25,2026-05-20,2026-05-20,2026-05-24,1387,Road,No Delay
ORD-02158,Customer 29,PLC,Plant C,North,2026-06-03,2026-06-19,2026-06-16,2026-06-15,2026-06-18,323,Air,No Delay
ORD-02159,Customer 26,Sensor,Plant A,Central,2026-03-13,2026-03-24,2026-03-19,2026-03-17,2026-03-22,670,Sea,No Delay
ORD-02160,Customer 06,PLC,Plant B,North,2026-01-18,2026-02-12,2026-02-09,2026-02-08,2026-02-10,258,Sea,No Delay
ORD-02161,Customer 07,Sensor,Plant B,Central,2026-05-19,2026-06-05,2026-06-03,2026-06-02,2026-06-04,202,Air,No Delay
ORD-02162,Customer 22,Drive,Plant C,North,2026-04-10,2026-04-21,2026-04-20,2026-04-18,2026-04-20,1342,Sea,No Delay
ORD-02163,Customer 30,Breaker,Plant C,Central,2026-04-20,2026-05-04,2026-05-01,2026-05-01,2026-05-04,1448,Road,No Delay
ORD-02164,Customer 03,PLC,Plant A,Export,2026-04-28,2026-05-18,2026-05-16,2026-05-14,2026-05-16,403,Air,No Delay
ORD-02165,Customer 01,Relay,Plant B,Central,2026-04-26,2026-05-01,2026-04-27,2026-04-25,2026-04-29,1342,Road,No Delay
ORD-02166,Customer 30,PLC,Plant A,Central,2026-06-15,2026-06-25,2026-06-22,2026-06-22,2026-06-24,898,Air,No Delay
ORD-02167,Customer 10,Sensor,Plant A,North,2026-03-20,2026-03-25,2026-03-24,2026-03-22,2026-03-23,332,Sea,No Delay
ORD-02168,Customer 23,Contactor,Plant A,Export,2026-03-13,2026-03-25,2026-03-22,2026-03-22,2026-03-25,1356,Road,No Delay
ORD-02169,Customer 12,PLC,Plant C,North,2026-03-28,2026-04-15,2026-04-12,2026-04-12,2026-04-14,404,Air,No Delay
ORD-02170,Customer 22,Breaker,Plant C,Central,2026-01-10,2026-01-25,2026-01-22,2026-01-20,2026-01-23,799,Road,No Delay
ORD-02171,Customer 06,Relay,Plant A,Central,2026-06-20,2026-06-27,2026-06-26,2026-06-25,2026-06-26,505,Air,No Delay
ORD-02172,Customer 08,PLC,Plant C,Export,2026-04-08,2026-04-25,2026-04-21,2026-04-20,2026-04-24,201,Sea,No Delay
ORD-02173,Customer 26,PLC,Plant B,Central,2026-03-06,2026-03-13,2026-03-12,2026-03-12,2026-03-14,584,Sea,Capacity Constraint
ORD-02174,Customer 09,Power Supply,Plant A,Central,2026-06-11,2026-06-20,2026-06-17,2026-06-16,2026-06-20,624,Sea,No Delay
ORD-02175,Customer 04,Power Supply,Plant B,South,2026-05-13,2026-06-04,2026-05-30,2026-05-28,2026-06-02,86,Sea,No Delay
ORD-02176,Customer 05,Drive,Plant B,North,2026-04-22,2026-05-08,2026-05-05,2026-05-03,2026-05-06,931,Air,No Delay
ORD-02177,Customer 30,Drive,Plant C,South,2026-02-22,2026-03-09,2026-03-08,2026-03-07,2026-03-09,992,Sea,No Delay
ORD-02178,Customer 11,Contactor,Plant B,Export,2026-01-03,2026-01-15,2026-01-10,2026-01-10,2026-01-15,682,Road,No Delay
ORD-02179,Customer 19,Drive,Plant B,Central,2026-03-08,2026-03-27,2026-03-26,2026-03-26,2026-03-27,1137,Sea,No Delay
ORD-02180,Customer 15,Sensor,Plant B,North,2026-04-27,2026-05-08,2026-05-05,2026-05-12,2026-05-16,846,Sea,Documentation Issue
ORD-02181,Customer 20,Switchgear,Plant A,North,2026-01-28,2026-02-16,2026-02-15,2026-02-14,2026-02-15,63,Road,No Delay
ORD-02182,Customer 24,Drive,Plant A,South,2026-05-15,2026-05-28,2026-05-24,2026-05-23,2026-05-27,166,Sea,No Delay
ORD-02183,Customer 29,Relay,Plant A,South,2026-05-10,2026-05-28,2026-05-27,2026-05-26,2026-05-27,1431,Road,No Delay
ORD-02184,Customer 30,Breaker,Plant C,South,2026-04-05,2026-04-29,2026-04-25,2026-04-24,2026-04-28,847,Air,No Delay
ORD-02185,Customer 26,Power Supply,Plant A,Export,2026-05-28,2026-06-09,2026-06-05,2026-06-03,2026-06-07,1449,Sea,No Delay
ORD-02186,Customer 11,Breaker,Plant C,Central,2026-05-31,2026-06-10,2026-06-07,2026-06-05,2026-06-07,1113,Air,No Delay
ORD-02187,Customer 03,Power Supply,Plant A,South,2026-06-30,2026-07-20,2026-07-16,2026-07-15,2026-07-20,1183,Road,No Delay
ORD-02188,Customer 01,Contactor,Plant A,North,2026-04-15,2026-05-07,2026-05-06,2026-05-04,2026-05-06,299,Air,No Delay
ORD-02189,Customer 21,Drive,Plant A,Export,2026-05-21,2026-06-13,2026-06-09,2026-06-07,2026-06-10,951,Air,No Delay
ORD-02190,Customer 02,PLC,Plant C,Export,2026-05-15,2026-06-01,2026-05-28,2026-05-26,2026-05-30,451,Air,No Delay
ORD-02191,Customer 13,PLC,Plant A,North,2026-03-19,2026-04-02,2026-03-31,2026-03-30,2026-04-02,1110,Road,No Delay
ORD-02192,Customer 27,Breaker,Plant B,Central,2026-06-22,2026-07-01,2026-06-29,2026-06-28,2026-06-29,264,Air,No Delay
ORD-02193,Customer 13,PLC,Plant B,Export,2026-03-19,2026-04-01,2026-03-29,2026-03-28,2026-03-31,1112,Air,No Delay
ORD-02194,Customer 16,Drive,Plant C,South,2026-06-28,2026-07-04,2026-06-29,2026-06-29,2026-07-04,1411,Air,No Delay
ORD-02195,Customer 28,PLC,Plant B,Export,2026-06-16,2026-06-28,2026-06-25,2026-06-25,2026-06-28,529,Road,No Delay
ORD-02196,Customer 28,Relay,Plant A,Export,2026-03-03,2026-03-23,2026-03-19,2026-03-19,2026-03-23,872,Air,No Delay
ORD-02197,Customer 11,Switchgear,Plant A,Central,2026-04-01,2026-04-08,2026-04-05,2026-04-04,2026-04-07,131,Sea,No Delay
ORD-02198,Customer 12,Power Supply,Plant B,Central,2026-05-31,2026-06-06,2026-06-05,2026-06-03,2026-06-04,505,Sea,No Delay
ORD-02199,Customer 06,PLC,Plant C,Central,2026-03-16,2026-03-29,2026-03-26,2026-03-25,2026-03-28,852,Air,No Delay
ORD-02200,Customer 19,Contactor,Plant A,North,2026-01-09,2026-02-03,2026-02-02,2026-01-31,2026-02-01,512,Air,No Delay
ORD-02201,Customer 03,Contactor,Plant C,South,2026-05-30,2026-06-15,2026-06-11,2026-06-11,2026-06-15,1038,Road,No Delay
ORD-02202,Customer 30,Contactor,Plant C,Export,2026-04-25,2026-05-08,2026-05-04,2026-05-03,2026-05-07,1056,Air,No Delay
ORD-02203,Customer 28,Power Supply,Plant C,Central,2026-06-21,2026-06-26,2026-06-23,2026-06-23,2026-06-26,1460,Sea,No Delay
ORD-02204,Customer 20,Contactor,Plant B,Central,2026-01-05,2026-01-21,2026-01-19,2026-01-18,2026-01-19,1446,Road,No Delay
ORD-02205,Customer 10,Breaker,Plant B,South,2026-06-27,2026-07-09,2026-07-08,2026-07-08,2026-07-09,995,Sea,No Delay
ORD-02206,Customer 03,PLC,Plant A,Export,2026-03-03,2026-03-27,2026-03-22,2026-03-20,2026-03-25,780,Road,No Delay
ORD-02207,Customer 03,Sensor,Plant B,South,2026-03-20,2026-04-09,2026-04-06,2026-04-04,2026-04-08,353,Air,No Delay
ORD-02208,Customer 10,Contactor,Plant A,Central,2026-04-27,2026-05-11,2026-05-08,2026-05-06,2026-05-09,1488,Road,No Delay
ORD-02209,Customer 28,Switchgear,Plant B,South,2026-05-10,2026-05-30,2026-05-28,2026-05-26,2026-05-28,205,Road,No Delay
ORD-02210,Customer 17,Drive,Plant A,South,2026-01-24,2026-02-04,2026-02-01,2026-02-01,2026-02-03,866,Air,No Delay
ORD-02211,Customer 16,Drive,Plant B,North,2026-05-17,2026-05-24,2026-05-21,2026-05-21,2026-05-24,1192,Sea,No Delay
ORD-02212,Customer 13,Switchgear,Plant B,Central,2026-03-19,2026-03-26,2026-03-24,2026-03-31,2026-04-02,450,Sea,Material Shortage
ORD-02213,Customer 24,Breaker,Plant A,North,2026-02-22,2026-03-02,2026-02-25,2026-02-25,2026-03-03,538,Air,Material Shortage
ORD-02214,Customer 20,Drive,Plant C,Export,2026-02-18,2026-03-03,2026-03-01,2026-02-27,2026-03-01,505,Road,No Delay
ORD-02215,Customer 10,Contactor,Plant A,South,2026-05-31,2026-06-08,2026-06-06,2026-06-05,2026-06-07,1492,Air,No Delay
ORD-02216,Customer 02,Contactor,Plant B,Central,2026-01-23,2026-02-03,2026-02-01,2026-02-01,2026-02-03,89,Road,No Delay
ORD-02217,Customer 20,Power Supply,Plant B,South,2026-01-16,2026-01-30,2026-01-27,2026-01-26,2026-01-28,1369,Air,No Delay
ORD-02218,Customer 10,Drive,Plant B,North,2026-03-23,2026-04-11,2026-04-07,2026-04-07,2026-04-11,1153,Sea,No Delay
ORD-02219,Customer 14,Sensor,Plant C,North,2026-02-17,2026-03-13,2026-03-08,2026-03-07,2026-03-12,1275,Sea,No Delay
ORD-02220,Customer 29,Relay,Plant A,South,2026-01-27,2026-02-01,2026-01-28,2026-02-04,2026-02-09,284,Sea,Material Shortage
ORD-02221,Customer 21,Switchgear,Plant B,Export,2026-02-01,2026-02-18,2026-02-13,2026-02-13,2026-02-18,359,Sea,No Delay
ORD-02222,Customer 09,Switchgear,Plant C,North,2026-04-08,2026-05-02,2026-04-27,2026-04-25,2026-05-01,17,Road,No Delay
ORD-02223,Customer 05,Switchgear,Plant A,Central,2026-03-30,2026-04-22,2026-04-20,2026-04-20,2026-04-22,333,Road,No Delay
ORD-02224,Customer 05,Sensor,Plant A,Export,2026-01-08,2026-01-14,2026-01-10,2026-01-09,2026-01-14,260,Road,No Delay
ORD-02225,Customer 17,Breaker,Plant C,Central,2026-06-06,2026-06-22,2026-06-21,2026-06-19,2026-06-20,1303,Sea,No Delay
ORD-02226,Customer 27,Relay,Plant B,North,2026-04-13,2026-04-18,2026-04-14,2026-04-14,2026-04-18,867,Air,No Delay
ORD-02227,Customer 01,Sensor,Plant A,South,2026-03-18,2026-04-07,2026-04-04,2026-04-03,2026-04-05,902,Air,No Delay
ORD-02228,Customer 05,PLC,Plant C,Export,2026-06-26,2026-07-09,2026-07-07,2026-07-06,2026-07-08,1097,Sea,No Delay
ORD-02229,Customer 22,Breaker,Plant B,Central,2026-05-11,2026-05-30,2026-05-26,2026-05-26,2026-05-29,292,Sea,No Delay
ORD-02230,Customer 16,Sensor,Plant C,Export,2026-01-06,2026-01-13,2026-01-12,2026-01-10,2026-01-11,173,Sea,No Delay
ORD-02231,Customer 24,Sensor,Plant C,South,2026-06-07,2026-06-12,2026-06-10,2026-06-08,2026-06-09,513,Sea,No Delay
ORD-02232,Customer 19,Breaker,Plant B,Central,2026-02-13,2026-03-08,2026-03-05,2026-03-05,2026-03-08,640,Air,No Delay
ORD-02233,Customer 02,Drive,Plant C,Central,2026-02-02,2026-02-24,2026-02-22,2026-02-20,2026-02-22,268,Sea,No Delay
ORD-02234,Customer 14,Drive,Plant B,Central,2026-04-11,2026-05-01,2026-04-30,2026-04-29,2026-05-01,1224,Road,No Delay
ORD-02235,Customer 25,Contactor,Plant C,Central,2026-04-05,2026-04-27,2026-04-25,2026-04-23,2026-04-26,325,Road,No Delay
ORD-02236,Customer 10,Power Supply,Plant B,Export,2026-04-06,2026-04-17,2026-04-16,2026-04-16,2026-04-17,1318,Air,No Delay
ORD-02237,Customer 09,Sensor,Plant C,South,2026-05-09,2026-05-14,2026-05-09,2026-05-08,2026-05-14,1187,Air,No Delay
ORD-02238,Customer 11,Drive,Plant C,South,2026-03-27,2026-04-05,2026-04-04,2026-04-04,2026-04-05,1238,Sea,No Delay
ORD-02239,Customer 22,Contactor,Plant C,South,2026-02-10,2026-03-03,2026-02-26,2026-02-26,2026-03-03,1088,Air,No Delay
ORD-02240,Customer 14,Sensor,Plant B,Central,2026-06-25,2026-07-05,2026-07-01,2026-06-29,2026-07-04,559,Sea,No Delay
ORD-02241,Customer 20,Power Supply,Plant B,Export,2026-04-15,2026-05-01,2026-04-28,2026-04-27,2026-04-30,496,Sea,No Delay
ORD-02242,Customer 13,PLC,Plant A,North,2026-01-03,2026-01-09,2026-01-04,2026-01-03,2026-01-07,680,Sea,No Delay
ORD-02243,Customer 25,PLC,Plant B,Central,2026-05-02,2026-05-27,2026-05-25,2026-05-24,2026-05-26,992,Air,No Delay
ORD-02244,Customer 02,Contactor,Plant C,North,2026-04-16,2026-05-08,2026-05-07,2026-05-07,2026-05-08,572,Road,No Delay
ORD-02245,Customer 08,Drive,Plant C,Export,2026-02-22,2026-03-05,2026-03-02,2026-02-28,2026-03-03,829,Sea,No Delay
ORD-02246,Customer 19,Relay,Plant B,North,2026-05-05,2026-05-13,2026-05-10,2026-05-09,2026-05-11,1269,Air,No Delay
ORD-02247,Customer 11,PLC,Plant B,South,2026-05-05,2026-05-18,2026-05-14,2026-05-12,2026-05-16,1288,Sea,No Delay
ORD-02248,Customer 21,Relay,Plant C,South,2026-01-17,2026-01-25,2026-01-20,2026-01-20,2026-01-25,97,Road,No Delay
ORD-02249,Customer 22,Switchgear,Plant B,South,2026-01-22,2026-02-07,2026-02-04,2026-02-04,2026-02-08,665,Sea,Material Shortage
ORD-02250,Customer 12,Power Supply,Plant B,South,2026-02-05,2026-02-12,2026-02-10,2026-02-09,2026-02-11,600,Sea,No Delay
ORD-02251,Customer 26,Contactor,Plant C,North,2026-04-12,2026-04-17,2026-04-13,2026-04-11,2026-04-15,944,Air,No Delay
ORD-02252,Customer 10,Relay,Plant B,Central,2026-04-06,2026-04-22,2026-04-21,2026-04-21,2026-04-22,1386,Road,No Delay
ORD-02253,Customer 22,Switchgear,Plant B,Export,2026-04-20,2026-05-03,2026-04-28,2026-04-28,2026-05-04,921,Air,Carrier Delay
ORD-02254,Customer 10,Sensor,Plant C,Central,2026-03-31,2026-04-17,2026-04-14,2026-04-12,2026-04-14,1317,Air,No Delay
ORD-02255,Customer 26,Relay,Plant A,North,2026-02-26,2026-03-16,2026-03-11,2026-03-10,2026-03-15,1202,Air,No Delay
ORD-02256,Customer 12,PLC,Plant B,Export,2026-06-06,2026-06-12,2026-06-08,2026-06-08,2026-06-12,965,Road,No Delay
ORD-02257,Customer 08,Sensor,Plant C,South,2026-01-14,2026-01-20,2026-01-19,2026-01-18,2026-01-19,502,Sea,No Delay
ORD-02258,Customer 17,Drive,Plant B,South,2026-01-19,2026-02-01,2026-01-27,2026-01-25,2026-01-30,222,Road,No Delay
ORD-02259,Customer 20,Drive,Plant A,Central,2026-03-29,2026-04-11,2026-04-07,2026-04-06,2026-04-10,306,Sea,No Delay
ORD-02260,Customer 10,Switchgear,Plant B,North,2026-04-04,2026-04-20,2026-04-17,2026-04-17,2026-04-20,1348,Air,No Delay
ORD-02261,Customer 14,Relay,Plant A,Central,2026-04-14,2026-04-20,2026-04-18,2026-04-18,2026-04-19,1351,Sea,No Delay
ORD-02262,Customer 19,Switchgear,Plant C,North,2026-03-19,2026-04-07,2026-04-06,2026-04-05,2026-04-06,531,Sea,No Delay
ORD-02263,Customer 12,Drive,Plant C,South,2026-05-07,2026-05-30,2026-05-26,2026-05-26,2026-05-30,95,Sea,No Delay
ORD-02264,Customer 07,Power Supply,Plant A,North,2026-02-25,2026-03-17,2026-03-14,2026-03-13,2026-03-15,169,Air,No Delay
ORD-02265,Customer 13,Switchgear,Plant C,South,2026-03-31,2026-04-24,2026-04-23,2026-04-21,2026-04-22,1186,Road,No Delay
ORD-02266,Customer 13,Relay,Plant A,South,2026-05-06,2026-05-28,2026-05-24,2026-05-22,2026-05-26,1194,Road,No Delay
ORD-02267,Customer 26,Power Supply,Plant B,Central,2026-06-20,2026-07-12,2026-07-07,2026-07-06,2026-07-11,763,Sea,No Delay
ORD-02268,Customer 18,PLC,Plant B,North,2026-04-02,2026-04-23,2026-04-18,2026-04-17,2026-04-22,447,Road,No Delay
ORD-02269,Customer 15,Sensor,Plant A,Export,2026-03-30,2026-04-07,2026-04-05,2026-04-03,2026-04-05,1310,Air,No Delay
ORD-02270,Customer 25,Power Supply,Plant B,North,2026-06-07,2026-06-19,2026-06-15,2026-06-15,2026-06-19,1432,Air,No Delay
ORD-02271,Customer 22,PLC,Plant B,Export,2026-05-14,2026-05-19,2026-05-17,2026-05-17,2026-05-18,757,Sea,No Delay
ORD-02272,Customer 24,Switchgear,Plant C,South,2026-02-09,2026-02-26,2026-02-25,2026-02-24,2026-02-25,1459,Road,No Delay
ORD-02273,Customer 22,Relay,Plant A,Central,2026-02-06,2026-02-27,2026-02-22,2026-02-22,2026-02-26,164,Air,No Delay
ORD-02274,Customer 26,Relay,Plant B,South,2026-06-10,2026-06-20,2026-06-17,2026-06-16,2026-06-18,817,Air,No Delay
ORD-02275,Customer 27,Drive,Plant B,South,2026-04-26,2026-05-09,2026-05-06,2026-05-05,2026-05-08,166,Road,No Delay
ORD-02276,Customer 30,Switchgear,Plant A,North,2026-05-14,2026-05-22,2026-05-17,2026-05-17,2026-05-21,1417,Air,No Delay
ORD-02277,Customer 14,Sensor,Plant A,South,2026-02-06,2026-02-12,2026-02-10,2026-02-10,2026-02-13,1027,Road,Customer Change
ORD-02278,Customer 08,Drive,Plant B,North,2026-03-08,2026-03-25,2026-03-23,2026-03-21,2026-03-24,209,Road,No Delay
ORD-02279,Customer 30,Sensor,Plant B,Export,2026-02-17,2026-03-08,2026-03-06,2026-03-05,2026-03-12,104,Sea,Documentation Issue
ORD-02280,Customer 08,Switchgear,Plant B,Central,2026-05-27,2026-06-01,2026-05-28,2026-05-27,2026-05-30,1246,Air,No Delay
ORD-02281,Customer 04,Switchgear,Plant A,North,2026-01-01,2026-01-21,2026-01-17,2026-01-17,2026-01-21,587,Sea,No Delay
ORD-02282,Customer 27,PLC,Plant A,Central,2026-05-15,2026-06-05,2026-06-01,2026-06-01,2026-06-04,1384,Road,No Delay
ORD-02283,Customer 19,Contactor,Plant B,North,2026-04-10,2026-04-24,2026-04-21,2026-04-20,2026-04-23,671,Sea,No Delay
ORD-02284,Customer 19,Switchgear,Plant C,North,2026-06-25,2026-07-07,2026-07-02,2026-07-01,2026-07-07,479,Air,No Delay
ORD-02285,Customer 03,Drive,Plant C,North,2026-02-03,2026-02-18,2026-02-17,2026-02-17,2026-02-18,394,Air,No Delay
ORD-02286,Customer 11,PLC,Plant A,Central,2026-05-20,2026-05-29,2026-05-24,2026-05-22,2026-05-27,1315,Air,No Delay
ORD-02287,Customer 19,Breaker,Plant C,Export,2026-02-05,2026-02-20,2026-02-18,2026-02-16,2026-02-18,761,Air,No Delay
ORD-02288,Customer 12,PLC,Plant C,South,2026-05-12,2026-05-17,2026-05-15,2026-05-15,2026-05-17,403,Sea,No Delay
ORD-02289,Customer 11,Contactor,Plant B,South,2026-06-09,2026-07-04,2026-07-03,2026-07-02,2026-07-03,702,Air,No Delay
ORD-02290,Customer 06,Contactor,Plant B,North,2026-04-07,2026-04-30,2026-04-28,2026-04-28,2026-04-29,191,Road,No Delay
ORD-02291,Customer 19,Switchgear,Plant C,North,2026-05-20,2026-06-01,2026-05-30,2026-05-29,2026-06-01,461,Air,No Delay
ORD-02292,Customer 07,Breaker,Plant B,Export,2026-06-04,2026-06-23,2026-06-22,2026-06-21,2026-06-22,1034,Air,No Delay
ORD-02293,Customer 13,Sensor,Plant C,Central,2026-01-15,2026-02-07,2026-02-04,2026-02-03,2026-02-05,1309,Sea,No Delay
ORD-02294,Customer 25,Switchgear,Plant B,Export,2026-05-23,2026-06-15,2026-06-12,2026-06-11,2026-06-15,961,Sea,No Delay
ORD-02295,Customer 21,Switchgear,Plant C,Central,2026-04-22,2026-04-28,2026-04-27,2026-04-25,2026-04-26,173,Sea,No Delay
ORD-02296,Customer 24,Switchgear,Plant B,Export,2026-05-01,2026-05-13,2026-05-12,2026-05-10,2026-05-12,550,Air,No Delay
ORD-02297,Customer 24,PLC,Plant A,North,2026-01-30,2026-02-04,2026-02-01,2026-02-01,2026-02-05,715,Air,Documentation Issue
ORD-02298,Customer 19,Drive,Plant C,South,2026-01-06,2026-01-21,2026-01-18,2026-01-16,2026-01-20,987,Air,No Delay
ORD-02299,Customer 15,Drive,Plant B,South,2026-01-31,2026-02-08,2026-02-07,2026-02-07,2026-02-08,866,Air,No Delay
ORD-02300,Customer 19,PLC,Plant B,South,2026-04-29,2026-05-08,2026-05-03,2026-05-02,2026-05-07,559,Sea,No Delay
ORD-02301,Customer 12,Power Supply,Plant A,Export,2026-01-07,2026-01-18,2026-01-13,2026-01-13,2026-01-18,786,Sea,No Delay
ORD-02302,Customer 05,Power Supply,Plant C,Export,2026-06-01,2026-06-25,2026-06-23,2026-06-23,2026-06-24,79,Sea,No Delay
ORD-02303,Customer 07,Power Supply,Plant A,Export,2026-04-24,2026-05-13,2026-05-09,2026-05-08,2026-05-11,466,Air,No Delay
ORD-02304,Customer 15,PLC,Plant B,North,2026-04-30,2026-05-23,2026-05-21,2026-05-20,2026-05-21,276,Sea,No Delay
ORD-02305,Customer 21,Relay,Plant B,Central,2026-06-02,2026-06-20,2026-06-18,2026-06-16,2026-06-19,345,Road,No Delay
ORD-02306,Customer 01,Power Supply,Plant C,North,2026-02-19,2026-03-03,2026-03-02,2026-02-28,2026-03-01,783,Sea,No Delay
ORD-02307,Customer 18,Power Supply,Plant B,Central,2026-03-08,2026-03-20,2026-03-19,2026-03-18,2026-03-19,1236,Air,No Delay
ORD-02308,Customer 28,Sensor,Plant B,South,2026-01-24,2026-02-02,2026-01-28,2026-01-27,2026-01-31,598,Sea,No Delay
ORD-02309,Customer 12,Sensor,Plant A,North,2026-05-03,2026-05-18,2026-05-16,2026-05-16,2026-05-18,673,Road,No Delay
ORD-02310,Customer 18,Switchgear,Plant C,Export,2026-04-24,2026-05-12,2026-05-09,2026-05-15,2026-05-17,66,Sea,Documentation Issue
ORD-02311,Customer 03,Switchgear,Plant A,North,2026-02-16,2026-02-22,2026-02-20,2026-02-18,2026-02-19,1282,Sea,No Delay
ORD-02312,Customer 19,Switchgear,Plant A,Export,2026-03-25,2026-04-16,2026-04-12,2026-04-10,2026-04-15,425,Sea,No Delay
ORD-02313,Customer 27,Contactor,Plant B,Export,2026-01-20,2026-02-02,2026-01-31,2026-01-31,2026-02-02,644,Air,No Delay
ORD-02314,Customer 23,Breaker,Plant A,Export,2026-01-30,2026-02-17,2026-02-16,2026-02-14,2026-02-20,649,Air,Material Shortage
ORD-02315,Customer 29,Switchgear,Plant B,South,2026-06-25,2026-07-02,2026-06-30,2026-06-28,2026-06-29,760,Air,No Delay
ORD-02316,Customer 29,Sensor,Plant B,Export,2026-01-18,2026-02-04,2026-02-01,2026-02-01,2026-02-03,279,Air,No Delay
ORD-02317,Customer 19,Switchgear,Plant B,South,2026-03-23,2026-04-17,2026-04-16,2026-04-15,2026-04-16,359,Road,No Delay
ORD-02318,Customer 26,PLC,Plant A,North,2026-02-28,2026-03-17,2026-03-16,2026-03-15,2026-03-17,1183,Air,No Delay
ORD-02319,Customer 21,Breaker,Plant B,North,2026-05-10,2026-05-30,2026-05-28,2026-05-28,2026-05-30,190,Air,No Delay
ORD-02320,Customer 24,Drive,Plant C,North,2026-03-27,2026-04-15,2026-04-10,2026-04-08,2026-04-13,1281,Sea,No Delay
ORD-02321,Customer 28,Switchgear,Plant C,Central,2026-04-28,2026-05-03,2026-05-02,2026-05-02,2026-05-04,66,Sea,Capacity Constraint
ORD-02322,Customer 24,Drive,Plant A,Central,2026-02-03,2026-02-19,2026-02-18,2026-02-16,2026-02-18,474,Sea,No Delay
ORD-02323,Customer 17,Relay,Plant C,North,2026-02-08,2026-03-03,2026-02-27,2026-02-26,2026-03-02,713,Sea,No Delay
ORD-02324,Customer 21,Switchgear,Plant A,South,2026-06-11,2026-06-27,2026-06-24,2026-06-22,2026-06-25,1241,Road,No Delay
ORD-02325,Customer 10,Relay,Plant B,Export,2026-01-05,2026-01-24,2026-01-21,2026-01-20,2026-01-22,497,Sea,No Delay
ORD-02326,Customer 23,Contactor,Plant A,South,2026-04-16,2026-04-26,2026-04-22,2026-04-22,2026-04-27,1347,Sea,Production Delay
ORD-02327,Customer 29,Sensor,Plant B,Central,2026-05-01,2026-05-20,2026-05-18,2026-05-18,2026-05-20,1311,Air,No Delay
ORD-02328,Customer 28,Power Supply,Plant B,Export,2026-02-20,2026-03-17,2026-03-14,2026-03-14,2026-03-18,235,Air,Capacity Constraint
ORD-02329,Customer 19,Breaker,Plant A,South,2026-04-14,2026-04-28,2026-04-26,2026-04-26,2026-04-28,1103,Sea,No Delay
ORD-02330,Customer 24,Breaker,Plant C,South,2026-01-05,2026-01-30,2026-01-27,2026-01-26,2026-01-28,29,Sea,No Delay
ORD-02331,Customer 06,Power Supply,Plant B,Central,2026-01-17,2026-02-04,2026-02-01,2026-01-31,2026-02-03,267,Air,No Delay
ORD-02332,Customer 20,Contactor,Plant C,South,2026-03-08,2026-04-01,2026-03-30,2026-03-28,2026-03-31,1299,Road,No Delay
ORD-02333,Customer 06,Power Supply,Plant B,North,2026-01-26,2026-02-10,2026-02-08,2026-02-06,2026-02-08,539,Air,No Delay
ORD-02334,Customer 30,PLC,Plant A,South,2026-03-26,2026-04-13,2026-04-08,2026-04-09,2026-04-13,1260,Sea,Production Delay
ORD-02335,Customer 22,Power Supply,Plant C,Export,2026-03-11,2026-03-30,2026-03-27,2026-03-27,2026-03-30,986,Road,No Delay
ORD-02336,Customer 06,Sensor,Plant B,Central,2026-04-01,2026-04-13,2026-04-08,2026-04-06,2026-04-11,834,Air,No Delay
ORD-02337,Customer 02,Power Supply,Plant B,Export,2026-01-03,2026-01-09,2026-01-07,2026-01-07,2026-01-10,842,Road,Customer Change
ORD-02338,Customer 23,Drive,Plant B,South,2026-06-15,2026-06-29,2026-06-26,2026-06-26,2026-06-29,1358,Road,No Delay
ORD-02339,Customer 24,Breaker,Plant C,Export,2026-03-14,2026-03-24,2026-03-22,2026-03-22,2026-03-25,917,Air,Customer Change
ORD-02340,Customer 01,Sensor,Plant B,Central,2026-03-10,2026-04-02,2026-03-31,2026-03-30,2026-04-02,1385,Sea,No Delay
ORD-02341,Customer 08,Contactor,Plant A,Central,2026-02-16,2026-03-04,2026-03-02,2026-03-02,2026-03-04,50,Air,No Delay
ORD-02342,Customer 08,Power Supply,Plant B,North,2026-03-01,2026-03-14,2026-03-11,2026-03-11,2026-03-13,376,Road,No Delay
ORD-02343,Customer 15,Relay,Plant A,Central,2026-03-17,2026-04-06,2026-04-03,2026-04-03,2026-04-06,481,Air,No Delay
ORD-02344,Customer 27,Breaker,Plant B,North,2026-01-12,2026-01-27,2026-01-26,2026-01-24,2026-01-25,758,Air,No Delay
ORD-02345,Customer 05,Sensor,Plant B,Export,2026-03-25,2026-04-16,2026-04-12,2026-04-12,2026-04-15,635,Road,No Delay
ORD-02346,Customer 17,Breaker,Plant B,North,2026-01-21,2026-02-13,2026-02-08,2026-02-07,2026-02-12,1210,Road,No Delay
ORD-02347,Customer 09,Contactor,Plant C,Export,2026-03-05,2026-03-21,2026-03-20,2026-03-20,2026-03-21,235,Air,No Delay
ORD-02348,Customer 06,Relay,Plant B,Export,2026-06-27,2026-07-17,2026-07-14,2026-07-12,2026-07-15,513,Road,No Delay
ORD-02349,Customer 05,Breaker,Plant A,Export,2026-04-21,2026-04-29,2026-04-25,2026-04-23,2026-04-27,902,Road,No Delay
ORD-02350,Customer 22,Power Supply,Plant C,Export,2026-03-22,2026-03-28,2026-03-25,2026-03-24,2026-03-28,953,Road,No Delay
ORD-02351,Customer 25,Breaker,Plant A,North,2026-03-20,2026-03-31,2026-03-29,2026-03-28,2026-03-31,171,Air,No Delay
ORD-02352,Customer 17,Contactor,Plant C,Central,2026-04-17,2026-04-25,2026-04-24,2026-04-24,2026-04-25,88,Air,No Delay
ORD-02353,Customer 16,Drive,Plant A,South,2026-04-11,2026-04-19,2026-04-15,2026-04-15,2026-04-19,871,Sea,No Delay
ORD-02354,Customer 18,Relay,Plant B,Export,2026-01-12,2026-01-28,2026-01-27,2026-01-26,2026-01-27,370,Sea,No Delay
ORD-02355,Customer 24,Contactor,Plant C,South,2026-01-09,2026-01-14,2026-01-10,2026-01-10,2026-01-14,926,Road,No Delay
ORD-02356,Customer 08,Breaker,Plant C,Central,2026-06-11,2026-06-22,2026-06-18,2026-06-17,2026-06-20,111,Air,No Delay
ORD-02357,Customer 12,Sensor,Plant C,Central,2026-06-04,2026-06-23,2026-06-18,2026-06-18,2026-06-22,853,Air,No Delay
ORD-02358,Customer 17,Power Supply,Plant B,South,2026-01-21,2026-02-03,2026-01-30,2026-01-30,2026-02-03,150,Sea,No Delay
ORD-02359,Customer 22,Drive,Plant B,Central,2026-03-28,2026-04-17,2026-04-16,2026-04-15,2026-04-16,631,Road,No Delay
ORD-02360,Customer 05,Breaker,Plant C,North,2026-01-23,2026-02-13,2026-02-12,2026-02-12,2026-02-13,285,Air,No Delay
ORD-02361,Customer 16,PLC,Plant A,Central,2026-05-16,2026-06-01,2026-05-28,2026-05-26,2026-05-30,213,Air,No Delay
ORD-02362,Customer 18,Switchgear,Plant C,Central,2026-05-07,2026-05-29,2026-05-25,2026-05-23,2026-05-26,35,Road,No Delay
ORD-02363,Customer 22,Breaker,Plant B,South,2026-02-06,2026-02-19,2026-02-18,2026-02-17,2026-02-18,1218,Road,No Delay
ORD-02364,Customer 21,Switchgear,Plant A,Export,2026-05-10,2026-05-16,2026-05-11,2026-05-11,2026-05-17,286,Air,Documentation Issue
ORD-02365,Customer 25,Breaker,Plant A,North,2026-04-07,2026-04-15,2026-04-11,2026-04-09,2026-04-13,1198,Road,No Delay
ORD-02366,Customer 23,Sensor,Plant A,Export,2026-03-16,2026-03-28,2026-03-25,2026-03-24,2026-03-26,1173,Sea,No Delay
ORD-02367,Customer 23,PLC,Plant B,North,2026-06-14,2026-07-02,2026-06-29,2026-07-06,2026-07-09,1078,Sea,Documentation Issue
ORD-02368,Customer 06,Relay,Plant A,North,2026-04-07,2026-04-17,2026-04-15,2026-04-14,2026-04-16,275,Road,No Delay
ORD-02369,Customer 03,Drive,Plant C,North,2026-03-15,2026-03-21,2026-03-18,2026-03-17,2026-03-19,547,Road,No Delay
ORD-02370,Customer 13,Power Supply,Plant A,North,2026-05-13,2026-06-07,2026-06-05,2026-06-05,2026-06-07,378,Road,No Delay
ORD-02371,Customer 02,Power Supply,Plant A,Export,2026-05-29,2026-06-07,2026-06-03,2026-06-02,2026-06-06,179,Air,No Delay
ORD-02372,Customer 01,Relay,Plant A,South,2026-02-05,2026-02-25,2026-02-21,2026-02-21,2026-02-25,1431,Sea,No Delay
ORD-02373,Customer 15,PLC,Plant B,North,2026-02-08,2026-02-21,2026-02-16,2026-02-15,2026-02-19,624,Air,No Delay
ORD-02374,Customer 13,Contactor,Plant B,North,2026-01-11,2026-01-23,2026-01-22,2026-01-20,2026-01-21,1247,Road,No Delay
ORD-02375,Customer 26,Contactor,Plant C,North,2026-06-21,2026-07-14,2026-07-10,2026-07-08,2026-07-12,218,Sea,No Delay
ORD-02376,Customer 14,PLC,Plant B,North,2026-06-07,2026-06-16,2026-06-13,2026-06-12,2026-06-15,102,Road,No Delay
ORD-02377,Customer 28,Contactor,Plant B,North,2026-03-09,2026-03-16,2026-03-13,2026-03-11,2026-03-13,710,Road,No Delay
ORD-02378,Customer 10,Sensor,Plant B,North,2026-06-28,2026-07-10,2026-07-08,2026-07-06,2026-07-09,1038,Air,No Delay
ORD-02379,Customer 22,Switchgear,Plant C,Central,2026-04-17,2026-04-22,2026-04-17,2026-04-15,2026-04-20,151,Road,No Delay
ORD-02380,Customer 05,Relay,Plant B,South,2026-02-20,2026-02-28,2026-02-25,2026-02-24,2026-02-27,1364,Air,No Delay
ORD-02381,Customer 30,Switchgear,Plant B,South,2026-06-03,2026-06-16,2026-06-15,2026-06-14,2026-06-15,1276,Sea,No Delay
ORD-02382,Customer 23,PLC,Plant B,South,2026-05-29,2026-06-22,2026-06-17,2026-06-17,2026-06-22,192,Road,No Delay
ORD-02383,Customer 25,Switchgear,Plant B,Central,2026-06-11,2026-06-28,2026-06-25,2026-06-24,2026-06-27,143,Sea,No Delay
ORD-02384,Customer 02,Contactor,Plant A,Export,2026-06-15,2026-07-07,2026-07-06,2026-07-05,2026-07-06,1328,Air,No Delay
ORD-02385,Customer 10,Breaker,Plant A,South,2026-03-17,2026-04-04,2026-04-03,2026-04-01,2026-04-02,912,Air,No Delay
ORD-02386,Customer 09,Sensor,Plant C,North,2026-05-14,2026-05-31,2026-05-27,2026-05-27,2026-06-01,967,Road,Capacity Constraint
ORD-02387,Customer 01,Contactor,Plant B,Export,2026-06-16,2026-06-28,2026-06-24,2026-06-22,2026-06-26,464,Sea,No Delay
ORD-02388,Customer 30,Breaker,Plant B,North,2026-05-04,2026-05-19,2026-05-14,2026-05-14,2026-05-19,236,Road,No Delay
ORD-02389,Customer 01,Relay,Plant A,South,2026-04-24,2026-05-02,2026-04-27,2026-04-26,2026-04-30,596,Air,No Delay
ORD-02390,Customer 08,Sensor,Plant C,Export,2026-01-23,2026-02-08,2026-02-05,2026-02-04,2026-02-07,1446,Air,No Delay
ORD-02391,Customer 24,PLC,Plant B,Central,2026-04-06,2026-04-16,2026-04-14,2026-04-12,2026-04-13,12,Road,No Delay
ORD-02392,Customer 13,Contactor,Plant C,Export,2026-03-21,2026-04-14,2026-04-09,2026-04-08,2026-04-13,1336,Air,No Delay
ORD-02393,Customer 05,Sensor,Plant C,Export,2026-03-02,2026-03-10,2026-03-06,2026-03-06,2026-03-10,1479,Sea,No Delay
ORD-02394,Customer 08,Relay,Plant B,Export,2026-02-08,2026-02-19,2026-02-14,2026-02-14,2026-02-19,1143,Air,No Delay
ORD-02395,Customer 04,Switchgear,Plant C,Export,2026-06-19,2026-06-26,2026-06-23,2026-06-21,2026-06-25,911,Road,No Delay
ORD-02396,Customer 27,Drive,Plant B,Central,2026-04-21,2026-04-26,2026-04-23,2026-04-23,2026-04-26,252,Sea,No Delay
ORD-02397,Customer 13,Sensor,Plant B,Central,2026-02-01,2026-02-18,2026-02-16,2026-02-15,2026-02-17,1223,Sea,No Delay
ORD-02398,Customer 28,PLC,Plant C,Central,2026-06-27,2026-07-21,2026-07-17,2026-07-16,2026-07-20,523,Sea,No Delay
ORD-02399,Customer 12,Drive,Plant A,North,2026-02-03,2026-02-23,2026-02-22,2026-02-21,2026-02-23,684,Road,No Delay
ORD-02400,Customer 22,Breaker,Plant A,South,2026-06-09,2026-06-19,2026-06-15,2026-06-16,2026-06-19,878,Road,Material Shortage
ORD-02401,Customer 24,Contactor,Plant A,North,2026-04-17,2026-04-24,2026-04-19,2026-04-19,2026-04-24,483,Road,No Delay
ORD-02402,Customer 20,Breaker,Plant C,Export,2026-01-13,2026-02-04,2026-01-30,2026-01-28,2026-02-02,989,Road,No Delay
ORD-02403,Customer 29,Switchgear,Plant C,Central,2026-02-20,2026-03-03,2026-03-02,2026-03-02,2026-03-04,1296,Air,Customer Change
ORD-02404,Customer 17,Relay,Plant A,North,2026-04-03,2026-04-18,2026-04-14,2026-04-12,2026-04-15,851,Road,No Delay
ORD-02405,Customer 21,PLC,Plant A,Central,2026-01-21,2026-02-11,2026-02-07,2026-02-05,2026-02-09,398,Air,No Delay
ORD-02406,Customer 20,Contactor,Plant B,Export,2026-03-09,2026-03-17,2026-03-13,2026-03-12,2026-03-16,899,Air,No Delay
ORD-02407,Customer 06,Drive,Plant A,Central,2026-01-04,2026-01-16,2026-01-14,2026-01-14,2026-01-17,1310,Air,Customer Change
ORD-02408,Customer 20,Drive,Plant A,Central,2026-04-27,2026-05-05,2026-05-03,2026-05-03,2026-05-05,651,Road,No Delay
ORD-02409,Customer 24,Power Supply,Plant C,Export,2026-06-07,2026-06-25,2026-06-22,2026-06-22,2026-06-25,1048,Road,No Delay
ORD-02410,Customer 01,Breaker,Plant B,Export,2026-01-30,2026-02-06,2026-02-03,2026-02-01,2026-02-03,990,Road,No Delay
ORD-02411,Customer 06,Switchgear,Plant C,Export,2026-03-27,2026-04-11,2026-04-08,2026-04-08,2026-04-11,1258,Road,No Delay
ORD-02412,Customer 08,Switchgear,Plant A,North,2026-02-13,2026-03-01,2026-02-24,2026-02-22,2026-02-27,854,Road,No Delay
ORD-02413,Customer 18,Breaker,Plant A,South,2026-04-12,2026-04-29,2026-04-28,2026-04-26,2026-04-28,715,Sea,No Delay
ORD-02414,Customer 26,PLC,Plant C,South,2026-06-08,2026-07-01,2026-06-26,2026-06-25,2026-06-30,1011,Sea,No Delay
ORD-02415,Customer 09,Contactor,Plant A,North,2026-03-22,2026-04-07,2026-04-06,2026-04-06,2026-04-07,991,Sea,No Delay
ORD-02416,Customer 13,Switchgear,Plant B,North,2026-02-25,2026-03-14,2026-03-10,2026-03-10,2026-03-14,221,Road,No Delay
ORD-02417,Customer 01,Breaker,Plant B,Export,2026-04-04,2026-04-26,2026-04-23,2026-04-21,2026-04-24,520,Road,No Delay
ORD-02418,Customer 08,Relay,Plant A,North,2026-05-11,2026-05-20,2026-05-15,2026-05-15,2026-05-21,976,Sea,Documentation Issue
ORD-02419,Customer 12,Sensor,Plant C,South,2026-05-14,2026-06-04,2026-06-02,2026-06-02,2026-06-04,315,Road,No Delay
ORD-02420,Customer 05,Switchgear,Plant B,North,2026-01-01,2026-01-21,2026-01-19,2026-01-19,2026-01-20,904,Sea,No Delay
ORD-02421,Customer 20,Drive,Plant B,South,2026-02-11,2026-03-03,2026-02-26,2026-02-24,2026-03-01,197,Sea,No Delay
ORD-02422,Customer 18,Sensor,Plant C,Central,2026-01-05,2026-01-10,2026-01-07,2026-01-05,2026-01-09,273,Air,No Delay
ORD-02423,Customer 08,Drive,Plant A,Central,2026-02-14,2026-02-25,2026-02-24,2026-02-23,2026-02-24,1349,Sea,No Delay
ORD-02424,Customer 15,Drive,Plant A,North,2026-03-01,2026-03-06,2026-03-04,2026-03-04,2026-03-06,900,Sea,No Delay
ORD-02425,Customer 14,Power Supply,Plant C,Export,2026-02-06,2026-02-28,2026-02-27,2026-02-25,2026-02-26,1153,Air,No Delay
ORD-02426,Customer 09,Contactor,Plant A,Export,2026-06-23,2026-07-07,2026-07-06,2026-07-04,2026-07-05,213,Air,No Delay
ORD-02427,Customer 11,Breaker,Plant A,South,2026-04-11,2026-04-24,2026-04-19,2026-04-17,2026-04-22,1353,Road,No Delay
ORD-02428,Customer 04,Contactor,Plant B,North,2026-05-06,2026-05-24,2026-05-21,2026-05-20,2026-05-26,660,Road,Carrier Delay
ORD-02429,Customer 25,PLC,Plant A,South,2026-06-17,2026-07-11,2026-07-07,2026-07-07,2026-07-10,342,Sea,No Delay
ORD-02430,Customer 18,Breaker,Plant B,Central,2026-03-26,2026-04-11,2026-04-09,2026-04-09,2026-04-11,943,Sea,No Delay
ORD-02431,Customer 13,Relay,Plant B,Central,2026-04-24,2026-05-19,2026-05-16,2026-05-15,2026-05-18,1230,Air,No Delay
ORD-02432,Customer 22,Power Supply,Plant A,Export,2026-01-12,2026-01-20,2026-01-19,2026-01-18,2026-01-19,922,Sea,No Delay
ORD-02433,Customer 09,Breaker,Plant A,North,2026-05-20,2026-06-11,2026-06-06,2026-06-04,2026-06-08,531,Air,No Delay
ORD-02434,Customer 14,Contactor,Plant B,Central,2026-05-17,2026-06-07,2026-06-06,2026-06-06,2026-06-07,374,Sea,No Delay
ORD-02435,Customer 02,Drive,Plant C,South,2026-02-26,2026-03-14,2026-03-11,2026-03-10,2026-03-14,1164,Air,No Delay
ORD-02436,Customer 26,Switchgear,Plant C,Central,2026-04-24,2026-05-09,2026-05-05,2026-05-05,2026-05-08,47,Sea,No Delay
ORD-02437,Customer 28,Contactor,Plant A,Export,2026-03-20,2026-04-04,2026-03-31,2026-03-29,2026-04-02,11,Sea,No Delay
ORD-02438,Customer 06,Relay,Plant A,Central,2026-05-26,2026-06-11,2026-06-06,2026-06-04,2026-06-09,422,Air,No Delay
ORD-02439,Customer 22,Contactor,Plant A,Central,2026-05-14,2026-06-07,2026-06-03,2026-06-03,2026-06-07,24,Sea,No Delay
ORD-02440,Customer 19,Switchgear,Plant C,Central,2026-05-07,2026-05-20,2026-05-16,2026-05-16,2026-05-20,965,Road,No Delay
ORD-02441,Customer 24,Drive,Plant A,South,2026-06-12,2026-06-27,2026-06-23,2026-06-21,2026-06-26,1326,Sea,No Delay
ORD-02442,Customer 15,Power Supply,Plant C,Central,2026-06-07,2026-06-28,2026-06-24,2026-06-22,2026-06-26,114,Sea,No Delay
ORD-02443,Customer 20,Sensor,Plant B,South,2026-05-26,2026-05-31,2026-05-30,2026-05-29,2026-05-31,957,Sea,No Delay
ORD-02444,Customer 27,Relay,Plant C,Export,2026-06-14,2026-06-27,2026-06-24,2026-06-22,2026-06-25,287,Air,No Delay
ORD-02445,Customer 04,Power Supply,Plant A,South,2026-06-13,2026-06-28,2026-06-25,2026-06-24,2026-06-27,520,Air,No Delay
ORD-02446,Customer 26,Power Supply,Plant B,South,2026-05-29,2026-06-23,2026-06-18,2026-06-18,2026-06-24,932,Sea,Documentation Issue
ORD-02447,Customer 10,PLC,Plant B,North,2026-02-27,2026-03-19,2026-03-16,2026-03-16,2026-03-19,1011,Sea,No Delay
ORD-02448,Customer 04,PLC,Plant B,North,2026-02-23,2026-03-01,2026-02-25,2026-02-23,2026-02-27,1324,Sea,No Delay
ORD-02449,Customer 23,Drive,Plant B,North,2026-01-01,2026-01-21,2026-01-16,2026-01-15,2026-01-20,493,Road,No Delay
ORD-02450,Customer 08,Contactor,Plant A,Export,2026-04-15,2026-05-08,2026-05-03,2026-05-01,2026-05-05,655,Road,No Delay
ORD-02451,Customer 15,Relay,Plant B,North,2026-02-10,2026-03-01,2026-02-27,2026-02-27,2026-02-28,395,Road,No Delay
ORD-02452,Customer 11,Breaker,Plant C,Central,2026-02-02,2026-02-14,2026-02-11,2026-02-09,2026-02-12,1464,Air,No Delay
ORD-02453,Customer 04,Switchgear,Plant B,North,2026-03-22,2026-04-07,2026-04-04,2026-04-02,2026-04-04,408,Air,No Delay
ORD-02454,Customer 04,PLC,Plant C,North,2026-03-21,2026-04-03,2026-03-31,2026-03-30,2026-04-01,1310,Road,No Delay
ORD-02455,Customer 06,Relay,Plant C,Central,2026-05-03,2026-05-08,2026-05-04,2026-05-03,2026-05-06,1353,Sea,No Delay
ORD-02456,Customer 08,Breaker,Plant B,South,2026-06-11,2026-06-16,2026-06-13,2026-06-12,2026-06-16,767,Air,No Delay
ORD-02457,Customer 16,Switchgear,Plant B,South,2026-03-29,2026-04-21,2026-04-18,2026-04-17,2026-04-20,453,Road,No Delay
ORD-02458,Customer 14,Breaker,Plant A,Central,2026-06-15,2026-06-24,2026-06-20,2026-06-18,2026-06-22,1431,Sea,No Delay
ORD-02459,Customer 19,Breaker,Plant A,Central,2026-03-04,2026-03-21,2026-03-16,2026-03-16,2026-03-21,316,Road,No Delay
ORD-02460,Customer 25,Breaker,Plant B,Export,2026-05-25,2026-06-13,2026-06-10,2026-06-10,2026-06-13,58,Sea,No Delay
ORD-02461,Customer 09,Sensor,Plant C,North,2026-01-18,2026-02-02,2026-02-01,2026-01-30,2026-02-01,946,Air,No Delay
ORD-02462,Customer 07,PLC,Plant C,Central,2026-06-03,2026-06-23,2026-06-21,2026-06-20,2026-06-21,1214,Sea,No Delay
ORD-02463,Customer 01,Switchgear,Plant A,Central,2026-06-12,2026-06-19,2026-06-14,2026-06-13,2026-06-22,364,Air,Production Delay
ORD-02464,Customer 09,Relay,Plant B,North,2026-01-11,2026-01-17,2026-01-12,2026-01-10,2026-01-15,656,Air,No Delay
ORD-02465,Customer 30,Relay,Plant A,Export,2026-06-08,2026-06-30,2026-06-27,2026-06-27,2026-06-30,406,Road,No Delay
ORD-02466,Customer 29,Sensor,Plant B,Export,2026-02-10,2026-03-03,2026-03-02,2026-02-28,2026-03-02,1451,Air,No Delay
ORD-02467,Customer 28,Power Supply,Plant C,North,2026-04-04,2026-04-25,2026-04-20,2026-04-20,2026-04-25,1334,Air,No Delay
ORD-02468,Customer 07,Switchgear,Plant C,Export,2026-03-09,2026-03-28,2026-03-26,2026-03-25,2026-03-27,1433,Air,No Delay
ORD-02469,Customer 14,Drive,Plant B,Export,2026-05-01,2026-05-21,2026-05-16,2026-05-15,2026-05-26,948,Road,Carrier Delay
ORD-02470,Customer 05,Power Supply,Plant C,North,2026-04-22,2026-04-29,2026-04-27,2026-04-27,2026-04-29,1236,Road,No Delay
ORD-02471,Customer 01,Breaker,Plant B,Central,2026-05-12,2026-05-21,2026-05-17,2026-05-15,2026-05-19,1019,Road,No Delay
ORD-02472,Customer 26,PLC,Plant A,Export,2026-06-15,2026-07-06,2026-07-02,2026-07-01,2026-07-06,784,Air,No Delay
ORD-02473,Customer 29,Contactor,Plant A,South,2026-05-01,2026-05-24,2026-05-21,2026-05-19,2026-05-23,283,Sea,No Delay
ORD-02474,Customer 19,Contactor,Plant C,South,2026-06-25,2026-07-11,2026-07-09,2026-07-14,2026-07-16,1149,Road,Material Shortage
ORD-02475,Customer 25,Power Supply,Plant B,North,2026-05-14,2026-06-02,2026-06-01,2026-05-30,2026-05-31,761,Road,No Delay
ORD-02476,Customer 02,Sensor,Plant A,Central,2026-01-11,2026-01-31,2026-01-27,2026-01-27,2026-01-31,879,Sea,No Delay
ORD-02477,Customer 22,Breaker,Plant B,North,2026-05-29,2026-06-14,2026-06-10,2026-06-09,2026-06-13,197,Road,No Delay
ORD-02478,Customer 12,Breaker,Plant C,Central,2026-05-27,2026-06-01,2026-05-31,2026-05-29,2026-05-30,34,Air,No Delay
ORD-02479,Customer 30,PLC,Plant C,Central,2026-01-13,2026-01-22,2026-01-19,2026-01-19,2026-01-22,77,Road,No Delay
ORD-02480,Customer 16,Sensor,Plant C,Export,2026-01-04,2026-01-14,2026-01-09,2026-01-08,2026-01-14,1391,Sea,No Delay
ORD-02481,Customer 15,Sensor,Plant B,Central,2026-06-17,2026-07-02,2026-06-30,2026-06-29,2026-07-02,719,Road,No Delay
ORD-02482,Customer 10,Contactor,Plant B,Central,2026-04-09,2026-05-03,2026-04-30,2026-04-28,2026-05-01,912,Air,No Delay
ORD-02483,Customer 20,PLC,Plant B,Export,2026-01-11,2026-01-27,2026-01-26,2026-01-24,2026-01-25,819,Sea,No Delay
ORD-02484,Customer 11,Drive,Plant B,North,2026-05-27,2026-06-20,2026-06-16,2026-06-14,2026-06-17,947,Air,No Delay
ORD-02485,Customer 09,Breaker,Plant C,North,2026-06-03,2026-06-09,2026-06-06,2026-06-06,2026-06-10,443,Air,Carrier Delay
ORD-02486,Customer 11,Breaker,Plant C,Export,2026-05-09,2026-05-26,2026-05-24,2026-05-22,2026-05-24,438,Road,No Delay
ORD-02487,Customer 03,Breaker,Plant C,South,2026-03-08,2026-03-24,2026-03-22,2026-03-21,2026-03-22,1429,Road,No Delay
ORD-02488,Customer 03,PLC,Plant B,Export,2026-05-17,2026-05-30,2026-05-26,2026-05-26,2026-05-31,251,Sea,Production Delay
ORD-02489,Customer 28,Breaker,Plant A,Central,2026-06-20,2026-07-01,2026-06-30,2026-06-29,2026-06-30,312,Sea,No Delay
ORD-02490,Customer 11,Sensor,Plant C,Central,2026-04-18,2026-05-01,2026-04-29,2026-04-28,2026-04-29,1186,Sea,No Delay
ORD-02491,Customer 22,Sensor,Plant C,South,2026-05-04,2026-05-26,2026-05-25,2026-05-23,2026-05-24,925,Air,No Delay
ORD-02492,Customer 18,Sensor,Plant C,Export,2026-04-09,2026-04-14,2026-04-11,2026-04-09,2026-04-11,379,Road,No Delay
ORD-02493,Customer 09,Drive,Plant A,Central,2026-03-09,2026-03-27,2026-03-26,2026-03-25,2026-03-27,877,Air,No Delay
ORD-02494,Customer 15,Switchgear,Plant B,South,2026-04-20,2026-05-14,2026-05-09,2026-05-09,2026-05-15,580,Air,Capacity Constraint
ORD-02495,Customer 24,PLC,Plant B,North,2026-05-12,2026-05-25,2026-05-21,2026-05-19,2026-05-30,1425,Air,Production Delay
ORD-02496,Customer 13,PLC,Plant C,North,2026-06-04,2026-06-22,2026-06-20,2026-06-19,2026-06-22,237,Road,No Delay
ORD-02497,Customer 22,Drive,Plant B,North,2026-03-13,2026-04-03,2026-03-31,2026-03-30,2026-04-02,153,Air,No Delay
ORD-02498,Customer 26,Switchgear,Plant A,Export,2026-04-15,2026-05-07,2026-05-03,2026-05-01,2026-05-04,696,Sea,No Delay
ORD-02499,Customer 23,Relay,Plant B,South,2026-03-06,2026-03-27,2026-03-26,2026-03-24,2026-03-25,504,Road,No Delay
ORD-02500,Customer 21,Relay,Plant B,South,2026-01-14,2026-01-25,2026-01-21,2026-01-19,2026-01-22,945,Air,No Delay
ORD-02501,Customer 23,Breaker,Plant B,Central,2026-04-18,2026-04-29,2026-04-28,2026-04-26,2026-04-27,1151,Air,No Delay
ORD-02502,Customer 17,Drive,Plant C,Export,2026-05-19,2026-05-25,2026-05-21,2026-05-20,2026-05-24,781,Road,No Delay
ORD-02503,Customer 06,Relay,Plant B,Central,2026-04-01,2026-04-19,2026-04-16,2026-04-15,2026-04-19,165,Road,No Delay
ORD-02504,Customer 20,Sensor,Plant B,South,2026-06-19,2026-07-10,2026-07-05,2026-07-05,2026-07-10,369,Sea,No Delay
ORD-02505,Customer 03,PLC,Plant C,Central,2026-05-09,2026-05-19,2026-05-14,2026-05-22,2026-05-27,1273,Sea,Production Delay
ORD-02506,Customer 07,Power Supply,Plant B,Export,2026-05-23,2026-06-11,2026-06-10,2026-06-08,2026-06-09,610,Road,No Delay
ORD-02507,Customer 17,Switchgear,Plant C,Export,2026-04-24,2026-05-14,2026-05-09,2026-05-08,2026-05-13,69,Sea,No Delay
ORD-02508,Customer 09,Switchgear,Plant A,North,2026-03-04,2026-03-13,2026-03-12,2026-03-11,2026-03-13,842,Road,No Delay
ORD-02509,Customer 11,Power Supply,Plant A,Central,2026-06-20,2026-07-12,2026-07-10,2026-07-09,2026-07-11,1341,Road,No Delay
ORD-02510,Customer 23,Switchgear,Plant A,North,2026-04-26,2026-05-16,2026-05-15,2026-05-14,2026-05-15,267,Air,No Delay
ORD-02511,Customer 06,Sensor,Plant A,Central,2026-02-26,2026-03-23,2026-03-21,2026-03-20,2026-03-21,688,Air,No Delay
ORD-02512,Customer 21,Breaker,Plant B,North,2026-03-28,2026-04-11,2026-04-07,2026-04-07,2026-04-12,222,Air,Documentation Issue
ORD-02513,Customer 26,Sensor,Plant B,Export,2026-05-03,2026-05-25,2026-05-20,2026-05-18,2026-05-24,486,Sea,No Delay
ORD-02514,Customer 29,Sensor,Plant C,Export,2026-04-11,2026-04-26,2026-04-22,2026-04-21,2026-04-26,1032,Sea,No Delay
ORD-02515,Customer 20,Drive,Plant B,Export,2026-02-28,2026-03-11,2026-03-09,2026-03-09,2026-03-11,1422,Air,No Delay
ORD-02516,Customer 19,Sensor,Plant A,Export,2026-01-08,2026-01-13,2026-01-09,2026-01-07,2026-01-11,572,Road,No Delay
ORD-02517,Customer 05,Breaker,Plant A,Central,2026-05-05,2026-05-23,2026-05-22,2026-05-22,2026-05-23,1189,Sea,No Delay
ORD-02518,Customer 13,Relay,Plant C,Central,2026-01-08,2026-01-16,2026-01-14,2026-01-14,2026-01-15,517,Air,No Delay
ORD-02519,Customer 01,Contactor,Plant B,Central,2026-04-19,2026-05-11,2026-05-06,2026-05-06,2026-05-10,433,Air,No Delay
ORD-02520,Customer 17,Switchgear,Plant A,South,2026-03-13,2026-03-24,2026-03-21,2026-03-19,2026-03-22,790,Air,No Delay
ORD-02521,Customer 11,Drive,Plant C,South,2026-06-05,2026-06-23,2026-06-18,2026-06-18,2026-06-23,763,Road,No Delay
ORD-02522,Customer 03,Switchgear,Plant A,South,2026-03-29,2026-04-13,2026-04-11,2026-04-10,2026-04-13,1062,Air,No Delay
ORD-02523,Customer 28,Drive,Plant A,North,2026-03-15,2026-03-22,2026-03-17,2026-03-16,2026-03-21,938,Sea,No Delay
ORD-02524,Customer 03,Relay,Plant A,South,2026-05-16,2026-06-10,2026-06-05,2026-06-03,2026-06-08,776,Air,No Delay
ORD-02525,Customer 13,Sensor,Plant B,Central,2026-03-17,2026-03-31,2026-03-28,2026-03-26,2026-03-29,62,Sea,No Delay
ORD-02526,Customer 30,Contactor,Plant A,South,2026-05-21,2026-05-30,2026-05-27,2026-05-25,2026-05-28,595,Road,No Delay
ORD-02527,Customer 26,Breaker,Plant C,South,2026-06-29,2026-07-09,2026-07-04,2026-07-03,2026-07-08,194,Road,No Delay
ORD-02528,Customer 11,Breaker,Plant C,North,2026-01-23,2026-02-14,2026-02-13,2026-02-13,2026-02-14,588,Air,No Delay
ORD-02529,Customer 14,Breaker,Plant A,North,2026-06-05,2026-06-18,2026-06-17,2026-06-17,2026-06-18,243,Road,No Delay
ORD-02530,Customer 07,Power Supply,Plant C,Central,2026-03-19,2026-03-31,2026-03-28,2026-03-28,2026-03-31,955,Air,No Delay
ORD-02531,Customer 04,Relay,Plant A,Central,2026-05-20,2026-06-07,2026-06-06,2026-06-04,2026-06-05,1278,Road,No Delay
ORD-02532,Customer 28,Sensor,Plant C,North,2026-06-28,2026-07-09,2026-07-04,2026-07-02,2026-07-06,343,Sea,No Delay
ORD-02533,Customer 10,Drive,Plant A,Central,2026-05-15,2026-06-08,2026-06-07,2026-06-07,2026-06-09,249,Sea,Documentation Issue
ORD-02534,Customer 13,PLC,Plant A,Export,2026-01-28,2026-02-20,2026-02-15,2026-02-13,2026-02-18,320,Road,No Delay
ORD-02535,Customer 28,PLC,Plant C,North,2026-04-21,2026-05-16,2026-05-12,2026-05-11,2026-05-15,1276,Road,No Delay
ORD-02536,Customer 26,Relay,Plant A,Central,2026-05-10,2026-05-30,2026-05-27,2026-05-25,2026-05-28,567,Air,No Delay
ORD-02537,Customer 16,Power Supply,Plant B,North,2026-06-01,2026-06-17,2026-06-13,2026-06-12,2026-06-16,1475,Air,No Delay
ORD-02538,Customer 27,Power Supply,Plant C,Central,2026-04-27,2026-05-13,2026-05-11,2026-05-11,2026-05-13,250,Air,No Delay
ORD-02539,Customer 28,Breaker,Plant B,Export,2026-01-07,2026-01-18,2026-01-14,2026-01-14,2026-01-17,73,Road,No Delay
ORD-02540,Customer 15,Breaker,Plant A,South,2026-05-27,2026-06-20,2026-06-16,2026-06-14,2026-06-18,1226,Sea,No Delay
ORD-02541,Customer 23,Relay,Plant A,Central,2026-03-13,2026-03-30,2026-03-25,2026-03-24,2026-03-30,1423,Air,No Delay
ORD-02542,Customer 19,Switchgear,Plant A,South,2026-01-16,2026-01-21,2026-01-17,2026-01-17,2026-01-22,1353,Road,Material Shortage
ORD-02543,Customer 26,Power Supply,Plant B,Export,2026-05-24,2026-06-11,2026-06-09,2026-06-07,2026-06-09,610,Air,No Delay
ORD-02544,Customer 20,Breaker,Plant C,Export,2026-06-28,2026-07-20,2026-07-15,2026-07-15,2026-07-20,391,Road,No Delay
ORD-02545,Customer 24,Sensor,Plant B,South,2026-05-15,2026-05-30,2026-05-25,2026-05-23,2026-05-29,240,Road,No Delay
ORD-02546,Customer 06,PLC,Plant B,Export,2026-06-08,2026-06-16,2026-06-11,2026-06-09,2026-06-14,1121,Sea,No Delay
ORD-02547,Customer 18,Breaker,Plant A,South,2026-02-22,2026-03-16,2026-03-12,2026-03-12,2026-03-16,1433,Road,No Delay
ORD-02548,Customer 09,Power Supply,Plant C,Export,2026-04-16,2026-04-29,2026-04-25,2026-04-24,2026-04-28,1467,Air,No Delay
ORD-02549,Customer 04,Switchgear,Plant B,South,2026-01-26,2026-02-12,2026-02-10,2026-02-08,2026-02-09,355,Sea,No Delay
ORD-02550,Customer 17,Contactor,Plant A,South,2026-04-24,2026-05-14,2026-05-10,2026-05-09,2026-05-14,528,Road,No Delay
ORD-02551,Customer 29,Contactor,Plant A,Export,2026-04-05,2026-04-24,2026-04-22,2026-04-22,2026-04-24,1113,Air,No Delay
ORD-02552,Customer 17,Relay,Plant B,North,2026-01-31,2026-02-08,2026-02-05,2026-02-03,2026-02-06,691,Air,No Delay
ORD-02553,Customer 17,PLC,Plant B,South,2026-03-28,2026-04-22,2026-04-19,2026-04-18,2026-04-21,484,Air,No Delay
ORD-02554,Customer 11,Sensor,Plant B,South,2026-04-26,2026-05-03,2026-04-30,2026-04-28,2026-05-01,1391,Air,No Delay
ORD-02555,Customer 14,Relay,Plant A,Export,2026-04-19,2026-04-24,2026-04-23,2026-04-21,2026-04-22,316,Road,No Delay
ORD-02556,Customer 24,Switchgear,Plant C,Central,2026-05-14,2026-05-31,2026-05-26,2026-05-25,2026-05-29,809,Sea,No Delay
ORD-02557,Customer 26,PLC,Plant B,North,2026-03-01,2026-03-23,2026-03-20,2026-03-18,2026-03-21,1476,Sea,No Delay
ORD-02558,Customer 07,Power Supply,Plant C,South,2026-05-27,2026-06-03,2026-05-30,2026-05-29,2026-06-03,49,Road,No Delay
ORD-02559,Customer 23,Power Supply,Plant A,Export,2026-03-12,2026-04-02,2026-03-30,2026-03-28,2026-03-31,1178,Air,No Delay
ORD-02560,Customer 12,Sensor,Plant B,Export,2026-06-19,2026-07-12,2026-07-09,2026-07-07,2026-07-10,886,Sea,No Delay
ORD-02561,Customer 05,Switchgear,Plant B,Central,2026-03-26,2026-04-09,2026-04-07,2026-04-07,2026-04-09,1035,Road,No Delay
ORD-02562,Customer 19,Sensor,Plant C,South,2026-01-04,2026-01-12,2026-01-08,2026-01-10,2026-01-14,1208,Road,Documentation Issue
ORD-02563,Customer 14,Sensor,Plant C,Export,2026-03-01,2026-03-16,2026-03-15,2026-03-15,2026-03-17,1481,Road,Production Delay
ORD-02564,Customer 04,Relay,Plant C,South,2026-06-25,2026-07-01,2026-06-30,2026-06-28,2026-06-30,1313,Sea,No Delay
ORD-02565,Customer 28,Sensor,Plant C,South,2026-03-28,2026-04-16,2026-04-12,2026-04-12,2026-04-15,194,Sea,No Delay
ORD-02566,Customer 07,Switchgear,Plant A,Export,2026-03-15,2026-03-25,2026-03-23,2026-03-22,2026-03-25,1470,Air,No Delay
ORD-02567,Customer 29,Drive,Plant B,South,2026-04-14,2026-05-04,2026-04-29,2026-05-01,2026-05-05,1315,Air,Documentation Issue
ORD-02568,Customer 28,Switchgear,Plant A,South,2026-05-01,2026-05-09,2026-05-08,2026-05-08,2026-05-09,159,Sea,No Delay
ORD-02569,Customer 13,Sensor,Plant B,Export,2026-01-01,2026-01-21,2026-01-16,2026-01-15,2026-01-19,1469,Sea,No Delay
ORD-02570,Customer 26,Sensor,Plant A,South,2026-01-21,2026-01-29,2026-01-24,2026-01-22,2026-01-28,1012,Road,No Delay
ORD-02571,Customer 24,Switchgear,Plant B,Export,2026-06-21,2026-07-12,2026-07-07,2026-07-06,2026-07-11,948,Road,No Delay
ORD-02572,Customer 11,Contactor,Plant A,North,2026-01-15,2026-02-04,2026-01-30,2026-01-28,2026-02-02,1340,Sea,No Delay
ORD-02573,Customer 02,Power Supply,Plant C,Export,2026-05-23,2026-05-28,2026-05-23,2026-05-26,2026-05-31,853,Sea,Capacity Constraint
ORD-02574,Customer 21,Drive,Plant B,North,2026-01-05,2026-01-14,2026-01-09,2026-01-09,2026-01-15,849,Air,Capacity Constraint
ORD-02575,Customer 16,Breaker,Plant C,North,2026-04-14,2026-05-05,2026-05-03,2026-05-04,2026-05-06,925,Road,Customer Change
ORD-02576,Customer 19,PLC,Plant A,North,2026-03-04,2026-03-24,2026-03-19,2026-03-19,2026-03-24,1031,Sea,No Delay
ORD-02577,Customer 23,Power Supply,Plant B,South,2026-01-09,2026-02-01,2026-01-27,2026-01-27,2026-02-02,1117,Air,Customer Change
ORD-02578,Customer 09,Drive,Plant B,South,2026-04-15,2026-04-25,2026-04-20,2026-04-18,2026-04-23,914,Road,No Delay
ORD-02579,Customer 17,Contactor,Plant B,South,2026-04-20,2026-05-10,2026-05-06,2026-05-05,2026-05-10,1030,Air,No Delay
ORD-02580,Customer 05,Relay,Plant A,Central,2026-05-28,2026-06-13,2026-06-12,2026-06-10,2026-06-11,905,Road,No Delay
ORD-02581,Customer 30,Drive,Plant B,Central,2026-04-12,2026-05-06,2026-05-04,2026-05-02,2026-05-04,504,Road,No Delay
ORD-02582,Customer 03,Power Supply,Plant C,South,2026-06-06,2026-06-12,2026-06-08,2026-06-07,2026-06-11,310,Sea,No Delay
ORD-02583,Customer 23,PLC,Plant B,North,2026-02-08,2026-02-21,2026-02-17,2026-02-16,2026-02-19,136,Sea,No Delay
ORD-02584,Customer 14,PLC,Plant A,South,2026-04-02,2026-04-13,2026-04-09,2026-04-08,2026-04-12,275,Road,No Delay
ORD-02585,Customer 26,PLC,Plant B,Central,2026-05-17,2026-06-02,2026-05-29,2026-05-29,2026-06-02,391,Air,No Delay
ORD-02586,Customer 05,PLC,Plant B,North,2026-05-29,2026-06-09,2026-06-08,2026-06-06,2026-06-14,428,Sea,Carrier Delay
ORD-02587,Customer 18,PLC,Plant C,South,2026-04-25,2026-04-30,2026-04-27,2026-04-25,2026-04-27,761,Air,No Delay
ORD-02588,Customer 15,Contactor,Plant C,South,2026-06-12,2026-06-19,2026-06-17,2026-06-16,2026-06-18,1417,Sea,No Delay
ORD-02589,Customer 28,Drive,Plant B,South,2026-01-30,2026-02-19,2026-02-15,2026-02-14,2026-02-18,1500,Sea,No Delay
ORD-02590,Customer 06,Power Supply,Plant B,North,2026-02-06,2026-02-14,2026-02-11,2026-02-11,2026-02-14,671,Road,No Delay
ORD-02591,Customer 07,Sensor,Plant C,Central,2026-02-07,2026-03-04,2026-02-28,2026-02-28,2026-03-05,1087,Sea,Capacity Constraint
ORD-02592,Customer 30,PLC,Plant C,Central,2026-02-24,2026-03-21,2026-03-16,2026-03-16,2026-03-22,174,Sea,Documentation Issue
ORD-02593,Customer 12,Drive,Plant A,North,2026-04-06,2026-04-11,2026-04-09,2026-04-09,2026-04-12,271,Air,Documentation Issue
ORD-02594,Customer 15,PLC,Plant B,Export,2026-01-03,2026-01-20,2026-01-16,2026-01-16,2026-01-19,865,Air,No Delay
ORD-02595,Customer 19,Drive,Plant C,North,2026-01-24,2026-02-07,2026-02-02,2026-02-02,2026-02-07,11,Road,No Delay
ORD-02596,Customer 11,Drive,Plant C,Export,2026-05-16,2026-05-31,2026-05-29,2026-05-28,2026-05-30,505,Sea,No Delay
ORD-02597,Customer 20,Drive,Plant C,South,2026-04-24,2026-05-08,2026-05-06,2026-05-05,2026-05-08,24,Road,No Delay
ORD-02598,Customer 25,Drive,Plant A,North,2026-05-23,2026-06-15,2026-06-12,2026-06-12,2026-06-15,972,Road,No Delay
ORD-02599,Customer 24,Switchgear,Plant A,Export,2026-05-12,2026-06-01,2026-05-30,2026-05-28,2026-05-29,1385,Air,No Delay
ORD-02600,Customer 27,Relay,Plant A,Central,2026-02-26,2026-03-08,2026-03-05,2026-03-05,2026-03-08,593,Sea,No Delay
ORD-02601,Customer 04,Breaker,Plant C,North,2026-04-26,2026-05-09,2026-05-04,2026-05-02,2026-05-10,629,Sea,Capacity Constraint
ORD-02602,Customer 28,Relay,Plant B,South,2026-05-13,2026-05-31,2026-05-27,2026-05-27,2026-05-31,633,Air,No Delay
ORD-02603,Customer 03,Switchgear,Plant B,North,2026-05-23,2026-06-15,2026-06-13,2026-06-13,2026-06-16,1272,Sea,Carrier Delay
ORD-02604,Customer 18,Contactor,Plant A,South,2026-01-06,2026-01-30,2026-01-28,2026-01-27,2026-01-29,726,Air,No Delay
ORD-02605,Customer 26,PLC,Plant C,Central,2026-03-05,2026-03-18,2026-03-14,2026-03-14,2026-03-18,1115,Air,No Delay
ORD-02606,Customer 12,Contactor,Plant C,Central,2026-05-21,2026-05-27,2026-05-24,2026-05-24,2026-05-27,916,Sea,No Delay
ORD-02607,Customer 27,Sensor,Plant B,North,2026-03-19,2026-04-07,2026-04-03,2026-04-03,2026-04-07,1251,Air,No Delay
ORD-02608,Customer 02,Relay,Plant A,North,2026-05-11,2026-05-26,2026-05-21,2026-05-19,2026-05-24,1057,Sea,No Delay
ORD-02609,Customer 10,PLC,Plant B,South,2026-06-15,2026-07-08,2026-07-04,2026-07-04,2026-07-08,1092,Air,No Delay
ORD-02610,Customer 17,Switchgear,Plant A,North,2026-06-02,2026-06-17,2026-06-15,2026-06-18,2026-06-20,1077,Sea,Production Delay
ORD-02611,Customer 29,Sensor,Plant C,North,2026-01-12,2026-01-23,2026-01-20,2026-01-19,2026-01-22,444,Air,No Delay
ORD-02612,Customer 06,Relay,Plant A,South,2026-04-14,2026-04-27,2026-04-23,2026-04-22,2026-04-25,100,Road,No Delay
ORD-02613,Customer 02,Sensor,Plant A,South,2026-05-28,2026-06-14,2026-06-11,2026-06-18,2026-06-22,1077,Sea,Material Shortage
ORD-02614,Customer 11,Drive,Plant C,North,2026-02-26,2026-03-09,2026-03-07,2026-03-07,2026-03-11,63,Road,Capacity Constraint
ORD-02615,Customer 29,Breaker,Plant A,Central,2026-05-31,2026-06-15,2026-06-11,2026-06-11,2026-06-14,612,Air,No Delay
ORD-02616,Customer 21,Contactor,Plant C,South,2026-04-30,2026-05-08,2026-05-03,2026-05-02,2026-05-07,1254,Sea,No Delay
ORD-02617,Customer 11,Contactor,Plant C,North,2026-05-29,2026-06-06,2026-06-04,2026-06-04,2026-06-05,1385,Sea,No Delay
ORD-02618,Customer 22,Switchgear,Plant A,Export,2026-06-01,2026-06-13,2026-06-08,2026-06-07,2026-06-13,25,Sea,No Delay
ORD-02619,Customer 28,Drive,Plant A,Export,2026-01-03,2026-01-28,2026-01-25,2026-01-23,2026-01-26,1447,Road,No Delay
ORD-02620,Customer 03,PLC,Plant B,South,2026-06-03,2026-06-21,2026-06-20,2026-06-20,2026-06-21,344,Road,No Delay
ORD-02621,Customer 03,Switchgear,Plant B,South,2026-01-11,2026-02-03,2026-01-31,2026-01-29,2026-02-01,1079,Sea,No Delay
ORD-02622,Customer 03,Relay,Plant B,Central,2026-03-31,2026-04-17,2026-04-15,2026-04-14,2026-04-16,1486,Road,No Delay
ORD-02623,Customer 03,Relay,Plant A,North,2026-06-16,2026-06-28,2026-06-27,2026-07-03,2026-07-04,1145,Air,Customer Change
ORD-02624,Customer 20,PLC,Plant A,North,2026-01-13,2026-02-07,2026-02-06,2026-02-04,2026-02-05,382,Air,No Delay
ORD-02625,Customer 05,PLC,Plant A,South,2026-04-02,2026-04-25,2026-04-20,2026-04-20,2026-04-24,1367,Air,No Delay
ORD-02626,Customer 23,Power Supply,Plant C,North,2026-06-03,2026-06-21,2026-06-16,2026-06-16,2026-06-20,1178,Air,No Delay
ORD-02627,Customer 25,Breaker,Plant A,Export,2026-05-21,2026-05-27,2026-05-24,2026-05-23,2026-05-25,22,Sea,No Delay
ORD-02628,Customer 26,Power Supply,Plant A,North,2026-02-01,2026-02-18,2026-02-15,2026-02-15,2026-02-18,1426,Sea,No Delay
ORD-02629,Customer 11,Sensor,Plant B,South,2026-05-08,2026-05-16,2026-05-13,2026-05-13,2026-05-16,71,Air,No Delay
ORD-02630,Customer 23,Switchgear,Plant B,South,2026-01-03,2026-01-26,2026-01-23,2026-01-23,2026-01-26,825,Air,No Delay
ORD-02631,Customer 09,Relay,Plant C,South,2026-06-02,2026-06-24,2026-06-22,2026-06-22,2026-06-25,170,Air,Documentation Issue
ORD-02632,Customer 06,Drive,Plant A,South,2026-02-06,2026-03-02,2026-03-01,2026-02-28,2026-03-01,940,Air,No Delay
ORD-02633,Customer 28,Sensor,Plant B,Central,2026-04-10,2026-05-04,2026-05-03,2026-05-02,2026-05-03,1084,Sea,No Delay
ORD-02634,Customer 26,Power Supply,Plant A,Export,2026-04-13,2026-04-21,2026-04-17,2026-04-24,2026-04-29,804,Road,Production Delay
ORD-02635,Customer 20,Relay,Plant B,Export,2026-01-31,2026-02-17,2026-02-13,2026-02-13,2026-02-19,1133,Sea,Carrier Delay
ORD-02636,Customer 27,Switchgear,Plant C,Export,2026-06-11,2026-06-29,2026-06-25,2026-06-23,2026-06-27,1410,Air,No Delay
ORD-02637,Customer 05,Drive,Plant A,South,2026-01-12,2026-01-22,2026-01-21,2026-01-20,2026-01-21,377,Road,No Delay
ORD-02638,Customer 24,Sensor,Plant C,Export,2026-03-29,2026-04-07,2026-04-04,2026-04-03,2026-04-05,138,Air,No Delay
ORD-02639,Customer 29,PLC,Plant B,Central,2026-02-16,2026-02-24,2026-02-21,2026-02-19,2026-02-27,189,Road,Customer Change
ORD-02640,Customer 27,PLC,Plant B,Central,2026-01-31,2026-02-21,2026-02-18,2026-02-17,2026-02-20,506,Road,No Delay
ORD-02641,Customer 08,Contactor,Plant B,North,2026-02-02,2026-02-10,2026-02-09,2026-02-07,2026-02-08,585,Road,No Delay
ORD-02642,Customer 16,Relay,Plant C,South,2026-05-18,2026-06-07,2026-06-02,2026-06-02,2026-06-07,102,Road,No Delay
ORD-02643,Customer 20,Contactor,Plant C,North,2026-01-25,2026-02-02,2026-01-29,2026-01-27,2026-01-30,1347,Road,No Delay
ORD-02644,Customer 15,Power Supply,Plant A,South,2026-01-11,2026-02-03,2026-01-30,2026-01-29,2026-02-02,750,Sea,No Delay
ORD-02645,Customer 23,Sensor,Plant C,Central,2026-05-02,2026-05-21,2026-05-18,2026-05-17,2026-05-20,410,Sea,No Delay
ORD-02646,Customer 07,Drive,Plant A,North,2026-05-07,2026-06-01,2026-05-30,2026-05-29,2026-05-31,964,Sea,No Delay
ORD-02647,Customer 12,PLC,Plant C,Central,2026-06-23,2026-07-15,2026-07-13,2026-07-12,2026-07-14,1056,Air,No Delay
ORD-02648,Customer 23,Breaker,Plant C,Central,2026-02-10,2026-02-15,2026-02-12,2026-02-11,2026-02-14,1116,Sea,No Delay
ORD-02649,Customer 05,Breaker,Plant C,Export,2026-05-07,2026-05-21,2026-05-18,2026-05-18,2026-05-20,651,Road,No Delay
ORD-02650,Customer 25,Relay,Plant B,Central,2026-01-19,2026-01-30,2026-01-26,2026-01-26,2026-01-29,205,Sea,No Delay
ORD-02651,Customer 09,PLC,Plant A,North,2026-06-17,2026-06-23,2026-06-19,2026-06-19,2026-06-23,41,Air,No Delay
ORD-02652,Customer 15,Sensor,Plant B,Central,2026-01-21,2026-02-03,2026-01-31,2026-01-31,2026-02-03,447,Road,No Delay
ORD-02653,Customer 08,Sensor,Plant C,Export,2026-06-02,2026-06-26,2026-06-22,2026-06-20,2026-06-24,347,Sea,No Delay
ORD-02654,Customer 10,PLC,Plant B,South,2026-04-21,2026-05-15,2026-05-11,2026-05-09,2026-05-13,1238,Sea,No Delay
ORD-02655,Customer 17,Contactor,Plant B,Export,2026-05-08,2026-05-24,2026-05-19,2026-05-19,2026-05-23,119,Sea,No Delay
ORD-02656,Customer 15,Power Supply,Plant A,Central,2026-02-03,2026-02-11,2026-02-08,2026-02-06,2026-02-10,1015,Air,No Delay
ORD-02657,Customer 20,Drive,Plant B,North,2026-05-30,2026-06-05,2026-06-03,2026-06-01,2026-06-03,909,Road,No Delay
ORD-02658,Customer 10,Switchgear,Plant B,Export,2026-03-16,2026-04-04,2026-04-02,2026-04-01,2026-04-03,533,Road,No Delay
ORD-02659,Customer 23,Relay,Plant A,Central,2026-04-28,2026-05-03,2026-05-01,2026-04-30,2026-05-07,256,Road,Documentation Issue
ORD-02660,Customer 06,Switchgear,Plant C,South,2026-06-25,2026-07-20,2026-07-15,2026-07-15,2026-07-21,911,Road,Capacity Constraint
ORD-02661,Customer 12,Power Supply,Plant C,Central,2026-04-20,2026-05-03,2026-05-01,2026-04-29,2026-05-01,1366,Road,No Delay
ORD-02662,Customer 07,Sensor,Plant C,South,2026-04-13,2026-04-30,2026-04-26,2026-04-25,2026-04-29,431,Air,No Delay
ORD-02663,Customer 22,Sensor,Plant B,South,2026-05-14,2026-05-27,2026-05-22,2026-05-22,2026-05-26,210,Road,No Delay
ORD-02664,Customer 03,Switchgear,Plant C,North,2026-03-08,2026-03-18,2026-03-17,2026-03-16,2026-03-17,638,Sea,No Delay
ORD-02665,Customer 24,Drive,Plant C,South,2026-02-27,2026-03-16,2026-03-13,2026-03-13,2026-03-15,750,Sea,No Delay
ORD-02666,Customer 16,PLC,Plant A,Central,2026-05-22,2026-06-16,2026-06-13,2026-06-12,2026-06-14,849,Road,No Delay
ORD-02667,Customer 17,Switchgear,Plant B,Export,2026-06-26,2026-07-13,2026-07-10,2026-07-08,2026-07-11,759,Sea,No Delay
ORD-02668,Customer 20,Contactor,Plant C,South,2026-02-23,2026-03-11,2026-03-06,2026-03-04,2026-03-08,460,Sea,No Delay
ORD-02669,Customer 07,PLC,Plant C,North,2026-01-07,2026-01-29,2026-01-24,2026-01-22,2026-01-27,1401,Air,No Delay
ORD-02670,Customer 20,Contactor,Plant B,South,2026-04-14,2026-04-22,2026-04-19,2026-04-17,2026-04-19,1086,Road,No Delay
ORD-02671,Customer 25,Contactor,Plant B,North,2026-03-20,2026-04-03,2026-04-01,2026-03-31,2026-04-02,188,Road,No Delay
ORD-02672,Customer 01,Sensor,Plant C,North,2026-05-15,2026-06-01,2026-05-31,2026-05-30,2026-05-31,711,Air,No Delay
ORD-02673,Customer 13,Switchgear,Plant A,North,2026-02-27,2026-03-20,2026-03-19,2026-03-19,2026-03-20,1206,Sea,No Delay
ORD-02674,Customer 08,Relay,Plant A,South,2026-04-11,2026-04-19,2026-04-18,2026-04-16,2026-04-17,1052,Air,No Delay
ORD-02675,Customer 22,Drive,Plant B,Export,2026-05-26,2026-06-18,2026-06-14,2026-06-19,2026-06-24,1275,Road,Material Shortage
ORD-02676,Customer 04,Switchgear,Plant C,Export,2026-02-10,2026-03-02,2026-02-26,2026-02-24,2026-02-28,431,Sea,No Delay
ORD-02677,Customer 18,Power Supply,Plant A,North,2026-02-16,2026-03-06,2026-03-05,2026-03-05,2026-03-07,1082,Air,Capacity Constraint
ORD-02678,Customer 27,Sensor,Plant A,Central,2026-06-22,2026-07-16,2026-07-12,2026-07-11,2026-07-15,851,Air,No Delay
ORD-02679,Customer 16,Power Supply,Plant B,Export,2026-03-11,2026-03-31,2026-03-30,2026-03-28,2026-03-29,550,Sea,No Delay
ORD-02680,Customer 19,Sensor,Plant B,North,2026-03-27,2026-04-17,2026-04-13,2026-04-12,2026-04-17,724,Air,No Delay
ORD-02681,Customer 05,Sensor,Plant A,South,2026-06-10,2026-06-22,2026-06-19,2026-06-18,2026-06-20,504,Air,No Delay
ORD-02682,Customer 29,PLC,Plant C,South,2026-05-07,2026-05-17,2026-05-12,2026-05-12,2026-05-18,691,Road,Carrier Delay
ORD-02683,Customer 07,PLC,Plant C,South,2026-03-02,2026-03-21,2026-03-18,2026-03-16,2026-03-23,835,Sea,Capacity Constraint
ORD-02684,Customer 17,Breaker,Plant C,South,2026-02-18,2026-02-28,2026-02-23,2026-02-22,2026-02-27,69,Air,No Delay
ORD-02685,Customer 06,Sensor,Plant A,South,2026-02-26,2026-03-17,2026-03-15,2026-03-14,2026-03-21,221,Road,Production Delay
ORD-02686,Customer 29,Sensor,Plant B,Export,2026-02-06,2026-02-24,2026-02-21,2026-02-21,2026-02-25,585,Sea,Production Delay
ORD-02687,Customer 28,Relay,Plant B,Central,2026-04-20,2026-05-03,2026-04-29,2026-04-29,2026-05-03,1178,Sea,No Delay
ORD-02688,Customer 27,Contactor,Plant A,North,2026-05-02,2026-05-15,2026-05-14,2026-05-12,2026-05-14,53,Road,No Delay
ORD-02689,Customer 10,Sensor,Plant C,Export,2026-06-10,2026-06-30,2026-06-26,2026-06-26,2026-07-01,984,Sea,Documentation Issue
ORD-02690,Customer 09,PLC,Plant B,Export,2026-06-12,2026-07-02,2026-06-30,2026-06-28,2026-06-30,1352,Air,No Delay
ORD-02691,Customer 25,Relay,Plant B,North,2026-03-11,2026-03-31,2026-03-26,2026-03-25,2026-03-30,390,Air,No Delay
ORD-02692,Customer 21,Contactor,Plant A,Central,2026-01-08,2026-01-25,2026-01-20,2026-01-19,2026-01-23,499,Sea,No Delay
ORD-02693,Customer 12,Sensor,Plant C,North,2026-04-13,2026-04-21,2026-04-19,2026-04-17,2026-04-19,1443,Sea,No Delay
ORD-02694,Customer 23,Breaker,Plant B,North,2026-02-23,2026-03-07,2026-03-03,2026-03-03,2026-03-06,101,Sea,No Delay
ORD-02695,Customer 02,Switchgear,Plant C,Central,2026-04-14,2026-05-09,2026-05-06,2026-05-04,2026-05-07,1111,Sea,No Delay
ORD-02696,Customer 17,Drive,Plant B,Central,2026-06-15,2026-06-29,2026-06-25,2026-06-24,2026-06-27,896,Air,No Delay
ORD-02697,Customer 02,Breaker,Plant A,North,2026-06-18,2026-07-02,2026-07-01,2026-06-30,2026-07-01,935,Sea,No Delay
ORD-02698,Customer 24,Drive,Plant C,South,2026-05-10,2026-05-22,2026-05-18,2026-05-17,2026-05-20,544,Air,No Delay
ORD-02699,Customer 06,Breaker,Plant B,South,2026-01-11,2026-02-02,2026-01-28,2026-01-27,2026-01-31,902,Road,No Delay
ORD-02700,Customer 27,Breaker,Plant A,Export,2026-03-29,2026-04-07,2026-04-03,2026-04-01,2026-04-05,790,Road,No Delay
ORD-02701,Customer 13,Drive,Plant B,North,2026-02-26,2026-03-03,2026-02-26,2026-02-24,2026-03-01,511,Road,No Delay
ORD-02702,Customer 22,Switchgear,Plant A,Central,2026-04-23,2026-05-17,2026-05-12,2026-05-11,2026-05-15,62,Road,No Delay
ORD-02703,Customer 05,PLC,Plant A,Central,2026-02-07,2026-03-04,2026-02-27,2026-02-25,2026-03-01,1443,Road,No Delay
ORD-02704,Customer 26,Breaker,Plant C,Central,2026-06-27,2026-07-14,2026-07-09,2026-07-07,2026-07-13,124,Air,No Delay
ORD-02705,Customer 16,Switchgear,Plant A,Central,2026-03-18,2026-04-08,2026-04-05,2026-04-03,2026-04-06,564,Sea,No Delay
ORD-02706,Customer 16,Relay,Plant C,Central,2026-03-26,2026-04-20,2026-04-17,2026-04-15,2026-04-17,1065,Road,No Delay
ORD-02707,Customer 12,Switchgear,Plant C,Export,2026-04-22,2026-05-05,2026-05-03,2026-05-01,2026-05-03,1091,Sea,No Delay
ORD-02708,Customer 17,Contactor,Plant C,Export,2026-06-19,2026-06-26,2026-06-23,2026-06-23,2026-06-26,1500,Sea,No Delay
ORD-02709,Customer 26,Drive,Plant A,South,2026-06-08,2026-06-23,2026-06-20,2026-06-20,2026-06-23,1059,Sea,No Delay
ORD-02710,Customer 21,Sensor,Plant B,Export,2026-03-14,2026-04-06,2026-04-05,2026-04-04,2026-04-06,1467,Air,No Delay
ORD-02711,Customer 20,PLC,Plant B,South,2026-01-11,2026-01-23,2026-01-20,2026-01-19,2026-01-22,1051,Sea,No Delay
ORD-02712,Customer 11,Sensor,Plant B,Export,2026-01-20,2026-01-26,2026-01-21,2026-01-19,2026-01-24,1295,Air,No Delay
ORD-02713,Customer 04,Relay,Plant A,Export,2026-05-07,2026-05-20,2026-05-17,2026-05-15,2026-05-18,313,Air,No Delay
ORD-02714,Customer 23,Sensor,Plant B,South,2026-05-31,2026-06-12,2026-06-08,2026-06-08,2026-06-11,1238,Air,No Delay
ORD-02715,Customer 28,Contactor,Plant B,Export,2026-05-21,2026-06-04,2026-05-30,2026-05-29,2026-06-03,281,Road,No Delay
ORD-02716,Customer 12,PLC,Plant B,North,2026-06-23,2026-07-16,2026-07-13,2026-07-13,2026-07-15,355,Air,No Delay
ORD-02717,Customer 05,Relay,Plant B,Central,2026-04-21,2026-05-10,2026-05-07,2026-05-05,2026-05-08,1401,Air,No Delay
ORD-02718,Customer 07,Sensor,Plant A,Export,2026-04-12,2026-04-28,2026-04-26,2026-04-25,2026-04-26,1314,Road,No Delay
ORD-02719,Customer 20,Drive,Plant B,Export,2026-01-15,2026-01-30,2026-01-27,2026-01-26,2026-01-29,393,Road,No Delay
ORD-02720,Customer 02,Drive,Plant A,South,2026-04-19,2026-05-11,2026-05-09,2026-05-09,2026-05-11,1198,Road,No Delay
ORD-02721,Customer 03,Drive,Plant B,Export,2026-01-08,2026-01-29,2026-01-25,2026-01-23,2026-01-27,1155,Air,No Delay
ORD-02722,Customer 29,Breaker,Plant C,Central,2026-02-10,2026-02-17,2026-02-12,2026-02-10,2026-02-15,150,Sea,No Delay
ORD-02723,Customer 02,Drive,Plant B,Central,2026-06-24,2026-07-12,2026-07-11,2026-07-11,2026-07-12,1233,Road,No Delay
ORD-02724,Customer 02,Breaker,Plant C,Central,2026-01-24,2026-02-01,2026-01-29,2026-01-27,2026-01-30,1414,Sea,No Delay
ORD-02725,Customer 22,PLC,Plant C,Export,2026-03-02,2026-03-13,2026-03-08,2026-03-07,2026-03-12,1072,Road,No Delay
ORD-02726,Customer 15,Contactor,Plant B,Export,2026-06-17,2026-06-24,2026-06-19,2026-06-17,2026-06-22,895,Air,No Delay
ORD-02727,Customer 03,Relay,Plant B,Central,2026-03-05,2026-03-18,2026-03-16,2026-03-16,2026-03-18,838,Air,No Delay
ORD-02728,Customer 09,Switchgear,Plant C,Central,2026-03-16,2026-04-05,2026-04-02,2026-04-01,2026-04-04,1411,Road,No Delay
ORD-02729,Customer 23,Switchgear,Plant B,South,2026-05-07,2026-05-31,2026-05-27,2026-05-26,2026-05-31,568,Sea,No Delay
ORD-02730,Customer 09,Power Supply,Plant C,Central,2026-05-26,2026-06-05,2026-06-02,2026-06-01,2026-06-04,1175,Sea,No Delay
ORD-02731,Customer 21,Relay,Plant A,South,2026-06-30,2026-07-15,2026-07-13,2026-07-12,2026-07-14,30,Road,No Delay
ORD-02732,Customer 19,Power Supply,Plant B,Export,2026-06-10,2026-06-27,2026-06-22,2026-06-22,2026-06-27,1377,Sea,No Delay
ORD-02733,Customer 21,Relay,Plant B,Export,2026-01-17,2026-01-25,2026-01-20,2026-01-18,2026-01-23,1157,Air,No Delay
ORD-02734,Customer 25,Sensor,Plant A,Export,2026-02-05,2026-02-15,2026-02-14,2026-02-12,2026-02-13,1393,Sea,No Delay
ORD-02735,Customer 02,Sensor,Plant B,South,2026-01-17,2026-01-28,2026-01-23,2026-01-22,2026-01-27,1206,Air,No Delay
ORD-02736,Customer 18,Breaker,Plant A,South,2026-06-25,2026-07-10,2026-07-06,2026-07-06,2026-07-10,700,Road,No Delay
ORD-02737,Customer 14,PLC,Plant A,Export,2026-02-03,2026-02-20,2026-02-16,2026-02-15,2026-02-20,84,Air,No Delay
ORD-02738,Customer 06,Breaker,Plant A,South,2026-04-16,2026-04-24,2026-04-21,2026-04-20,2026-04-23,319,Road,No Delay
ORD-02739,Customer 08,Drive,Plant A,North,2026-06-25,2026-07-16,2026-07-12,2026-07-11,2026-07-15,1180,Sea,No Delay
ORD-02740,Customer 29,Drive,Plant A,North,2026-03-30,2026-04-04,2026-04-01,2026-04-01,2026-04-04,1291,Air,No Delay
ORD-02741,Customer 07,Relay,Plant B,North,2026-02-18,2026-02-28,2026-02-26,2026-02-26,2026-02-28,581,Road,No Delay
ORD-02742,Customer 03,Switchgear,Plant A,North,2026-02-23,2026-03-06,2026-03-01,2026-02-28,2026-03-06,754,Road,No Delay
ORD-02743,Customer 25,Power Supply,Plant B,North,2026-02-02,2026-02-26,2026-02-25,2026-02-24,2026-02-25,693,Road,No Delay
ORD-02744,Customer 26,Sensor,Plant A,South,2026-05-02,2026-05-07,2026-05-05,2026-05-05,2026-05-06,1041,Road,No Delay
ORD-02745,Customer 14,Contactor,Plant A,Central,2026-01-12,2026-01-26,2026-01-25,2026-01-24,2026-01-25,296,Road,No Delay
ORD-02746,Customer 15,PLC,Plant A,North,2026-04-13,2026-05-05,2026-04-30,2026-04-29,2026-05-04,590,Road,No Delay
ORD-02747,Customer 14,Drive,Plant B,North,2026-01-22,2026-02-15,2026-02-13,2026-02-11,2026-02-13,369,Road,No Delay
ORD-02748,Customer 25,Relay,Plant B,Export,2026-02-21,2026-03-10,2026-03-09,2026-03-08,2026-03-10,677,Air,No Delay
ORD-02749,Customer 29,Switchgear,Plant C,North,2026-03-28,2026-04-06,2026-04-02,2026-03-31,2026-04-04,304,Air,No Delay
ORD-02750,Customer 14,Breaker,Plant B,Export,2026-03-22,2026-03-30,2026-03-29,2026-03-28,2026-03-30,165,Road,No Delay
ORD-02751,Customer 06,PLC,Plant B,Central,2026-02-15,2026-02-22,2026-02-17,2026-02-16,2026-02-22,1186,Road,No Delay
ORD-02752,Customer 19,Drive,Plant A,Export,2026-06-28,2026-07-10,2026-07-09,2026-07-08,2026-07-10,687,Air,No Delay
ORD-02753,Customer 05,Sensor,Plant A,Export,2026-01-15,2026-02-03,2026-01-29,2026-01-27,2026-02-02,1409,Air,No Delay
ORD-02754,Customer 05,Breaker,Plant B,North,2026-04-16,2026-05-07,2026-05-04,2026-05-04,2026-05-06,1346,Road,No Delay
ORD-02755,Customer 07,Sensor,Plant B,South,2026-03-24,2026-04-07,2026-04-02,2026-04-01,2026-04-05,1491,Road,No Delay
ORD-02756,Customer 12,Sensor,Plant A,Export,2026-02-27,2026-03-17,2026-03-15,2026-03-13,2026-03-15,1444,Road,No Delay
ORD-02757,Customer 30,Switchgear,Plant A,Central,2026-01-01,2026-01-24,2026-01-19,2026-01-17,2026-01-22,206,Air,No Delay
ORD-02758,Customer 29,PLC,Plant A,Export,2026-01-03,2026-01-16,2026-01-12,2026-01-10,2026-01-15,199,Air,No Delay
ORD-02759,Customer 12,Breaker,Plant B,North,2026-06-14,2026-07-06,2026-07-03,2026-07-01,2026-07-04,1020,Sea,No Delay
ORD-02760,Customer 24,Drive,Plant C,North,2026-03-02,2026-03-25,2026-03-23,2026-03-23,2026-03-24,785,Sea,No Delay
ORD-02761,Customer 29,Power Supply,Plant B,Export,2026-05-21,2026-06-01,2026-05-30,2026-05-28,2026-05-31,67,Sea,No Delay
ORD-02762,Customer 24,Drive,Plant C,Central,2026-06-04,2026-06-17,2026-06-14,2026-06-13,2026-06-16,764,Air,No Delay
ORD-02763,Customer 01,Switchgear,Plant C,South,2026-01-06,2026-01-26,2026-01-22,2026-01-20,2026-01-24,881,Road,No Delay
ORD-02764,Customer 05,Power Supply,Plant C,North,2026-06-17,2026-06-27,2026-06-23,2026-06-23,2026-06-27,258,Sea,No Delay
ORD-02765,Customer 19,Contactor,Plant C,South,2026-04-22,2026-05-13,2026-05-12,2026-05-10,2026-05-11,1180,Road,No Delay
ORD-02766,Customer 22,Relay,Plant C,North,2026-05-23,2026-05-30,2026-05-26,2026-05-24,2026-05-28,715,Sea,No Delay
ORD-02767,Customer 22,Switchgear,Plant A,Export,2026-06-20,2026-07-11,2026-07-07,2026-07-06,2026-07-09,1047,Road,No Delay
ORD-02768,Customer 16,Switchgear,Plant A,South,2026-01-26,2026-02-03,2026-01-29,2026-01-29,2026-02-03,1227,Air,No Delay
ORD-02769,Customer 07,Drive,Plant B,Central,2026-04-10,2026-05-03,2026-05-02,2026-05-05,2026-05-06,1175,Sea,Material Shortage
ORD-02770,Customer 16,Drive,Plant A,Export,2026-06-19,2026-07-08,2026-07-05,2026-07-05,2026-07-08,966,Sea,No Delay
ORD-02771,Customer 05,Contactor,Plant B,Export,2026-03-10,2026-03-31,2026-03-27,2026-03-25,2026-03-30,546,Sea,No Delay
ORD-02772,Customer 22,Drive,Plant C,South,2026-04-26,2026-05-10,2026-05-06,2026-05-04,2026-05-09,452,Sea,No Delay
ORD-02773,Customer 05,Breaker,Plant A,Central,2026-03-02,2026-03-18,2026-03-14,2026-03-14,2026-03-17,136,Sea,No Delay
ORD-02774,Customer 04,Contactor,Plant C,Export,2026-04-08,2026-04-21,2026-04-17,2026-04-15,2026-04-19,1208,Sea,No Delay
ORD-02775,Customer 18,Switchgear,Plant C,Central,2026-02-18,2026-03-01,2026-02-26,2026-02-24,2026-02-26,91,Air,No Delay
ORD-02776,Customer 11,Drive,Plant A,Export,2026-06-14,2026-07-01,2026-06-26,2026-06-26,2026-07-01,1422,Road,No Delay
ORD-02777,Customer 04,Contactor,Plant A,Central,2026-01-14,2026-01-23,2026-01-18,2026-01-18,2026-01-23,835,Sea,No Delay
ORD-02778,Customer 06,Relay,Plant A,Central,2026-06-20,2026-07-13,2026-07-11,2026-07-10,2026-07-12,179,Air,No Delay
ORD-02779,Customer 22,Switchgear,Plant B,North,2026-06-15,2026-07-04,2026-06-29,2026-06-27,2026-07-03,657,Air,No Delay
ORD-02780,Customer 03,Relay,Plant C,South,2026-05-04,2026-05-24,2026-05-20,2026-05-20,2026-05-24,443,Air,No Delay
ORD-02781,Customer 16,Drive,Plant A,Central,2026-06-14,2026-06-29,2026-06-27,2026-06-27,2026-06-28,950,Road,No Delay
ORD-02782,Customer 28,Drive,Plant B,South,2026-01-13,2026-02-06,2026-02-03,2026-02-03,2026-02-06,865,Road,No Delay
ORD-02783,Customer 27,Switchgear,Plant A,South,2026-06-06,2026-06-19,2026-06-17,2026-06-15,2026-06-18,674,Road,No Delay
ORD-02784,Customer 02,Contactor,Plant A,South,2026-04-13,2026-05-06,2026-05-03,2026-05-03,2026-05-06,308,Air,No Delay
ORD-02785,Customer 30,Breaker,Plant A,North,2026-06-01,2026-06-21,2026-06-18,2026-06-17,2026-06-21,1044,Sea,No Delay
ORD-02786,Customer 25,PLC,Plant B,Export,2026-06-13,2026-07-07,2026-07-03,2026-07-03,2026-07-07,667,Road,No Delay
ORD-02787,Customer 16,Breaker,Plant A,South,2026-05-16,2026-05-30,2026-05-25,2026-05-23,2026-05-27,948,Air,No Delay
ORD-02788,Customer 10,Drive,Plant B,South,2026-04-12,2026-04-18,2026-04-17,2026-04-16,2026-04-17,862,Road,No Delay
ORD-02789,Customer 23,Relay,Plant A,Central,2026-01-01,2026-01-11,2026-01-10,2026-01-09,2026-01-10,1176,Air,No Delay
ORD-02790,Customer 13,Breaker,Plant C,South,2026-01-02,2026-01-22,2026-01-21,2026-01-19,2026-01-20,540,Air,No Delay
ORD-02791,Customer 25,Drive,Plant A,Export,2026-06-25,2026-07-01,2026-06-30,2026-06-28,2026-06-29,398,Air,No Delay
ORD-02792,Customer 10,Contactor,Plant B,South,2026-02-04,2026-02-11,2026-02-08,2026-02-08,2026-02-13,827,Road,Production Delay
ORD-02793,Customer 03,Drive,Plant B,North,2026-04-09,2026-04-30,2026-04-29,2026-04-28,2026-04-29,402,Road,No Delay
ORD-02794,Customer 20,Contactor,Plant B,Export,2026-06-22,2026-07-03,2026-06-29,2026-06-29,2026-07-03,1436,Air,No Delay
ORD-02795,Customer 19,Breaker,Plant C,South,2026-05-22,2026-05-30,2026-05-26,2026-05-24,2026-05-28,373,Sea,No Delay
ORD-02796,Customer 06,Sensor,Plant C,North,2026-03-19,2026-04-11,2026-04-09,2026-04-09,2026-04-10,604,Road,No Delay
ORD-02797,Customer 19,PLC,Plant C,North,2026-03-14,2026-03-19,2026-03-18,2026-03-18,2026-03-19,592,Road,No Delay
ORD-02798,Customer 10,Breaker,Plant A,North,2026-04-16,2026-05-01,2026-04-29,2026-04-27,2026-04-28,1278,Sea,No Delay
ORD-02799,Customer 10,Contactor,Plant C,Central,2026-06-15,2026-06-29,2026-06-26,2026-06-26,2026-06-29,958,Road,No Delay
ORD-02800,Customer 30,Power Supply,Plant B,South,2026-06-03,2026-06-11,2026-06-09,2026-06-08,2026-06-11,1431,Sea,No Delay
ORD-02801,Customer 29,Contactor,Plant A,Central,2026-05-28,2026-06-05,2026-06-02,2026-05-31,2026-06-04,136,Sea,No Delay
ORD-02802,Customer 18,Sensor,Plant C,North,2026-03-22,2026-03-31,2026-03-29,2026-03-28,2026-03-30,1499,Road,No Delay
ORD-02803,Customer 25,Relay,Plant A,Central,2026-02-07,2026-02-20,2026-02-16,2026-02-15,2026-02-18,651,Road,No Delay
ORD-02804,Customer 01,Sensor,Plant A,Central,2026-03-06,2026-03-16,2026-03-14,2026-03-13,2026-03-15,1344,Sea,No Delay
ORD-02805,Customer 10,Breaker,Plant C,Export,2026-06-19,2026-07-12,2026-07-07,2026-07-07,2026-07-12,1006,Road,No Delay
ORD-02806,Customer 27,PLC,Plant C,North,2026-01-20,2026-01-26,2026-01-22,2026-01-20,2026-01-23,768,Road,No Delay
ORD-02807,Customer 12,Sensor,Plant A,Export,2026-01-05,2026-01-29,2026-01-25,2026-01-28,2026-02-01,719,Air,Production Delay
ORD-02808,Customer 14,PLC,Plant C,South,2026-01-17,2026-02-04,2026-01-30,2026-01-28,2026-02-02,1442,Road,No Delay
ORD-02809,Customer 22,Relay,Plant B,Export,2026-02-26,2026-03-20,2026-03-19,2026-03-17,2026-03-18,1066,Road,No Delay
ORD-02810,Customer 08,Contactor,Plant C,South,2026-05-03,2026-05-09,2026-05-06,2026-05-04,2026-05-07,1195,Road,No Delay
ORD-02811,Customer 11,PLC,Plant B,Export,2026-01-19,2026-01-26,2026-01-22,2026-01-22,2026-01-25,1484,Road,No Delay
ORD-02812,Customer 18,Sensor,Plant C,South,2026-03-30,2026-04-04,2026-03-31,2026-04-01,2026-04-05,1358,Sea,Customer Change
ORD-02813,Customer 23,Power Supply,Plant A,North,2026-06-06,2026-06-30,2026-06-26,2026-06-25,2026-06-29,496,Sea,No Delay
ORD-02814,Customer 09,Relay,Plant A,South,2026-01-03,2026-01-18,2026-01-13,2026-01-13,2026-01-19,1203,Air,Carrier Delay
ORD-02815,Customer 12,Sensor,Plant A,Export,2026-03-28,2026-04-05,2026-04-03,2026-04-01,2026-04-03,436,Sea,No Delay
ORD-02816,Customer 16,Sensor,Plant B,North,2026-06-26,2026-07-12,2026-07-11,2026-07-11,2026-07-12,1387,Road,No Delay
ORD-02817,Customer 09,Contactor,Plant B,Central,2026-04-20,2026-05-02,2026-04-28,2026-04-28,2026-05-02,1027,Road,No Delay
ORD-02818,Customer 28,Breaker,Plant C,Central,2026-02-06,2026-02-18,2026-02-15,2026-02-15,2026-02-19,1399,Road,Documentation Issue
ORD-02819,Customer 26,PLC,Plant B,South,2026-02-25,2026-03-22,2026-03-17,2026-03-17,2026-03-22,1391,Air,No Delay
ORD-02820,Customer 11,Power Supply,Plant A,Export,2026-06-24,2026-07-09,2026-07-07,2026-07-05,2026-07-07,455,Road,No Delay
ORD-02821,Customer 18,Power Supply,Plant A,Central,2026-01-23,2026-02-06,2026-02-01,2026-01-30,2026-02-03,120,Air,No Delay
ORD-02822,Customer 18,Contactor,Plant C,North,2026-03-27,2026-04-19,2026-04-16,2026-04-14,2026-04-17,508,Sea,No Delay
ORD-02823,Customer 05,Contactor,Plant C,Central,2026-04-17,2026-05-01,2026-04-26,2026-04-26,2026-04-30,633,Road,No Delay
ORD-02824,Customer 14,Contactor,Plant B,Export,2026-06-30,2026-07-13,2026-07-12,2026-07-11,2026-07-12,1101,Air,No Delay
ORD-02825,Customer 16,Breaker,Plant A,Central,2026-06-14,2026-07-09,2026-07-07,2026-07-05,2026-07-08,52,Air,No Delay
ORD-02826,Customer 05,Contactor,Plant A,Export,2026-02-18,2026-03-15,2026-03-12,2026-03-11,2026-03-14,749,Road,No Delay
ORD-02827,Customer 04,PLC,Plant A,Central,2026-01-12,2026-01-17,2026-01-14,2026-01-12,2026-01-14,698,Air,No Delay
ORD-02828,Customer 05,PLC,Plant C,South,2026-03-27,2026-04-15,2026-04-10,2026-04-08,2026-04-13,876,Sea,No Delay
ORD-02829,Customer 27,Switchgear,Plant B,Export,2026-04-29,2026-05-08,2026-05-07,2026-05-05,2026-05-07,985,Sea,No Delay
ORD-02830,Customer 07,Contactor,Plant C,Central,2026-04-23,2026-05-09,2026-05-08,2026-05-07,2026-05-08,1268,Air,No Delay
ORD-02831,Customer 12,Contactor,Plant C,South,2026-06-14,2026-07-09,2026-07-07,2026-07-07,2026-07-09,663,Air,No Delay
ORD-02832,Customer 18,Breaker,Plant B,Export,2026-05-09,2026-05-27,2026-05-22,2026-05-20,2026-05-25,648,Sea,No Delay
ORD-02833,Customer 17,Drive,Plant C,Central,2026-06-23,2026-06-29,2026-06-27,2026-06-25,2026-06-27,1174,Road,No Delay
ORD-02834,Customer 09,Sensor,Plant C,Central,2026-05-19,2026-06-13,2026-06-10,2026-06-09,2026-06-11,492,Sea,No Delay
ORD-02835,Customer 08,Drive,Plant B,Export,2026-02-16,2026-03-07,2026-03-06,2026-03-05,2026-03-06,27,Road,No Delay
ORD-02836,Customer 06,Breaker,Plant C,South,2026-01-14,2026-02-02,2026-02-01,2026-01-30,2026-02-01,745,Sea,No Delay
ORD-02837,Customer 25,Breaker,Plant B,Export,2026-06-16,2026-07-02,2026-06-29,2026-06-29,2026-07-02,943,Air,No Delay
ORD-02838,Customer 26,Contactor,Plant A,North,2026-06-28,2026-07-19,2026-07-14,2026-07-14,2026-07-19,942,Road,No Delay
ORD-02839,Customer 03,Contactor,Plant A,South,2026-06-23,2026-06-28,2026-06-25,2026-06-25,2026-06-28,834,Road,No Delay
ORD-02840,Customer 29,Breaker,Plant C,South,2026-06-26,2026-07-15,2026-07-12,2026-07-12,2026-07-15,1140,Air,No Delay
ORD-02841,Customer 05,Sensor,Plant B,Export,2026-04-15,2026-05-05,2026-05-04,2026-05-03,2026-05-04,131,Sea,No Delay
ORD-02842,Customer 17,Switchgear,Plant B,North,2026-03-08,2026-03-31,2026-03-26,2026-03-24,2026-03-28,482,Road,No Delay
ORD-02843,Customer 25,Breaker,Plant B,Central,2026-02-10,2026-02-25,2026-02-21,2026-02-21,2026-02-25,285,Air,No Delay
ORD-02844,Customer 26,Breaker,Plant A,North,2026-04-07,2026-04-25,2026-04-20,2026-04-20,2026-04-25,544,Road,No Delay
ORD-02845,Customer 19,Relay,Plant B,Export,2026-05-12,2026-05-20,2026-05-16,2026-05-16,2026-05-20,55,Air,No Delay
ORD-02846,Customer 14,Sensor,Plant A,Central,2026-05-16,2026-05-24,2026-05-23,2026-05-23,2026-05-24,516,Road,No Delay
ORD-02847,Customer 20,Contactor,Plant B,North,2026-03-09,2026-03-25,2026-03-21,2026-03-19,2026-03-23,54,Road,No Delay
ORD-02848,Customer 26,Switchgear,Plant B,North,2026-03-11,2026-03-23,2026-03-19,2026-03-19,2026-03-23,1420,Air,No Delay
ORD-02849,Customer 27,Drive,Plant B,North,2026-02-23,2026-03-12,2026-03-10,2026-03-10,2026-03-12,1314,Road,No Delay
ORD-02850,Customer 08,Power Supply,Plant C,Central,2026-01-30,2026-02-22,2026-02-21,2026-02-19,2026-02-20,118,Road,No Delay
ORD-02851,Customer 28,Power Supply,Plant B,Central,2026-04-03,2026-04-12,2026-04-10,2026-04-10,2026-04-12,758,Road,No Delay
ORD-02852,Customer 04,Drive,Plant C,South,2026-05-24,2026-06-06,2026-06-04,2026-06-03,2026-06-04,563,Sea,No Delay
ORD-02853,Customer 25,Drive,Plant C,Central,2026-02-06,2026-02-24,2026-02-23,2026-02-22,2026-02-23,832,Sea,No Delay
ORD-02854,Customer 19,Sensor,Plant A,Central,2026-02-02,2026-02-27,2026-02-22,2026-02-22,2026-02-27,402,Road,No Delay
ORD-02855,Customer 07,Drive,Plant C,Central,2026-02-19,2026-03-07,2026-03-02,2026-02-28,2026-03-06,1050,Sea,No Delay
ORD-02856,Customer 23,Contactor,Plant C,Export,2026-01-08,2026-01-23,2026-01-22,2026-01-21,2026-01-22,443,Air,No Delay
ORD-02857,Customer 09,Sensor,Plant B,Export,2026-03-08,2026-03-22,2026-03-20,2026-03-19,2026-03-21,551,Sea,No Delay
ORD-02858,Customer 28,Relay,Plant B,South,2026-03-04,2026-03-10,2026-03-07,2026-03-05,2026-03-15,1128,Air,Capacity Constraint
ORD-02859,Customer 26,Drive,Plant C,South,2026-02-02,2026-02-21,2026-02-18,2026-02-16,2026-02-19,1347,Air,No Delay
ORD-02860,Customer 28,Drive,Plant B,South,2026-01-06,2026-01-29,2026-01-28,2026-01-26,2026-01-27,415,Sea,No Delay
ORD-02861,Customer 24,Sensor,Plant B,North,2026-04-22,2026-04-28,2026-04-27,2026-04-25,2026-04-26,911,Sea,No Delay
ORD-02862,Customer 22,Power Supply,Plant A,Central,2026-02-06,2026-02-23,2026-02-21,2026-02-19,2026-02-21,279,Air,No Delay
ORD-02863,Customer 20,Sensor,Plant B,Central,2026-01-16,2026-02-10,2026-02-08,2026-02-08,2026-02-10,951,Sea,No Delay
ORD-02864,Customer 16,Sensor,Plant C,Export,2026-05-27,2026-06-12,2026-06-10,2026-06-08,2026-06-09,1496,Air,No Delay
ORD-02865,Customer 29,Contactor,Plant A,Export,2026-03-28,2026-04-11,2026-04-06,2026-04-05,2026-04-10,1495,Road,No Delay
ORD-02866,Customer 17,PLC,Plant A,Central,2026-01-28,2026-02-17,2026-02-14,2026-02-14,2026-02-17,1408,Air,No Delay
ORD-02867,Customer 04,Switchgear,Plant B,South,2026-01-07,2026-01-17,2026-01-15,2026-01-13,2026-01-15,1465,Road,No Delay
ORD-02868,Customer 06,Power Supply,Plant A,North,2026-06-20,2026-07-03,2026-07-02,2026-07-01,2026-07-02,261,Road,No Delay
ORD-02869,Customer 21,Sensor,Plant C,South,2026-03-31,2026-04-05,2026-04-03,2026-04-01,2026-04-02,1213,Air,No Delay
ORD-02870,Customer 06,PLC,Plant C,Central,2026-02-13,2026-03-06,2026-03-04,2026-03-03,2026-03-05,661,Sea,No Delay
ORD-02871,Customer 17,PLC,Plant C,Export,2026-03-09,2026-03-20,2026-03-18,2026-03-17,2026-03-19,1194,Road,No Delay
ORD-02872,Customer 25,Relay,Plant A,South,2026-01-21,2026-02-06,2026-02-05,2026-02-03,2026-02-04,406,Sea,No Delay
ORD-02873,Customer 16,Contactor,Plant B,South,2026-06-10,2026-06-23,2026-06-18,2026-06-18,2026-06-23,985,Road,No Delay
ORD-02874,Customer 08,Breaker,Plant C,South,2026-01-29,2026-02-03,2026-01-31,2026-01-31,2026-02-02,115,Air,No Delay
ORD-02875,Customer 07,Sensor,Plant A,South,2026-06-09,2026-06-20,2026-06-18,2026-06-16,2026-06-18,1069,Air,No Delay
ORD-02876,Customer 18,Breaker,Plant A,North,2026-01-14,2026-01-24,2026-01-20,2026-01-19,2026-01-24,976,Road,No Delay
ORD-02877,Customer 04,Sensor,Plant B,Central,2026-02-14,2026-02-19,2026-02-14,2026-02-13,2026-02-18,512,Sea,No Delay
ORD-02878,Customer 27,Drive,Plant C,Export,2026-06-14,2026-06-29,2026-06-24,2026-06-22,2026-06-27,728,Road,No Delay
ORD-02879,Customer 27,Breaker,Plant B,North,2026-04-28,2026-05-14,2026-05-10,2026-05-08,2026-05-12,1249,Air,No Delay
ORD-02880,Customer 30,Breaker,Plant A,Export,2026-01-18,2026-02-06,2026-02-03,2026-02-03,2026-02-05,1061,Sea,No Delay
ORD-02881,Customer 18,Drive,Plant A,South,2026-05-20,2026-06-07,2026-06-03,2026-06-03,2026-06-07,1187,Road,No Delay
ORD-02882,Customer 20,Sensor,Plant C,Export,2026-03-19,2026-04-03,2026-04-02,2026-04-01,2026-04-02,272,Air,No Delay
ORD-02883,Customer 05,Breaker,Plant B,Central,2026-02-15,2026-03-08,2026-03-04,2026-03-02,2026-03-06,1343,Sea,No Delay
ORD-02884,Customer 16,Power Supply,Plant B,Central,2026-03-11,2026-03-26,2026-03-25,2026-03-25,2026-03-26,615,Sea,No Delay
ORD-02885,Customer 02,Switchgear,Plant C,Export,2026-02-21,2026-03-16,2026-03-13,2026-03-13,2026-03-16,1164,Sea,No Delay
ORD-02886,Customer 21,Power Supply,Plant B,Central,2026-06-28,2026-07-14,2026-07-09,2026-07-08,2026-07-12,888,Air,No Delay
ORD-02887,Customer 07,Switchgear,Plant B,North,2026-01-24,2026-02-14,2026-02-10,2026-02-10,2026-02-15,158,Road,Carrier Delay
ORD-02888,Customer 22,Relay,Plant B,Central,2026-03-13,2026-04-05,2026-04-03,2026-04-01,2026-04-03,908,Sea,No Delay
ORD-02889,Customer 12,Contactor,Plant C,Export,2026-01-04,2026-01-17,2026-01-13,2026-01-11,2026-01-16,774,Air,No Delay
ORD-02890,Customer 25,PLC,Plant C,Central,2026-05-29,2026-06-08,2026-06-04,2026-06-04,2026-06-07,971,Road,No Delay
ORD-02891,Customer 05,PLC,Plant A,North,2026-03-29,2026-04-18,2026-04-17,2026-04-16,2026-04-17,1141,Air,No Delay
ORD-02892,Customer 23,Sensor,Plant A,South,2026-04-28,2026-05-19,2026-05-14,2026-05-14,2026-05-19,805,Air,No Delay
ORD-02893,Customer 26,PLC,Plant B,North,2026-01-06,2026-01-11,2026-01-06,2026-01-06,2026-01-11,1439,Road,No Delay
ORD-02894,Customer 05,Drive,Plant B,South,2026-01-08,2026-01-19,2026-01-16,2026-01-14,2026-01-17,1272,Sea,No Delay
ORD-02895,Customer 01,Switchgear,Plant B,Export,2026-06-04,2026-06-23,2026-06-19,2026-06-17,2026-06-20,213,Air,No Delay
ORD-02896,Customer 28,Switchgear,Plant B,South,2026-03-03,2026-03-15,2026-03-11,2026-03-09,2026-03-14,413,Air,No Delay
ORD-02897,Customer 23,Switchgear,Plant B,Central,2026-05-24,2026-06-12,2026-06-11,2026-06-11,2026-06-12,172,Air,No Delay
ORD-02898,Customer 27,Power Supply,Plant B,North,2026-05-03,2026-05-23,2026-05-20,2026-05-20,2026-05-23,1082,Road,No Delay
ORD-02899,Customer 29,PLC,Plant C,North,2026-03-16,2026-04-07,2026-04-03,2026-04-02,2026-04-06,523,Road,No Delay
ORD-02900,Customer 06,Contactor,Plant C,Central,2026-06-04,2026-06-25,2026-06-20,2026-06-19,2026-06-24,289,Road,No Delay
ORD-02901,Customer 26,Breaker,Plant A,Export,2026-02-26,2026-03-21,2026-03-16,2026-03-16,2026-03-20,1440,Road,No Delay
ORD-02902,Customer 30,Switchgear,Plant A,South,2026-02-24,2026-03-05,2026-03-04,2026-03-03,2026-03-04,1375,Air,No Delay
ORD-02903,Customer 27,PLC,Plant C,North,2026-01-29,2026-02-17,2026-02-13,2026-02-12,2026-02-16,212,Air,No Delay
ORD-02904,Customer 13,Drive,Plant B,Export,2026-06-25,2026-07-09,2026-07-06,2026-07-05,2026-07-08,798,Air,No Delay
ORD-02905,Customer 24,Drive,Plant C,Central,2026-03-06,2026-03-26,2026-03-22,2026-03-21,2026-03-24,1210,Air,No Delay
ORD-02906,Customer 19,Switchgear,Plant C,Central,2026-03-21,2026-04-05,2026-04-02,2026-03-31,2026-04-03,1225,Sea,No Delay
ORD-02907,Customer 14,Contactor,Plant C,South,2026-05-09,2026-05-29,2026-05-27,2026-05-26,2026-05-28,1427,Road,No Delay
ORD-02908,Customer 14,Sensor,Plant A,North,2026-04-17,2026-05-11,2026-05-09,2026-05-09,2026-05-11,788,Air,No Delay
ORD-02909,Customer 06,Contactor,Plant B,Central,2026-02-05,2026-02-19,2026-02-15,2026-02-14,2026-02-19,123,Road,No Delay
ORD-02910,Customer 30,Contactor,Plant C,South,2026-01-23,2026-02-14,2026-02-12,2026-02-16,2026-02-17,1379,Road,Material Shortage
ORD-02911,Customer 12,Relay,Plant C,South,2026-04-13,2026-04-29,2026-04-26,2026-04-25,2026-04-29,738,Road,No Delay
ORD-02912,Customer 30,Sensor,Plant B,Export,2026-05-26,2026-06-12,2026-06-11,2026-06-10,2026-06-11,1458,Sea,No Delay
ORD-02913,Customer 22,PLC,Plant B,South,2026-02-24,2026-03-11,2026-03-10,2026-03-10,2026-03-12,823,Air,Material Shortage
ORD-02914,Customer 09,Contactor,Plant B,Central,2026-06-08,2026-06-26,2026-06-24,2026-06-22,2026-06-25,679,Sea,No Delay
ORD-02915,Customer 28,Power Supply,Plant C,South,2026-04-10,2026-04-16,2026-04-15,2026-04-15,2026-04-16,1308,Air,No Delay
ORD-02916,Customer 28,Drive,Plant A,Export,2026-04-18,2026-04-28,2026-04-23,2026-04-23,2026-04-28,1218,Air,No Delay
ORD-02917,Customer 01,Relay,Plant C,Export,2026-02-18,2026-03-08,2026-03-04,2026-03-04,2026-03-07,167,Sea,No Delay
ORD-02918,Customer 22,Switchgear,Plant A,North,2026-01-15,2026-02-08,2026-02-05,2026-02-05,2026-02-07,273,Road,No Delay
ORD-02919,Customer 13,Relay,Plant B,South,2026-04-04,2026-04-29,2026-04-28,2026-04-28,2026-04-29,864,Sea,No Delay
ORD-02920,Customer 26,PLC,Plant C,Central,2026-02-16,2026-02-25,2026-02-24,2026-02-23,2026-02-24,1398,Air,No Delay
ORD-02921,Customer 08,Contactor,Plant B,North,2026-01-10,2026-01-31,2026-01-29,2026-01-29,2026-01-31,491,Road,No Delay
ORD-02922,Customer 29,Relay,Plant A,Central,2026-06-14,2026-07-04,2026-07-01,2026-07-01,2026-07-03,589,Sea,No Delay
ORD-02923,Customer 24,PLC,Plant C,Central,2026-03-18,2026-03-29,2026-03-26,2026-03-25,2026-03-27,387,Sea,No Delay
ORD-02924,Customer 01,Sensor,Plant A,North,2026-01-14,2026-02-06,2026-02-01,2026-01-31,2026-02-05,59,Sea,No Delay
ORD-02925,Customer 23,PLC,Plant A,Export,2026-01-04,2026-01-23,2026-01-19,2026-01-19,2026-01-23,982,Sea,No Delay
ORD-02926,Customer 15,Relay,Plant B,South,2026-06-14,2026-06-26,2026-06-22,2026-06-21,2026-06-25,984,Road,No Delay
ORD-02927,Customer 06,Power Supply,Plant B,Export,2026-03-28,2026-04-12,2026-04-09,2026-04-07,2026-04-10,226,Air,No Delay
ORD-02928,Customer 23,Breaker,Plant A,North,2026-06-24,2026-07-06,2026-07-01,2026-07-01,2026-07-07,718,Road,Documentation Issue
ORD-02929,Customer 06,Switchgear,Plant C,South,2026-06-14,2026-06-22,2026-06-20,2026-06-18,2026-06-21,1042,Road,No Delay
ORD-02930,Customer 20,Breaker,Plant A,Export,2026-03-15,2026-04-03,2026-03-30,2026-03-30,2026-04-03,239,Sea,No Delay
ORD-02931,Customer 11,Switchgear,Plant C,North,2026-06-03,2026-06-11,2026-06-09,2026-06-15,2026-06-18,599,Road,Carrier Delay
ORD-02932,Customer 23,Power Supply,Plant C,South,2026-01-22,2026-01-29,2026-01-25,2026-01-23,2026-01-26,1234,Road,No Delay
ORD-02933,Customer 13,Sensor,Plant B,South,2026-01-12,2026-01-17,2026-01-14,2026-01-12,2026-01-15,440,Road,No Delay
ORD-02934,Customer 15,Relay,Plant A,Export,2026-05-25,2026-06-12,2026-06-07,2026-06-05,2026-06-09,825,Sea,No Delay
ORD-02935,Customer 30,Drive,Plant C,Export,2026-05-09,2026-05-21,2026-05-18,2026-05-18,2026-05-22,227,Road,Documentation Issue
ORD-02936,Customer 29,Breaker,Plant C,Export,2026-06-04,2026-06-15,2026-06-13,2026-06-12,2026-06-20,443,Sea,Material Shortage
ORD-02937,Customer 10,Power Supply,Plant B,Export,2026-02-05,2026-02-20,2026-02-15,2026-02-14,2026-02-19,256,Air,No Delay
ORD-02938,Customer 26,Power Supply,Plant C,Central,2026-02-12,2026-03-06,2026-03-03,2026-03-03,2026-03-06,461,Road,No Delay
ORD-02939,Customer 11,Sensor,Plant C,Export,2026-03-15,2026-04-01,2026-03-29,2026-03-29,2026-04-02,421,Air,Material Shortage
ORD-02940,Customer 26,Switchgear,Plant B,Export,2026-01-31,2026-02-19,2026-02-16,2026-02-15,2026-02-19,745,Sea,No Delay
ORD-02941,Customer 21,PLC,Plant C,Central,2026-05-25,2026-06-10,2026-06-05,2026-06-04,2026-06-08,926,Sea,No Delay
ORD-02942,Customer 05,Contactor,Plant A,Central,2026-03-22,2026-03-31,2026-03-29,2026-03-28,2026-03-31,386,Road,No Delay
ORD-02943,Customer 05,PLC,Plant B,Export,2026-03-25,2026-04-01,2026-03-29,2026-03-28,2026-03-31,856,Road,No Delay
ORD-02944,Customer 20,Switchgear,Plant A,North,2026-03-11,2026-03-18,2026-03-15,2026-03-14,2026-03-17,461,Air,No Delay
ORD-02945,Customer 12,Relay,Plant B,Central,2026-02-09,2026-02-19,2026-02-14,2026-02-12,2026-02-18,1251,Road,No Delay
ORD-02946,Customer 18,Sensor,Plant A,Export,2026-02-12,2026-03-08,2026-03-05,2026-03-05,2026-03-09,895,Sea,Production Delay
ORD-02947,Customer 22,Sensor,Plant B,Export,2026-06-15,2026-07-08,2026-07-05,2026-07-03,2026-07-07,947,Sea,No Delay
ORD-02948,Customer 14,Power Supply,Plant B,South,2026-06-09,2026-06-14,2026-06-13,2026-06-12,2026-06-13,1418,Sea,No Delay
ORD-02949,Customer 17,Relay,Plant C,South,2026-02-26,2026-03-16,2026-03-15,2026-03-15,2026-03-16,43,Sea,No Delay
ORD-02950,Customer 26,Relay,Plant B,Export,2026-03-25,2026-04-09,2026-04-04,2026-04-04,2026-04-09,1168,Road,No Delay
ORD-02951,Customer 10,Power Supply,Plant C,Central,2026-02-23,2026-03-04,2026-03-01,2026-02-27,2026-03-02,979,Road,No Delay
ORD-02952,Customer 29,Power Supply,Plant B,Export,2026-06-24,2026-07-07,2026-07-03,2026-07-03,2026-07-07,225,Road,No Delay
ORD-02953,Customer 13,Power Supply,Plant A,Export,2026-04-01,2026-04-09,2026-04-06,2026-04-06,2026-04-08,1074,Sea,No Delay
ORD-02954,Customer 29,Breaker,Plant A,South,2026-05-14,2026-06-03,2026-05-29,2026-06-03,2026-06-09,180,Sea,Carrier Delay
ORD-02955,Customer 28,PLC,Plant C,Central,2026-04-20,2026-05-14,2026-05-11,2026-05-09,2026-05-12,217,Sea,No Delay
ORD-02956,Customer 19,Contactor,Plant A,Central,2026-03-05,2026-03-27,2026-03-26,2026-03-26,2026-03-27,1021,Air,No Delay
ORD-02957,Customer 26,Breaker,Plant A,Export,2026-06-04,2026-06-16,2026-06-11,2026-06-09,2026-06-14,450,Road,No Delay
ORD-02958,Customer 12,Relay,Plant A,North,2026-05-09,2026-05-25,2026-05-23,2026-05-23,2026-05-25,409,Road,No Delay
ORD-02959,Customer 03,Relay,Plant B,North,2026-04-12,2026-05-07,2026-05-05,2026-05-04,2026-05-07,385,Road,No Delay
ORD-02960,Customer 06,Drive,Plant C,North,2026-02-01,2026-02-23,2026-02-18,2026-02-17,2026-02-21,511,Road,No Delay
ORD-02961,Customer 23,Contactor,Plant C,North,2026-06-19,2026-07-08,2026-07-04,2026-07-03,2026-07-06,958,Air,No Delay
ORD-02962,Customer 26,Switchgear,Plant A,South,2026-03-29,2026-04-09,2026-04-07,2026-04-06,2026-04-08,158,Air,No Delay
ORD-02963,Customer 02,Switchgear,Plant A,Central,2026-03-14,2026-04-03,2026-03-31,2026-03-29,2026-04-01,998,Road,No Delay
ORD-02964,Customer 24,Breaker,Plant C,Central,2026-05-17,2026-05-27,2026-05-26,2026-05-24,2026-05-26,589,Sea,No Delay
ORD-02965,Customer 22,Breaker,Plant A,South,2026-05-26,2026-06-20,2026-06-19,2026-06-17,2026-06-18,1239,Sea,No Delay
ORD-02966,Customer 25,Drive,Plant A,Export,2026-02-24,2026-03-06,2026-03-03,2026-03-03,2026-03-06,797,Road,No Delay
ORD-02967,Customer 15,Drive,Plant C,South,2026-04-03,2026-04-12,2026-04-11,2026-04-09,2026-04-10,349,Sea,No Delay
ORD-02968,Customer 17,Contactor,Plant A,Export,2026-02-25,2026-03-07,2026-03-03,2026-03-01,2026-03-04,969,Sea,No Delay
ORD-02969,Customer 07,Power Supply,Plant B,Central,2026-05-18,2026-06-05,2026-06-03,2026-06-01,2026-06-03,895,Air,No Delay
ORD-02970,Customer 26,Drive,Plant A,North,2026-03-01,2026-03-06,2026-03-04,2026-03-04,2026-03-05,589,Sea,No Delay
ORD-02971,Customer 11,Breaker,Plant B,South,2026-01-04,2026-01-20,2026-01-18,2026-01-18,2026-01-19,664,Road,No Delay
ORD-02972,Customer 15,Breaker,Plant A,Export,2026-05-16,2026-05-29,2026-05-24,2026-05-24,2026-05-29,1042,Air,No Delay
ORD-02973,Customer 01,Switchgear,Plant B,South,2026-04-22,2026-05-11,2026-05-06,2026-05-06,2026-05-12,1361,Air,Production Delay
ORD-02974,Customer 06,Switchgear,Plant A,Export,2026-01-11,2026-01-26,2026-01-21,2026-01-20,2026-01-24,1323,Sea,No Delay
ORD-02975,Customer 18,PLC,Plant A,North,2026-04-24,2026-05-06,2026-05-04,2026-05-04,2026-05-05,749,Road,No Delay
ORD-02976,Customer 28,Power Supply,Plant C,North,2026-01-24,2026-02-03,2026-02-02,2026-02-01,2026-02-02,159,Sea,No Delay
ORD-02977,Customer 03,Switchgear,Plant C,South,2026-06-02,2026-06-08,2026-06-05,2026-06-04,2026-06-07,982,Road,No Delay
ORD-02978,Customer 30,Power Supply,Plant A,North,2026-01-23,2026-02-11,2026-02-10,2026-02-09,2026-02-10,344,Air,No Delay
ORD-02979,Customer 18,Contactor,Plant C,North,2026-01-15,2026-02-03,2026-01-29,2026-01-29,2026-02-04,264,Road,Production Delay
ORD-02980,Customer 29,Contactor,Plant C,South,2026-03-12,2026-03-27,2026-03-23,2026-03-23,2026-03-27,274,Air,No Delay
ORD-02981,Customer 10,Drive,Plant A,Export,2026-05-25,2026-06-11,2026-06-10,2026-06-08,2026-06-09,965,Road,No Delay
ORD-02982,Customer 17,Relay,Plant B,Export,2026-02-03,2026-02-12,2026-02-10,2026-02-09,2026-02-11,1355,Road,No Delay
ORD-02983,Customer 19,Switchgear,Plant A,South,2026-03-24,2026-04-04,2026-04-02,2026-04-01,2026-04-04,1461,Sea,No Delay
ORD-02984,Customer 11,Switchgear,Plant C,North,2026-05-08,2026-05-18,2026-05-14,2026-05-14,2026-05-18,344,Sea,No Delay
ORD-02985,Customer 20,Sensor,Plant B,South,2026-03-07,2026-03-12,2026-03-07,2026-03-07,2026-03-12,1103,Air,No Delay
ORD-02986,Customer 13,Drive,Plant A,Central,2026-03-10,2026-03-19,2026-03-15,2026-03-15,2026-03-19,1244,Road,No Delay
ORD-02987,Customer 11,PLC,Plant A,South,2026-05-22,2026-06-13,2026-06-09,2026-06-08,2026-06-12,16,Air,No Delay
ORD-02988,Customer 25,Breaker,Plant A,South,2026-06-11,2026-06-21,2026-06-20,2026-06-19,2026-06-20,1425,Road,No Delay
ORD-02989,Customer 14,PLC,Plant B,Central,2026-01-24,2026-02-09,2026-02-05,2026-02-04,2026-02-08,1091,Sea,No Delay
ORD-02990,Customer 12,Drive,Plant C,North,2026-04-18,2026-04-28,2026-04-26,2026-04-25,2026-04-27,1346,Air,No Delay
ORD-02991,Customer 09,Sensor,Plant B,South,2026-02-22,2026-03-07,2026-03-04,2026-03-02,2026-03-04,989,Sea,No Delay
ORD-02992,Customer 25,Sensor,Plant B,Central,2026-03-15,2026-03-25,2026-03-24,2026-03-24,2026-03-25,1045,Road,No Delay
ORD-02993,Customer 21,Relay,Plant B,Export,2026-04-04,2026-04-11,2026-04-09,2026-04-07,2026-04-09,600,Road,No Delay
ORD-02994,Customer 07,Switchgear,Plant B,North,2026-05-31,2026-06-24,2026-06-19,2026-06-22,2026-06-27,747,Road,Carrier Delay
ORD-02995,Customer 21,Contactor,Plant C,Central,2026-01-01,2026-01-07,2026-01-03,2026-01-01,2026-01-05,579,Air,No Delay
ORD-02996,Customer 07,Contactor,Plant A,North,2026-05-26,2026-06-05,2026-06-03,2026-06-02,2026-06-04,297,Air,No Delay
ORD-02997,Customer 24,Breaker,Plant C,North,2026-04-14,2026-04-28,2026-04-26,2026-04-26,2026-04-28,560,Sea,No Delay
ORD-02998,Customer 13,Power Supply,Plant A,Export,2026-04-17,2026-04-22,2026-04-18,2026-04-18,2026-04-21,643,Sea,No Delay
ORD-02999,Customer 14,Contactor,Plant B,Export,2026-01-27,2026-02-05,2026-02-04,2026-02-03,2026-02-04,181,Air,No Delay
ORD-03000,Customer 07,Contactor,Plant B,North,2026-05-29,2026-06-03,2026-06-02,2026-05-31,2026-06-01,13,Air,No Delay
